Project ID;Ano;Aposentados;Emitidos (data de emissão);Emitidos (data de redução/remoção)
ACR0103;2005;66,0;13848,0;4409,0
ACR0107;2008;127,0;1138,0;128,0
ACR0113;2006;60,0;29269,0;119996,0
ACR0113;2007;1158,0;495293,0;127178,0
ACR0113;2008;2155,0;124400,0;122579,0
ACR0114;2011;3,0;42898,0;16608,0
ACR0114;2012;2843,0;16608,0;369621,0
ACR0114;2013;268,0;254496,0;477297,0
ACR0114;2014;44780,0;115125,0;182626,0
ACR0114;2015;33825,0;659923,0;1054928,0
ACR0114;2017;226398,0;1054928,0;1107890,0
ACR0114;2018;330063,0;1273866,0;307508,0
ACR0114;2020;1139192,0;1670155,0;1179164,0
ACR0114;2021;346341,0;1179164,0;804970,0
ACR0117;2008;625000,0;3024628,0;370975,0
ACR0119;2006;3687,0;196000,0;172771,0
ACR0119;2007;9048,0;256166,0;156075,0
ACR0119;2008;76170,0;133882,0;122404,0
ACR0119;2009;52000,0;113649,0;108593,0
ACR0119;2010;27564,0;115244,0;128923,0
ACR0119;2011;5732,0;109946,0;40121,0
ACR0120;2007;172828,0;892710,0;653281,0
ACR0121;2007;200000,0;2231178,0;504139,0
ACR0121;2008;206500,0;635337,0;509831,0
ACR0126;2012;5000,0;409787,0;502389,0
ACR0126;2013;14100,0;464652,0;639196,0
ACR0126;2014;59798,0;346334,0;278098,0
ACR0126;2015;228791,0;419029,0;470530,0
ACR0163;2005;303,0;1000,0;3266,0
ACR0163;2006;2290,0;3792,0;61164,0
ACR0163;2007;39566,0;110583,0;49419,0
ACR0182;2014;82297,0;86628,0;8121,0
ACR0182;2021;27150,0;27668,0;6975,0
ACR0188;2015;22241,0;6934,0;6945,0
ACR0189;2014;219084,0;219084,0;5805,0
ACR0189;2017;12267,0;12401,0;6281,0
ACR0189;2020;11850,0;10837,0;6055,0
ACR0190;2017;53433,0;23610,0;24835,0
ACR0190;2020;51752,0;50217,0;29681,0
ACR0193;2014;69554,0;84418,0;84418,0
ACR0195;2014;122080,0;122080,0;122080,0
ACR0199;2014;816044,0;1165601,0;1165601,0
ACR0199;2022;400000,0;460685,0;138123,0
ACR0200;2020;10176,0;29904,0;10176,0
ACR0200;2023;770,0;8032,0;8940,0
ACR0200;2024;51746,0;8940,0;8540,0
ACR0202;2017;731728,0;38113,0;68490,0
ACR0204;2014;148118,0;168870,0;38639,0
ACR0207;2014;170321,0;208005,0;59123,0
ACR0211;2017;3011454,0;247605,0;71757,0
ACR0211;2020;294115,0;148272,0;13088,0
ACR0212;2019;147908,0;545078,0;326425,0
ACR0212;2020;228556,0;663903,0;210375,0
ACR0221;2014;112378,0;112378,0;112378,0
ACR0222;2018;1919,0;37238,0;16244,0
ACR0222;2021;12251,0;84280,0;10893,0
ACR0223;2019;121027,0;147243,0;38078,0
ACR0223;2022;10670,0;18844,0;17171,0
ACR0226;2017;741923,0;271395,0;269823,0
ACR0226;2020;298395,0;127576,0;105538,0
ACR0232;2017;43254,0;50088,0;55174,0
ACR0232;2020;229654,0;59299,0;37114,0
ACR0233;2017;61080,0;54602,0;55058,0
ACR0234;2017;27169,0;14787,0;14054,0
ACR0234;2020;40727,0;10809,0;16323,0
ACR0235;2017;6904,0;14985,0;7020,0
ACR0235;2020;14297,0;6216,0;5107,0
ACR0238;2017;17350,0;32509,0;14212,0
ACR0238;2020;40545,0;15442,0;14662,0
ACR0239;2017;8746,0;8392,0;8424,0
ACR0241;2017;14179,0;14760,0;13612,0
ACR0241;2020;20121,0;11149,0;10957,0
ACR0242;2020;335,0;43213,0;40242,0
ACR0242;2022;25000,0;47616,0;35423,0
ACR0247;2020;630062,0;630062,0;1163,0
ACR0248;2023;192000,0;331424,0;137459,0
ACR0249;2017;3663126,0;3615158,0;74938,0
ACR0249;2020;337614,0;331306,0;59275,0
ACR0255;2017;4553727,0;12163578,0;172632,0
ACR0256;2020;102773,0;24082,0;11222,0
ACR0257;2020;180282,0;180282,0;2389,0
ACR0259;2017;18254,0;11533,0;6721,0
ACR0259;2020;19523,0;8029,0;9205,0
ACR0259;2024;15152,0;12401,0;7908,0
ACR0265;2017;147442,0;199588,0;18762,0
ACR0265;2020;62387,0;17192,0;18351,0
ACR0265;2021;2500,0;18351,0;19587,0
ACR0266;2017;266561,0;440786,0;302260,0
ACR0266;2020;307069,0;22175,0;19910,0
ACR0266;2023;1,0;12032,0;19056,0
ACR0267;2020;406648,0;189132,0;86201,0
ACR0267;2022;92767,0;108814,0;130295,0
ACR0268;2020;2166008,0;797716,0;701479,0
ACR0268;2022;1870,0;675257,0;634079,0
ACR0268;2023;57879,0;634079,0;3231263,0
ACR0269;2020;1127815,0;343165,0;343195,0
ACR0269;2022;22516,0;355488,0;6927,0
ACR0269;2023;2566,0;6927,0;11353,0
ACR0272;2020;124443,0;113496,0;113496,0
ACR0273;2020;50000,0;223360,0;156498,0
ACR0274;2021;233965,0;134036,0;122623,0
ACR0274;2022;208167,0;122623,0;207883,0
ACR0274;2023;120000,0;207883,0;119544,0
ACR0274;2024;107590,0;119544,0;204023,0
ACR0276;2020;206453,0;78690,0;11337,0
ACR0276;2022;3622,0;71204,0;73429,0
ACR0276;2023;75990,0;73429,0;38493,0
ACR0279;2020;429101,0;82610,0;40938,0
ACR0279;2021;15000,0;40938,0;41944,0
ACR0280;2020;539360,0;110450,0;17991,0
ACR0280;2022;15411,0;64031,0;40056,0
ACR0280;2023;27380,0;40056,0;81653,0
ACR0282;2017;620072,0;436608,0;183464,0
ACR0282;2022;30000,0;95203,0;103097,0
ACR0282;2023;80000,0;103097,0;93564,0
ACR0283;2017;65291,0;36380,0;29410,0
ACR0284;2020;62228,0;33788,0;16894,0
ACR0284;2024;28713,0;9284,0;4642,0
ACR0287;2020;368227,0;35335,0;35335,0
ACR0292;2017;94711,0;94711,0;2335,0
ACR0313;2017;21886,0;15385,0;14815,0
ACR0313;2020;30880,0;15533,0;15646,0
ACR0313;2023;19105,0;19105,0;19520,0
ACR0313;2024;64458,0;19520,0;9150,0
ACR0322;2017;10926,0;10926,0;10926,0
ACR0323;2017;20009,0;20009,0;20009,0
ACR0324;2020;3243245,0;329350,0;293430,0
ACR0324;2021;239,0;357365,0;356266,0
ACR0349;2017;26127,0;19666,0;24220,0
ACR0349;2020;29146,0;22981,0;11508,0
ACR0353;2017;7737,0;7781,0;7781,0
ACR0355;2017;8240,0;8240,0;8240,0
ACR0357;2017;61737,0;84131,0;84131,0
ACR0358;2017;60749,0;60749,0;60749,0
ACR0360;2020;6930256,0;541553,0;287456,0
ACR0367;2017;19482,0;230848,0;230848,0
ACR0367;2020;260829,0;94217,0;94217,0
ACR0367;2021;229,0;75723,0;75723,0
ACR0367;2024;316814,0;54293,0;58544,0
ACR0368;2019;13835,0;23815,0;24097,0
ACR0368;2020;19752,0;24185,0;21639,0
ACR0368;2021;7966,0;24217,0;16399,0
ACR0370;2017;121455,0;121455,0;121455,0
ACR0371;2020;214806,0;20834,0;7628,0
ACR0373;2020;101592,0;65878,0;19948,0
ACR0374;2018;25000,0;101502,0;148572,0
ACR0375;2019;61103,0;46175,0;82862,0
ACR0375;2020;69575,0;46175,0;49577,0
ACR0375;2021;26336,0;50457,0;34431,0
ACR0376;2019;3122,0;245235,0;147825,0
ACR0376;2021;45033,0;293012,0;150382,0
ACR0379;2017;42955,0;120918,0;120918,0
ACR0382;2022;38681,0;49875,0;40956,0
ACR0382;2024;49875,0;57748,0;43989,0
ACR0383;2017;138972,0;138972,0;138972,0
ACR0385;2017;26676,0;138331,0;138331,0
ACR0386;2019;423,0;48096,0;52409,0
ACR0386;2020;24411,0;52600,0;52520,0
ACR0386;2021;31603,0;52401,0;38088,0
ACR0386;2022;66887,0;76567,0;11873,0
ACR0388;2020;353503,0;181946,0;133327,0
ACR0389;2020;88515,0;353785,0;35257,0
ACR0390;2020;12543,0;13996,0;16643,0
ACR0394;2020;15438,0;15468,0;8516,0
ACR0395;2020;733874,0;826273,0;10606,0
ACR0398;2019;26390,0;153475,0;308128,0
ACR0398;2020;97105,0;154770,0;155288,0
ACR0398;2021;38425,0;155038,0;121525,0
ACR0398;2022;127050,0;155714,0;5363,0
ACR0403;2020;83996,0;11021,0;13071,0
ACR0403;2024;37385,0;13140,0;8731,0
ACR0403;2025;17825,0;8731,0;11585,0
ACR0407;2022;1289,0;244391,0;244391,0
ACR0407;2023;1250,0;255190,0;255190,0
ACR0407;2024;1023753,0;237504,0;237504,0
ACR0411;2019;36604,0;36604,0;50086,0
ACR0411;2022;62370,0;119923,0;65753,0
ACR0411;2024;65753,0;65753,0;10433,0
ACR0416;2020;1951806,0;2683458,0;379472,0
ACR0416;2021;288,0;578954,0;199482,0
ACR0418;2020;5702,0;10442,0;10442,0
ACR0424;2019;21500,0;33831,0;29853,0
ACR0424;2020;20285,0;33410,0;39228,0
ACR0424;2021;12456,0;39228,0;39309,0
ACR0424;2022;3358,0;39228,0;35668,0
ACR0424;2023;11167,0;39228,0;18984,0
ACR0425;2020;117686,0;368959,0;25235,0
ACR0427;2020;742485,0;1020684,0;128390,0
ACR0427;2022;28390,0;119647,0;139987,0
ACR0437;2020;159820,0;5147001,0;1030824,0
ACR0439;2021;712,0;564282,0;31498,0
ACR0441;2020;51608,0;76574,0;80296,0
ACR0441;2021;23874,0;80086,0;76916,0
ACR0458;2020;310849,0;304810,0;19547,0
ACR0459;2020;63766,0;84546,0;85392,0
ACR0459;2021;52447,0;170927,0;85922,0
ACR0459;2023;52636,0;86151,0;54592,0
ACR0470;2024;58539,0;6917,0;6928,0
ACR0493;2020;34327,0;36033,0;65942,0
ACR0493;2023;4476,0;79813,0;89244,0
ACR0493;2024;113744,0;89244,0;79369,0
ACR0499;2020;110563,0;150215,0;163231,0
ACR0499;2021;162133,0;173810,0;154044,0
ACR0499;2022;40166,0;145951,0;164162,0
ACR0499;2023;196068,0;166902,0;159808,0
ACR0505;2022;10000,0;49066,0;24939,0
ACR0505;2023;6619,0;24813,0;18873,0
ACR0505;2024;20000,0;25033,0;10516,0
ACR0505;2025;11000,0;14315,0;3266,0
ACR0506;2023;16466,0;346224,0;83915,0
ACR0506;2025;19418,0;112991,0;15457,0
ACR0518;2021;66480,0;49926,0;48521,0
ACR0518;2022;26440,0;49397,0;40563,0
ACR0519;2021;1800,0;53556,0;57425,0
ACR0519;2022;31200,0;61575,0;58492,0
ACR0519;2023;18765,0;58347,0;58546,0
ACR0519;2024;33736,0;58623,0;27485,0
ACR0533;2020;70062,0;81042,0;81042,0
ACR0534;2021;97604,0;98604,0;99706,0
ACR0534;2022;67294,0;99050,0;100120,0
ACR0534;2023;59686,0;99729,0;2469,0
ACR0535;2020;39632,0;89632,0;89632,0
ACR0536;2020;89898,0;89898,0;89898,0
ACR0538;2020;14690,0;58481,0;58481,0
ACR0542;2024;44187,0;42947,0;16130,0
ACR0543;2020;5397,0;71885,0;71885,0
ACR0544;2022;32,0;53968,0;53968,0
ACR0544;2024;95276,0;56919,0;56919,0
ACR0546;2024;40944,0;43527,0;24652,0
ACR0554;2024;93396,0;19828,0;19828,0
ACR0558;2023;2963,0;200923,0;25168,0
ACR0560;2024;99056,0;236589,0;122991,0
ACR0562;2023;160000,0;215778,0;31029,0
ACR0562;2024;6272,0;27606,0;18329,0
ACR0566;2022;4844,0;103103,0;21165,0
ACR0569;2024;1788,0;50941,0;23653,0
ACR0572;2024;94831,0;30181,0;67054,0
ACR0574;2021;18944,0;18944,0;50520,0
ACR0574;2022;47551,0;54913,0;41964,0
ACR0574;2023;47362,0;41840,0;45401,0
ACR0574;2024;27241,0;45525,0;49675,0
ACR0578;2024;82012,0;68914,0;220262,0
ACR0586;2022;22638,0;302408,0;137185,0
ACR0586;2023;29498,0;137185,0;110776,0
ACR0587;2022;1000,0;428360,0;246715,0
ACR0588;2022;63500,0;137875,0;83803,0
ACR0590;2022;41175,0;61730,0;38047,0
ACR0592;2022;15000,0;370088,0;243938,0
ACR0592;2023;123433,0;176276,0;226355,0
ACR0593;2023;1800,0;10096,0;10096,0
ACR0593;2024;611,0;13640,0;13640,0
ACR0594;2024;990,0;2019,0;1942,0
ACR0595;2022;4000,0;207730,0;162846,0
ACR0595;2023;6052,0;182467,0;95254,0
ACR0595;2024;9263,0;242241,0;13636,0
ACR0596;2022;31840,0;469231,0;418861,0
ACR0596;2023;36136,0;422642,0;123875,0
ACR0596;2024;247045,0;485455,0;11036,0
ACR0597;2021;729,0;3384,0;5704,0
ACR0607;2024;104787,0;51262,0;109696,0
ACR0609;2024;68421,0;54435,0;53060,0
ACR0610;2024;7351,0;31288,0;30703,0
ACR0614;2023;87,0;234502,0;186437,0
ACR0617;2023;1000,0;78711,0;18988,0
ACR0630;2024;66313,0;44401,0;70862,0
ACR0632;2023;2293,0;48460,0;11087,0
ACR0634;2022;16116,0;173717,0;49516,0
ACR0634;2023;47455,0;89980,0;48787,0
ACR0637;2022;9466,0;368277,0;128586,0
ACR0637;2023;50466,0;111078,0;145694,0
ACR0644;2024;88009,0;97223,0;71960,0
ACR0650;2023;362,0;29960,0;29960,0
ACR0650;2024;76026,0;35259,0;35259,0
ACR0651;2022;4946,0;16986,0;29277,0
ACR0651;2023;3952,0;29277,0;17950,0
ACR0651;2024;45202,0;17950,0;40664,0
ACR0669;2024;112158,0;49560,0;62542,0
ACR0674;2024;128592,0;32075,0;22981,0
ACR0675;2022;1025,0;64387,0;65587,0
ACR0675;2023;178,0;65587,0;66930,0
ACR0675;2024;61826,0;66930,0;87803,0
ACR0694;2024;24947,0;10202,0;11103,0
ACR0701;2023;5617,0;720990,0;741377,0
ACR0701;2024;54917,0;747430,0;449828,0
ACR0705;2024;12000,0;267373,0;207107,0
ACR0716;2024;28485,0;175467,0;94398,0
ACR0721;2023;31754,0;31754,0;35404,0
ACR0721;2024;50245,0;50245,0;54245,0
ACR0729;2023;22456,0;16804,0;39434,0
ACR0732;2023;31248,0;31248,0;35774,0
ACR0733;2023;4878,0;59532,0;68044,0
ACR0735;2025;700,0;70815,0;18549,0
ACR0736;2022;8692,0;27748,0;31818,0
ACR0741;2025;164,0;40141,0;41121,0
ACR0743;2024;15841,0;8807,0;8807,0
ACR0751;2024;187216,0;372735,0;372735,0
ACR0752;2024;71539,0;39057,0;36038,0
ACR0758;2022;17067,0;20952,0;24294,0
ACR0762;2022;601,0;114791,0;114791,0
ACR0771;2024;42693,0;53297,0;53297,0
ACR0782;2024;61645,0;378622,0;104949,0
ACR0783;2024;33727,0;597902,0;152080,0
ACR0790;2024;88486,0;92190,0;22556,0
ACR0799;2022;3820,0;61861,0;61861,0
ACR0800;2024;37712,0;20777,0;25279,0
ACR0806;2024;102417,0;57293,0;74391,0
ACR0807;2024;91787,0;120166,0;54307,0
ACR0808;2024;85699,0;112376,0;40053,0
ACR0811;2024;46286,0;134887,0;121261,0
ACR0814;2023;13206,0;192244,0;113973,0
ACR0826;2023;27101,0;132823,0;132823,0
ACR0839;2023;23364,0;193364,0;193364,0
ACR0841;2024;118003,0;179435,0;179435,0
ACR0842;2024;2182,0;72468,0;72468,0
ACR0844;2023;37051,0;192051,0;192051,0
ACR0845;2024;31128,0;68393,0;64444,0
ACR0849;2023;15943,0;15943,0;15943,0
ACR0851;2025;91001,0;697611,0;91834,0
ACR0852;2025;86912,0;320017,0;39401,0
ACR0865;2025;85408,0;931747,0;122252,0
ACR0866;2024;57,0;680517,0;670689,0
ACR0872;2023;647,0;86994,0;86994,0
ACR0873;2024;10782,0;158548,0;156604,0
ACR0873;2025;14634,0;179825,0;72271,0
ACR0875;2023;10878,0;67967,0;67967,0
ACR0879;2025;3024,0;197727,0;126984,0
ACR0885;2025;48528,0;355305,0;14524,0
ACR0889;2024;500,0;71037,0;71037,0
ACR0893;2024;4175,0;40402,0;40402,0
ACR0895;2024;39414,0;39414,0;113969,0
ACR0899;2024;27306,0;52625,0;87294,0
ACR0908;2024;264653,0;264861,0;91778,0
ACR0915;2024;60278,0;813632,0;813632,0
ACR0923;2024;440,0;228572,0;13062,0
ACR0959;2025;8852,0;92956,0;92956,0
ACR1007;2024;79565,0;79565,0;79565,0
ACR1021;2024;3720,0;454639,0;218739,0
ACR1040;2024;42649,0;130298,0;130298,0
ACR1043;2025;95208,0;271319,0;271319,0
ACR1092;2025;5677,0;15664,0;1454,0
ACR1108;2025;21147,0;183975,0;131622,0
ACR1117;2025;31790,0;133280,0;133280,0
ACR1124;2025;4365,0;198196,0;198196,0
ACR1129;2025;4750,0;261826,0;261826,0
ACR1148;2025;23337,0;38309,0;38309,0
ACR1172;2025;1663,0;48686,0;36972,0
ACR1194;2025;12087,0;161385,0;161385,0
CAR101;2009;668,0;6752,0;41273,0
CAR101;2010;3230,0;170,0;18851,0
CAR101;2014;8611,0;7518,0;21403,0
CAR102;2008;161,0;281670,0;228839,0
CAR102;2009;142689,0;176102,0;151662,0
CAR102;2010;65829,0;99798,0;475532,0
CAR102;2011;112496,0;354305,0;30854,0
CAR102;2012;162376,0;10583,0;123755,0
CAR102;2013;68368,0;104211,0;212340,0
CAR102;2014;52507,0;212259,0;211630,0
CAR398;2010;1160,0;245506,0;156457,0
CAR398;2011;3840,0;138896,0;34930,0
CAR398;2025;76694,0;256003,0;134130,0
CAR400;2011;111036,0;77458,0;138699,0
CAR400;2012;70000,0;138699,0;136521,0
CAR400;2013;22000,0;136521,0;140053,0
CAR400;2014;128385,0;140053,0;153858,0
CAR400;2015;58551,0;228484,0;74626,0
CAR400;2021;8100,0;198757,0;211183,0
CAR400;2022;3660,0;211183,0;212352,0
CAR400;2023;18640,0;212352,0;218257,0
CAR400;2024;274526,0;260983,0;42726,0
CAR402;2011;2316,0;17809,0;33024,0
CAR402;2014;31657,0;3359,0;29527,0
CAR403;2011;36097,0;71968,0;71792,0
CAR403;2022;49488,0;49488,0;29455,0
CAR403;2023;28499,0;28499,0;47946,0
CAR403;2024;77401,0;77401,0;65612,0
CAR406;2013;2,0;29480,0;33031,0
CAR406;2015;67451,0;34420,0;47517,0
CAR406;2016;47517,0;47517,0;36593,0
CAR406;2018;120781,0;54708,0;48719,0
CAR406;2019;52772,0;48719,0;47365,0
CAR406;2020;47365,0;47365,0;40967,0
CAR406;2021;40967,0;40967,0;48724,0
CAR406;2022;48724,0;48724,0;42592,0
CAR406;2023;42592,0;42592,0;37920,0
CAR406;2024;37920,0;37920,0;43952,0
CAR408;2009;634,0;212953,0;306289,0
CAR408;2010;200194,0;295000,0;235089,0
CAR408;2011;251685,0;234000,0;217691,0
CAR408;2012;102434,0;109194,0;662574,0
CAR408;2013;137156,0;157824,0;182536,0
CAR408;2014;109797,0;195123,0;213783,0
CAR409;2011;183449,0;106638,0;82137,0
CAR409;2012;97858,0;62742,0;84156,0
CAR409;2013;12042,0;42973,0;78705,0
CAR409;2014;163274,0;78705,0;78234,0
CAR409;2015;37302,0;78234,0;66642,0
CAR409;2016;36235,0;66642,0;54112,0
CAR411;2011;12207,0;11063,0;25655,0
CAR411;2013;33649,0;19111,0;16446,0
CAR411;2014;43908,0;16446,0;13694,0
CAR411;2015;15954,0;13694,0;11284,0
CAR412;2012;754,0;15316,0;4565,0
CAR416;2011;7559,0;7559,0;11462,0
CAR416;2012;10593,0;10593,0;13107,0
CAR416;2013;13465,0;13465,0;13064,0
CAR416;2014;12897,0;12897,0;14468,0
CAR416;2015;14347,0;14347,0;11998,0
CAR416;2016;24523,0;24523,0;11526,0
CAR416;2018;7801,0;7801,0;15883,0
CAR416;2019;16655,0;16655,0;14643,0
CAR416;2020;13882,0;13882,0;8263,0
CAR418;2009;1150,0;1236,0;11158,0
CAR418;2011;2515,0;3771,0;20567,0
CAR418;2012;1500,0;3739,0;19286,0
CAR418;2013;500,0;2302,0;18649,0
CAR419;2009;1088,0;1088,0;2262,0
CAR419;2011;2584,0;4584,0;13486,0
CAR422;2010;1334,0;40713,0;44473,0
CAR422;2012;2515,0;43487,0;42775,0
CAR422;2014;43085,0;85936,0;43498,0
CAR422;2015;86288,0;32791,0;45566,0
CAR422;2016;45566,0;45566,0;43396,0
CAR422;2017;17934,0;43396,0;42950,0
CAR422;2021;79899,0;123355,0;77442,0
CAR422;2022;176739,0;74141,0;75811,0
CAR422;2023;63378,0;81462,0;45731,0
CAR422;2024;77532,0;54319,0;27162,0
CAR422;2025;707,0;29618,0;12742,0
CAR423;2010;31359,0;26053,0;31186,0
CAR423;2012;34046,0;23650,0;22284,0
CAR423;2013;45335,0;21685,0;20214,0
CAR423;2015;37910,0;37910,0;19340,0
CAR426;2009;2019,0;12019,0;19456,0
CAR426;2010;2700,0;19456,0;11798,0
CAR426;2011;13035,0;11798,0;28772,0
CAR429;2019;4056,0;163012,0;10864,0
CAR432;2011;18066,0;66977,0;27039,0
CAR432;2013;44900,0;24900,0;22028,0
CAR432;2014;20405,0;41290,0;20315,0
CAR432;2016;20239,0;20239,0;18678,0
CAR432;2017;16236,0;16236,0;17741,0
CAR432;2018;18302,0;18302,0;15808,0
CAR432;2019;18718,0;26791,0;679,0
CAR434;2009;2152,0;12463,0;36585,0
CAR434;2010;2708,0;36585,0;44982,0
CAR434;2011;68083,0;44982,0;43337,0
CAR434;2012;3414,0;43337,0;49586,0
CAR434;2013;33030,0;49586,0;49814,0
CAR434;2014;91569,0;49814,0;48915,0
CAR434;2015;32027,0;59912,0;10997,0
CAR435;2009;23387,0;23387,0;54442,0
CAR435;2010;57967,0;57967,0;81444,0
CAR435;2011;86940,0;86940,0;80405,0
CAR435;2012;96459,0;96459,0;120032,0
CAR435;2013;119912,0;119912,0;127479,0
CAR435;2014;85349,0;85349,0;128811,0
CAR435;2015;128811,0;128811,0;119218,0
CAR435;2017;220552,0;101334,0;107705,0
CAR435;2018;107705,0;107705,0;91420,0
CAR436;2009;12049,0;12049,0;37088,0
CAR436;2010;53855,0;53855,0;72668,0
CAR436;2011;69356,0;69356,0;58022,0
CAR436;2012;51866,0;51866,0;45911,0
CAR436;2013;53980,0;53980,0;75805,0
CAR436;2014;51672,0;51672,0;50109,0
CAR436;2015;50109,0;50109,0;35937,0
CAR436;2017;64838,0;28901,0;34126,0
CAR436;2019;34126,0;32050,0;55869,0
CAR436;2020;98445,0;66395,0;39232,0
CAR436;2021;39232,0;39232,0;61627,0
CAR436;2022;17627,0;61627,0;74990,0
CAR436;2023;93500,0;74990,0;72019,0
CAR436;2024;72019,0;72019,0;86699,0
CAR439;2011;14880,0;34163,0;110283,0
CAR439;2012;53936,0;106831,0;4843,0
CAR441;2013;60017,0;26118,0;24431,0
CAR441;2014;16199,0;24431,0;23219,0
CAR443;2015;418990,0;151452,0;86909,0
CAR443;2016;65000,0;86909,0;93117,0
CAR443;2017;65993,0;93117,0;92482,0
CAR443;2018;49014,0;92482,0;54046,0
CAR443;2023;260810,0;138389,0;142978,0
CAR443;2024;141889,0;141090,0;186679,0
CAR444;2011;1598,0;43436,0;48163,0
CAR444;2013;9159,0;49419,0;47094,0
CAR444;2014;87288,0;47094,0;52412,0
CAR444;2018;879,0;80550,0;86433,0
CAR444;2019;10459,0;158080,0;88011,0
CAR444;2020;162539,0;85846,0;67919,0
CAR444;2021;37040,0;59296,0;78217,0
CAR444;2022;83460,0;88350,0;80848,0
CAR444;2024;54217,0;128081,0;57888,0
CAR445;2015;17825,0;44705,0;46635,0
CAR449;2014;64358,0;51519,0;29357,0
CAR450;2014;54920,0;24463,0;20243,0
CAR452;2010;79548,0;79548,0;62414,0
CAR452;2011;62414,0;62414,0;61916,0
CAR452;2012;61916,0;61916,0;56595,0
CAR452;2013;56595,0;56595,0;68155,0
CAR452;2014;68155,0;68155,0;71200,0
CAR452;2015;78629,0;78629,0;7429,0
CAR455;2009;5793,0;37466,0;36692,0
CAR455;2011;3200,0;33560,0;39572,0
CAR455;2012;1749,0;39572,0;44531,0
CAR455;2013;69380,0;44531,0;50436,0
CAR455;2016;28744,0;51597,0;56811,0
CAR455;2017;44545,0;51073,0;63102,0
CAR457;2012;45000,0;38106,0;37897,0
CAR457;2013;22000,0;37897,0;8663,0
CAR459;2011;32302,0;54968,0;57597,0
CAR462;2009;74600,0;74600,0;115047,0
CAR462;2010;70000,0;189610,0;169643,0
CAR462;2011;2385,0;95080,0;214469,0
CAR462;2012;130950,0;54500,0;197913,0
CAR463;2014;16608,0;26633,0;20726,0
CAR465;2011;7384,0;34144,0;22354,0
CAR465;2013;36,0;28396,0;16158,0
CAR465;2016;77155,0;28411,0;27711,0
CAR465;2017;56122,0;27711,0;20370,0
CAR465;2018;20370,0;20370,0;25864,0
CAR465;2019;25864,0;25864,0;21965,0
CAR465;2020;21599,0;21599,0;37577,0
CAR465;2021;37943,0;37943,0;27473,0
CAR465;2023;49073,0;49073,0;30825,0
CAR466;2013;74759,0;42391,0;44169,0
CAR466;2014;5000,0;43970,0;42058,0
CAR466;2015;19211,0;41671,0;41893,0
CAR466;2016;69584,0;43106,0;18883,0
CAR467;2012;6000,0;82399,0;84664,0
CAR467;2013;108845,0;71633,0;72921,0
CAR467;2015;121655,0;50260,0;60238,0
CAR468;2011;19624,0;38429,0;48597,0
CAR469;2012;10000,0;19754,0;11460,0
CAR473;2010;605,0;113945,0;69274,0
CAR473;2011;12996,0;69274,0;69871,0
CAR473;2019;72904,0;99403,0;93422,0
CAR473;2020;148573,0;93422,0;118197,0
CAR473;2021;168254,0;118197,0;139543,0
CAR473;2022;52110,0;139543,0;121374,0
CAR473;2023;12911,0;121374,0;114348,0
CAR473;2024;122413,0;152968,0;120522,0
CAR474;2014;24977,0;40954,0;11169,0
CAR475;2013;80000,0;84208,0;84303,0
CAR475;2014;365,0;79889,0;74089,0
CAR475;2015;76856,0;76867,0;71706,0
CAR475;2017;33510,0;175483,0;115983,0
CAR475;2018;231098,0;122699,0;121260,0
CAR475;2019;142140,0;78213,0;114092,0
CAR475;2020;31303,0;126266,0;110704,0
CAR475;2021;9289,0;110704,0;100693,0
CAR475;2022;248884,0;100693,0;115191,0
CAR475;2023;4765,0;115191,0;104701,0
CAR475;2024;30539,0;104701,0;98907,0
CAR476;2013;106700,0;195187,0;252685,0
CAR476;2014;23113,0;234714,0;225889,0
CAR476;2015;151805,0;241889,0;257506,0
CAR476;2016;39430,0;134324,0;181537,0
CAR477;2014;13850,0;15097,0;2280,0
CAR478;2014;77996,0;80053,0;64352,0
CAR479;2014;40219,0;37674,0;14733,0
CAR481;2011;99,0;115617,0;98735,0
CAR481;2013;42254,0;198508,0;116005,0
CAR486;2011;1319,0;11547,0;20625,0
CAR491;2011;12616,0;46549,0;39593,0
CAR491;2019;45815,0;54150,0;24901,0
CAR491;2020;34193,0;23710,0;51559,0
CAR491;2021;6798,0;52750,0;62208,0
CAR495;2012;21000,0;103262,0;83662,0
CAR495;2013;2991,0;67339,0;75303,0
CAR495;2014;8752,0;63277,0;73231,0
CAR495;2017;198,0;128926,0;44758,0
CAR495;2020;55026,0;46531,0;48407,0
CAR495;2021;21368,0;67395,0;58992,0
CAR495;2022;53421,0;58992,0;33881,0
CAR495;2024;43746,0;33881,0;9000,0
CAR496;2011;42880,0;42880,0;48978,0
CAR496;2012;48978,0;48978,0;46295,0
CAR497;2015;4188,0;402848,0;14795,0
CAR497;2016;14523,0;98265,0;15777,0
CAR497;2017;219088,0;15777,0;10189,0
CAR497;2018;9500,0;10189,0;9470,0
CAR497;2019;9600,0;9470,0;7074,0
CAR498;2013;275,0;109593,0;127349,0
CAR498;2015;137389,0;109562,0;118625,0
CAR498;2016;51528,0;118625,0;104749,0
CAR498;2018;36258,0;274023,0;137746,0
CAR498;2019;172630,0;255728,0;117982,0
CAR502;2011;1895,0;64528,0;68238,0
CAR502;2012;4933,0;68095,0;72505,0
CAR502;2013;71552,0;146159,0;74162,0
CAR502;2014;466,0;68835,0;70574,0
CAR502;2016;143945,0;59997,0;61127,0
CAR502;2017;61127,0;61127,0;50770,0
CAR503;2012;15715,0;14873,0;10907,0
CAR503;2013;13930,0;13930,0;13568,0
CAR503;2014;11124,0;24475,0;12006,0
CAR503;2015;25357,0;12006,0;10933,0
CAR503;2016;10933,0;10933,0;8136,0
CAR503;2017;8136,0;8136,0;8168,0
CAR504;2012;1568,0;11712,0;2508,0
CAR504;2014;10820,0;8285,0;18641,0
CAR509;2011;20518,0;20518,0;16616,0
CAR509;2014;4078,0;18452,0;19036,0
CAR509;2015;39274,0;19036,0;18232,0
CAR509;2024;38513,0;16092,0;7363,0
CAR512;2013;25689,0;29913,0;63092,0
CAR512;2014;120,0;92202,0;102564,0
CAR512;2015;79002,0;102856,0;76979,0
CAR512;2016;103843,0;83795,0;98220,0
CAR512;2017;28896,0;94661,0;97434,0
CAR512;2024;93389,0;90076,0;88872,0
CAR514;2024;40897,0;50977,0;48697,0
CAR515;2024;13037,0;38719,0;8445,0
CAR516;2024;12722,0;47930,0;26591,0
CAR517;2011;10923,0;21896,0;22155,0
CAR517;2022;4896,0;73913,0;96070,0
CAR517;2024;93975,0;201088,0;75523,0
CAR521;2012;418,0;56419,0;32392,0
CAR521;2020;34224,0;132276,0;72535,0
CAR521;2021;55954,0;72535,0;65770,0
CAR521;2022;118844,0;65770,0;72852,0
CAR521;2023;79457,0;53713,0;96510,0
CAR521;2024;42326,0;84189,0;102278,0
CAR522;2012;53736,0;53736,0;42212,0
CAR522;2013;43494,0;42212,0;39354,0
CAR522;2014;36000,0;39354,0;29003,0
CAR522;2022;6253,0;62776,0;52645,0
CAR522;2023;114267,0;51491,0;36428,0
CAR522;2024;42225,0;42225,0;41706,0
CAR531;2016;9910,0;66666,0;3243,0
CAR531;2022;8066,0;30521,0;31100,0
CAR531;2024;16512,0;30722,0;22848,0
CAR531;2025;59344,0;12381,0;506,0
CAR545;2012;131437,0;81806,0;77508,0
CAR545;2013;81806,0;73162,0;68142,0
CAR545;2014;73162,0;65459,0;55724,0
CAR545;2016;52833,0;119138,0;72725,0
CAR545;2018;68635,0;68635,0;227508,0
CAR545;2019;201645,0;201645,0;90993,0
CAR551;2012;25000,0;61434,0;45241,0
CAR557;2010;12917,0;12917,0;12268,0
CAR557;2011;11993,0;11993,0;10218,0
CAR558;2012;15000,0;74556,0;7510,0
CAR558;2025;3660,0;170854,0;7585,0
CAR560;2012;15450,0;85604,0;51549,0
CAR560;2016;27712,0;33367,0;56392,0
CAR560;2017;10120,0;56392,0;61256,0
CAR560;2021;26389,0;128104,0;81150,0
CAR560;2023;23708,0;81150,0;65241,0
CAR560;2024;85211,0;149542,0;43657,0
CAR574;2011;24041,0;13076,0;24053,0
CAR574;2012;24053,0;24053,0;21759,0
CAR574;2013;21759,0;21759,0;18189,0
CAR574;2014;18189,0;18189,0;13028,0
CAR574;2015;13028,0;13028,0;12997,0
CAR574;2016;12997,0;12997,0;10744,0
CAR574;2017;10744,0;10744,0;12096,0
CAR575;2013;3782,0;1034,0;1034,0
CAR575;2014;1068,0;1034,0;1079,0
CAR575;2015;1765,0;1079,0;1079,0
CAR575;2016;1889,0;1079,0;864,0
CAR588;2011;30548,0;30548,0;51938,0
CAR588;2012;51938,0;51938,0;64693,0
CAR588;2013;64693,0;64693,0;75573,0
CAR588;2014;75573,0;75573,0;79657,0
CAR588;2015;79657,0;79657,0;83057,0
CAR588;2016;83057,0;83057,0;90646,0
CAR588;2017;90646,0;90646,0;38045,0
CAR590;2010;9248,0;9248,0;848,0
CAR590;2011;848,0;848,0;848,0
CAR590;2012;848,0;848,0;848,0
CAR590;2014;848,0;885,0;885,0
CAR592;2011;47412,0;47412,0;40067,0
CAR592;2012;41321,0;41321,0;40374,0
CAR592;2013;37653,0;37653,0;42042,0
CAR592;2014;41352,0;41352,0;31274,0
CAR592;2015;23327,0;23327,0;38259,0
CAR592;2019;49640,0;49640,0;25772,0
CAR592;2020;26095,0;26095,0;39224,0
CAR592;2022;82592,0;82489,0;61684,0
CAR592;2023;14779,0;60041,0;77527,0
CAR592;2024;61124,0;75919,0;101578,0
CAR593;2017;87946,0;67343,0;55622,0
CAR593;2018;46,0;55622,0;50764,0
CAR593;2019;12589,0;79701,0;50818,0
CAR599;2012;4362,0;26741,0;24296,0
CAR599;2013;14268,0;1791,0;2554,0
CAR600;2012;16254,0;10817,0;10829,0
CAR600;2013;10829,0;10829,0;8197,0
CAR601;2012;879,0;15476,0;20621,0
CAR601;2013;3132,0;4361,0;1716,0
CAR604;2010;130183,0;130213,0;913222,0
CAR620;2011;351,0;28131,0;28687,0
CAR621;2011;93372,0;93372,0;99097,0
CAR621;2012;98740,0;98740,0;104237,0
CAR621;2013;107008,0;107008,0;111327,0
CAR621;2014;109667,0;109667,0;94442,0
CAR621;2016;70506,0;128148,0;135296,0
CAR621;2017;263444,0;135296,0;164605,0
CAR621;2018;164605,0;164605,0;107690,0
CAR621;2022;32500,0;177286,0;147184,0
CAR627;2020;23528,0;31094,0;25816,0
CAR635;2012;105605,0;105605,0;112123,0
CAR635;2013;219146,0;219146,0;106420,0
CAR635;2015;99709,0;80689,0;80276,0
CAR635;2016;168191,0;87502,0;82835,0
CAR635;2018;197581,0;112198,0;117426,0
CAR635;2020;120028,0;229880,0;104154,0
CAR635;2021;109852,0;98229,0;104607,0
CAR635;2022;98229,0;108850,0;104348,0
CAR635;2023;108850,0;108320,0;124678,0
CAR635;2024;108320,0;132207,0;119365,0
CAR639;2011;81693,0;563189,0;677518,0
CAR639;2012;294190,0;459042,0;801929,0
CAR639;2013;129850,0;1153020,0;776053,0
CAR639;2014;1152384,0;465757,0;795752,0
CAR639;2015;1680931,0;1062209,0;798980,0
CAR639;2016;1025618,0;509031,0;742656,0
CAR639;2017;886588,0;874588,0;746117,0
CAR639;2018;715159,0;941933,0;695030,0
CAR639;2019;501789,0;677025,0;684610,0
CAR639;2020;405224,0;467202,0;600109,0
CAR639;2021;891725,0;418255,0;627279,0
CAR639;2022;651984,0;946382,0;574204,0
CAR639;2023;637000,0;342357,0;647490,0
CAR639;2025;879698,0;759882,0;673281,0
CAR646;2014;100645,0;100645,0;6805,0
CAR646;2018;9304,0;27180,0;6921,0
CAR646;2019;17876,0;6921,0;6804,0
CAR659;2012;9631,0;21413,0;16595,0
CAR659;2013;3524,0;14705,0;16488,0
CAR659;2014;26717,0;15126,0;13603,0
CAR659;2016;10889,0;17074,0;11446,0
CAR659;2017;60742,0;11446,0;11500,0
CAR659;2019;35575,0;11540,0;11591,0
CAR659;2020;14,0;11591,0;11642,0
CAR660;2012;100000,0;156185,0;103645,0
CAR660;2014;245756,0;294260,0;15156,0
CAR661;2014;876797,0;33992,0;173951,0
CAR674;2011;7487,0;7487,0;53361,0
CAR674;2012;45107,0;45107,0;78152,0
CAR674;2013;72436,0;72436,0;95164,0
CAR674;2014;95582,0;95582,0;102340,0
CAR674;2015;96286,0;96286,0;87183,0
CAR674;2016;95888,0;95888,0;92352,0
CAR674;2017;88780,0;190117,0;109079,0
CAR674;2018;101337,0;135325,0;140990,0
CAR674;2020;307731,0;307731,0;188125,0
CAR674;2021;42679,0;42679,0;214610,0
CAR674;2022;138170,0;138170,0;252021,0
CAR674;2023;248244,0;248244,0;241632,0
CAR674;2024;235000,0;244898,0;228485,0
CAR674;2025;5168,0;242419,0;112180,0
CAR676;2015;1000,0;185878,0;1086,0
CAR683;2014;467135,0;450908,0;15192,0
CAR683;2015;19759,0;31383,0;8505,0
CAR683;2017;7600,0;9424,0;8919,0
CAR683;2018;5000,0;9039,0;9147,0
CAR683;2019;31875,0;9367,0;53646,0
CAR683;2021;14778,0;142219,0;9882,0
CAR683;2022;58256,0;9043,0;11641,0
CAR683;2023;19857,0;11567,0;11873,0
CAR683;2024;2621,0;11790,0;8071,0
CAR686;2013;2657,0;16063,0;5633,0
CAR686;2014;5000,0;61482,0;5831,0
CAR688;2014;12144,0;5830,0;5830,0
CAR688;2016;5830,0;4613,0;4645,0
CAR688;2017;20598,0;4645,0;4522,0
CAR688;2018;1626,0;4522,0;4655,0
CAR688;2019;21311,0;4655,0;4664,0
CAR688;2020;8059,0;4664,0;4674,0
CAR691;2011;32360,0;1272689,0;1272689,0
CAR694;2013;9146,0;1933,0;1933,0
CAR694;2014;1933,0;1933,0;1933,0
CAR694;2016;1933,0;1933,0;1933,0
CAR696;2013;14569,0;59984,0;8057,0
CAR761;2013;54300,0;42991,0;18835,0
CAR761;2014;9835,0;18835,0;19663,0
CAR768;2014;100000,0;378161,0;226143,0
CAR768;2018;36508,0;291170,0;89868,0
CAR768;2020;266551,0;302098,0;183349,0
CAR768;2022;29,0;155386,0;226898,0
CAR768;2023;1180879,0;157425,0;233186,0
CAR772;2013;64672,0;23697,0;13111,0
CAR772;2014;27746,0;27746,0;15062,0
CAR772;2016;10527,0;22200,0;8940,0
CAR772;2019;239,0;13634,0;3070,0
CAR773;2013;65994,0;30285,0;24839,0
CAR775;2014;42328,0;42730,0;14766,0
CAR776;2013;37858,0;37858,0;14258,0
CAR776;2015;23261,0;12688,0;10880,0
CAR776;2016;10709,0;10709,0;7812,0
CAR776;2017;7560,0;7560,0;5104,0
CAR782;2013;124876,0;124876,0;85116,0
CAR782;2014;85116,0;85116,0;79559,0
CAR782;2015;79559,0;79559,0;38000,0
CAR782;2017;38000,0;38000,0;29352,0
CAR785;2020;5000,0;132506,0;57955,0
CAR786;2011;140358,0;160000,0;47593,0
CAR790;2012;54017,0;54017,0;44730,0
CAR790;2013;44730,0;44730,0;68840,0
CAR790;2014;68840,0;68840,0;75273,0
CAR790;2015;75273,0;75273,0;84384,0
CAR790;2016;79200,0;84384,0;81560,0
CAR790;2017;81560,0;81560,0;61562,0
CAR790;2018;61562,0;61562,0;85883,0
CAR790;2019;5184,0;85883,0;83545,0
CAR790;2020;169428,0;83545,0;102406,0
CAR794;2013;17155,0;15435,0;10426,0
CAR802;2014;11660,0;5793,0;5612,0
CAR802;2016;5793,0;4440,0;4465,0
CAR802;2017;14090,0;4465,0;7859,0
CAR802;2019;20659,0;4942,0;4563,0
CAR802;2020;10143,0;4563,0;4591,0
CAR807;2012;34750,0;34750,0;32394,0
CAR807;2013;32394,0;32394,0;32382,0
CAR807;2014;32382,0;32382,0;29007,0
CAR807;2015;29007,0;29007,0;26302,0
CAR807;2016;26302,0;26302,0;24080,0
CAR807;2018;42042,0;42042,0;21075,0
CAR811;2012;18032,0;52882,0;103787,0
CAR811;2013;26,0;103203,0;82647,0
CAR811;2014;168150,0;76633,0;94000,0
CAR811;2015;98955,0;127274,0;91422,0
CAR811;2016;108681,0;55988,0;120525,0
CAR811;2017;134597,0;118869,0;121960,0
CAR811;2018;133957,0;133957,0;74128,0
CAR811;2019;82516,0;82516,0;105039,0
CAR811;2020;97812,0;97208,0;115992,0
CAR811;2021;83028,0;83028,0;161126,0
CAR811;2022;131165,0;278291,0;129580,0
CAR812;2013;45913,0;45913,0;17442,0
CAR812;2015;43303,0;24727,0;26575,0
CAR812;2016;27779,0;27779,0;23867,0
CAR812;2017;23615,0;23615,0;15524,0
CAR817;2013;22467,0;22467,0;14247,0
CAR817;2015;14247,0;26311,0;33373,0
CAR817;2016;26311,0;33373,0;20585,0
CAR817;2017;33373,0;20585,0;21606,0
CAR817;2018;20585,0;21606,0;32071,0
CAR817;2019;21606,0;32071,0;28407,0
CAR817;2020;60478,0;28407,0;18726,0
CAR825;2012;1080,0;13723,0;17406,0
CAR825;2013;14146,0;17406,0;30800,0
CAR825;2014;8403,0;30800,0;32482,0
CAR825;2023;20145,0;13110,0;15266,0
CAR825;2024;22618,0;15266,0;15817,0
CAR829;2014;31062,0;16898,0;18424,0
CAR829;2015;20464,0;20749,0;25027,0
CAR829;2016;6843,0;23832,0;22747,0
CAR829;2018;14664,0;45245,0;22838,0
CAR829;2019;10876,0;22286,0;19842,0
CAR829;2021;21902,0;27010,0;8848,0
CAR829;2023;5,0;18988,0;9333,0
CAR829;2024;9675,0;10019,0;9227,0
CAR830;2012;21946,0;32342,0;10396,0
CAR838;2013;48841,0;48841,0;22407,0
CAR838;2015;45409,0;22733,0;33640,0
CAR838;2016;31662,0;31662,0;51638,0
CAR838;2018;110256,0;71212,0;51132,0
CAR838;2020;134998,0;83348,0;80569,0
CAR838;2022;105419,0;87269,0;92349,0
CAR838;2025;119222,0;74956,0;11147,0
CAR844;2014;546,0;32087,0;2453,0
CAR844;2016;31000,0;10399,0;8800,0
CAR844;2018;18729,0;8330,0;12204,0
CAR844;2019;24069,0;24069,0;13192,0
CAR844;2020;12660,0;12660,0;16024,0
CAR844;2022;20412,0;20412,0;11810,0
CAR866;2012;3943,0;65368,0;33585,0
CAR866;2013;44345,0;33585,0;61926,0
CAR866;2014;31182,0;61926,0;53508,0
CAR866;2015;37726,0;53508,0;36256,0
CAR866;2016;19483,0;36256,0;28633,0
CAR866;2018;24850,0;61086,0;22672,0
CAR866;2022;43823,0;49397,0;28776,0
CAR866;2023;25574,0;28776,0;43433,0
CAR866;2024;39965,0;43433,0;29667,0
CAR880;2022;20178,0;41093,0;38388,0
CAR880;2023;10725,0;38388,0;23371,0
CAR880;2024;70895,0;23371,0;36140,0
CAR881;2022;95027,0;35242,0;24896,0
CAR881;2024;24896,0;24896,0;958,0
CAR886;2013;6220,0;21360,0;22235,0
CAR886;2015;18521,0;18521,0;17868,0
CAR886;2016;49718,0;17868,0;16840,0
CAR886;2017;16840,0;16840,0;9633,0
CAR886;2018;9633,0;9633,0;3231,0
CAR886;2021;15226,0;15226,0;12597,0
CAR886;2023;3970,0;9204,0;3449,0
CAR887;2013;82560,0;82560,0;50912,0
CAR887;2014;50912,0;50912,0;56603,0
CAR887;2015;56603,0;56603,0;53415,0
CAR887;2016;53415,0;53415,0;57887,0
CAR887;2017;57887,0;57887,0;50378,0
CAR887;2018;50378,0;50378,0;48436,0
CAR887;2020;91558,0;43122,0;33057,0
CAR887;2021;33057,0;33057,0;32337,0
CAR887;2023;53778,0;21441,0;16160,0
CAR888;2014;30303,0;30303,0;14301,0
CAR888;2015;19022,0;19022,0;32067,0
CAR888;2016;18758,0;53045,0;31999,0
CAR888;2017;34287,0;29158,0;31077,0
CAR888;2018;29158,0;33333,0;31500,0
CAR888;2019;33333,0;31976,0;32078,0
CAR888;2020;64361,0;32385,0;36381,0
CAR888;2021;37233,0;37233,0;32000,0
CAR888;2023;58700,0;58700,0;33213,0
CAR888;2024;30894,0;30894,0;28994,0
CAR892;2014;93339,0;93339,0;49769,0
CAR892;2015;49382,0;49382,0;41529,0
CAR892;2017;76721,0;35192,0;41124,0
CAR911;2016;4006,0;22006,0;20091,0
CAR911;2017;19111,0;20107,0;22977,0
CAR911;2018;36932,0;22991,0;23472,0
CAR911;2019;27784,0;23413,0;27885,0
CAR911;2020;7118,0;27850,0;25794,0
CAR911;2021;20870,0;25977,0;23146,0
CAR911;2022;11026,0;22999,0;24000,0
CAR911;2024;653,0;24038,0;33212,0
CAR920;2014;7443,0;31543,0;3722,0
CAR935;2012;28,0;22378,0;2527,0
CAR935;2013;11620,0;2527,0;2527,0
CAR935;2014;5846,0;2527,0;2527,0
CAR935;2015;1210,0;2527,0;2527,0
CAR935;2016;2754,0;2527,0;2527,0
CAR935;2017;2997,0;2527,0;3521,0
CAR944;2014;22251,0;5914,0;8911,0
CAR956;2014;81814,0;34939,0;49621,0
CAR965;2017;20416,0;20416,0;20416,0
CAR969;2017;58509,0;27406,0;27406,0
CAR969;2021;466,0;53459,0;23856,0
CAR969;2022;324,0;36215,0;36215,0
CAR973;2014;901980,0;1748472,0;119314,0
CAR982;2017;17732,0;9352,0;9352,0
CAR988;2015;23100,0;23100,0;9059,0
CAR988;2016;9059,0;9059,0;11107,0
CAR988;2017;11107,0;11107,0;7424,0
CAR988;2018;7424,0;7424,0;11869,0
CAR988;2019;11369,0;11869,0;13713,0
CAR988;2020;9500,0;13713,0;8523,0
CAR988;2022;1083,0;8523,0;10815,0
CAR988;2023;12153,0;19615,0;5976,0
CAR988;2024;8800,0;5976,0;9310,0
CAR989;2017;25862,0;13433,0;13433,0
CAR990;2014;364624,0;236739,0;41081,0
CAR993;2014;671621,0;704432,0;16436,0
CAR993;2017;42841,0;90929,0;3051,0
CAR996;2015;18912,0;18912,0;14727,0
CAR996;2016;14727,0;14727,0;14089,0
CAR996;2017;14089,0;14089,0;13838,0
CAR996;2018;13838,0;13838,0;19568,0
CAR996;2019;19568,0;19568,0;19032,0
CAR996;2020;10000,0;19032,0;12212,0
CAR996;2022;1760,0;12212,0;17435,0
CAR996;2023;19184,0;37422,0;15312,0
CAR996;2024;19987,0;15312,0;16499,0
CAR997;2014;61941,0;24643,0;62223,0
CAR997;2017;119172,0;33536,0;21603,0
CAR998;2015;9004,0;9004,0;6296,0
CAR998;2016;7930,0;7930,0;7810,0
CAR998;2017;6395,0;6395,0;7177,0
CAR998;2018;7057,0;7057,0;7683,0
CAR998;2019;5224,0;8407,0;7187,0
CAR1002;2017;3521,0;7101,0;4397,0
CAR1008;2016;10153,0;18798,0;16249,0
CAR1008;2017;16249,0;16249,0;11806,0
CAR1008;2018;40522,0;11806,0;14823,0
CAR1008;2019;19424,0;14823,0;18159,0
CAR1008;2021;3118,0;19959,0;18652,0
CAR1008;2023;15642,0;22257,0;33085,0
CAR1008;2024;443,0;33085,0;22770,0
CAR1008;2025;75994,0;22770,0;3000,0
CAR1013;2017;274000,0;79600,0;58030,0
CAR1013;2020;52060,0;101395,0;106375,0
CAR1013;2021;6451,0;106375,0;110099,0
CAR1019;2020;1346,0;12166,0;15042,0
CAR1021;2014;13810,0;67490,0;67490,0
CAR1022;2014;52279,0;43183,0;30650,0
CAR1022;2017;134591,0;37836,0;39743,0
CAR1027;2015;129307,0;129307,0;140846,0
CAR1027;2016;117814,0;117814,0;149744,0
CAR1027;2017;154012,0;154012,0;145899,0
CAR1027;2018;142630,0;283570,0;144544,0
CAR1027;2019;140940,0;135195,0;137123,0
CAR1027;2020;135195,0;141930,0;150902,0
CAR1027;2022;149983,0;149983,0;105777,0
CAR1027;2023;114288,0;114288,0;113765,0
CAR1032;2021;88000,0;125410,0;25262,0
CAR1032;2022;61873,0;25262,0;26462,0
CAR1035;2017;38241,0;20421,0;20421,0
CAR1035;2020;53009,0;18657,0;20248,0
CAR1035;2022;10386,0;9879,0;31051,0
CAR1036;2014;14773,0;12988,0;12988,0
CAR1036;2017;51176,0;17178,0;17178,0
CAR1036;2022;18005,0;17497,0;23667,0
CAR1041;2017;5819,0;585412,0;67491,0
CAR1050;2015;41981,0;41981,0;50298,0
CAR1050;2017;50298,0;23124,0;45140,0
CAR1050;2018;68264,0;45140,0;22425,0
CAR1050;2020;53860,0;53860,0;23878,0
CAR1050;2022;23878,0;65414,0;59943,0
CAR1050;2023;96536,0;59943,0;40063,0
CAR1050;2024;40063,0;40063,0;16304,0
CAR1055;2017;36339,0;16596,0;14687,0
CAR1056;2017;30533,0;16008,0;15018,0
CAR1057;2017;25799,0;13140,0;7879,0
CAR1057;2020;25855,0;7463,0;3147,0
CAR1058;2017;67375,0;24418,0;19801,0
CAR1066;2017;194181,0;278813,0;33892,0
CAR1072;2014;129838,0;129838,0;129838,0
CAR1076;2017;55181,0;14915,0;14915,0
CAR1078;2017;42384,0;16401,0;16401,0
CAR1080;2017;28932,0;10280,0;10280,0
CAR1088;2017;825519,0;148483,0;25811,0
CAR1094;2016;37000,0;37875,0;1402,0
CAR1095;2017;1250441,0;81728,0;60036,0
CAR1096;2016;25,0;17911,0;9610,0
CAR1096;2017;18907,0;9610,0;11898,0
CAR1096;2018;24949,0;11898,0;11052,0
CAR1096;2019;14911,0;11052,0;9035,0
CAR1096;2020;11325,0;9035,0;9534,0
CAR1096;2024;28506,0;21388,0;13261,0
CAR1097;2017;60092,0;24473,0;16999,0
CAR1098;2017;82055,0;82509,0;126781,0
CAR1098;2018;300,0;126781,0;140308,0
CAR1098;2020;212078,0;110461,0;149253,0
CAR1098;2023;4742,0;387907,0;110724,0
CAR1098;2024;209591,0;110724,0;101728,0
CAR1099;2017;60000,0;89607,0;68596,0
CAR1099;2019;500,0;77637,0;57295,0
CAR1099;2020;106877,0;57295,0;35099,0
CAR1099;2022;20568,0;52469,0;71294,0
CAR1099;2024;118055,0;128810,0;78266,0
CAR1100;2020;885,0;58837,0;68526,0
CAR1100;2021;8,0;68526,0;73440,0
CAR1100;2022;104502,0;73440,0;72380,0
CAR1100;2024;150416,0;72380,0;64989,0
CAR1105;2017;424076,0;234621,0;320214,0
CAR1105;2020;382239,0;193290,0;182382,0
CAR1105;2022;6320,0;346846,0;261720,0
CAR1105;2023;39840,0;261720,0;329027,0
CAR1105;2024;815522,0;329027,0;301169,0
CAR1109;2017;107088,0;43045,0;42424,0
CAR1109;2020;96217,0;7616,0;8203,0
CAR1120;2017;56790,0;67868,0;34795,0
CAR1122;2017;11633,0;9075,0;9075,0
CAR1124;2022;494,0;11736,0;11736,0
CAR1126;2017;60461,0;20998,0;17067,0
CAR1127;2017;59593,0;23396,0;13879,0
CAR1128;2017;41736,0;9488,0;9347,0
CAR1132;2017;22162,0;10526,0;11750,0
CAR1133;2017;17258,0;5934,0;6549,0
CAR1136;2020;43993,0;50107,0;51095,0
CAR1137;2017;18283,0;5921,0;3983,0
CAR1138;2020;68336,0;29482,0;28850,0
CAR1139;2017;299094,0;248509,0;235963,0
CAR1139;2020;35779,0;418384,0;252917,0
CAR1139;2021;16900,0;252917,0;228567,0
CAR1139;2022;14393,0;228567,0;206767,0
CAR1139;2023;2337,0;206767,0;105634,0
CAR1139;2024;708135,0;105634,0;169679,0
CAR1141;2022;1371,0;28788,0;8101,0
CAR1142;2017;3961,0;7922,0;3175,0
CAR1143;2017;42450,0;25570,0;16880,0
CAR1143;2020;34422,0;15789,0;18424,0
CAR1145;2017;15172,0;7838,0;13603,0
CAR1145;2022;79,0;26770,0;14908,0
CAR1145;2023;1482,0;14908,0;13075,0
CAR1145;2024;41484,0;13075,0;12757,0
CAR1145;2025;13075,0;12757,0;13749,0
CAR1146;2017;17918,0;9525,0;8724,0
CAR1147;2020;56431,0;71719,0;35008,0
CAR1151;2017;40236,0;40236,0;7893,0
CAR1152;2017;37580,0;24217,0;13353,0
CAR1152;2024;54095,0;13790,0;18101,0
CAR1153;2017;35292,0;21782,0;13510,0
CAR1153;2020;24928,0;11739,0;7054,0
CAR1154;2017;40457,0;16023,0;13973,0
CAR1154;2020;23877,0;14790,0;13104,0
CAR1155;2017;29096,0;14935,0;11914,0
CAR1156;2017;7720,0;15123,0;7128,0
CAR1159;2019;16000,0;19194,0;18128,0
CAR1159;2020;16396,0;41788,0;15271,0
CAR1160;2019;12261,0;11791,0;11427,0
CAR1160;2020;12885,0;22607,0;9211,0
CAR1162;2020;627,0;627,0;1057,0
CAR1169;2017;25000,0;40632,0;54717,0
CAR1175;2017;3105987,0;2839697,0;107913,0
CAR1175;2020;672216,0;259612,0;123365,0
CAR1175;2024;35154,0;-9106,0;92781,0
CAR1178;2017;18753,0;18782,0;22684,0
CAR1180;2017;763870,0;763870,0;39896,0
CAR1180;2023;500,0;10662,0;25712,0
CAR1184;2017;15531,0;8956,0;6575,0
CAR1184;2020;22014,0;11332,0;8393,0
CAR1191;2022;31509,0;168978,0;8606,0
CAR1197;2020;564899,0;78691,0;72575,0
CAR1197;2023;23252,0;112821,0;21185,0
CAR1205;2020;1844383,0;2523876,0;126875,0
CAR1208;2020;50255,0;521086,0;57896,0
CAR1208;2024;526221,0;93623,0;44612,0
CAR1213;2020;414286,0;19795,0;2052,0
CAR1215;2020;2018379,0;121165,0;105660,0
CAR1215;2021;93696,0;105660,0;85518,0
CAR1217;2020;53374,0;6589,0;19851,0
CAR1237;2018;1983,0;4803,0;1887,0
CAR1237;2020;1889,0;3774,0;1875,0
CAR1238;2018;2804,0;11955,0;6178,0
CAR1238;2020;11017,0;12511,0;6214,0
CAR1238;2022;94,0;12018,0;5988,0
CAR1244;2017;110990,0;110990,0;110990,0
CAR1246;2024;58935,0;7859,0;9911,0
CAR1247;2019;23710,0;35565,0;11855,0
CAR1247;2020;23417,0;11888,0;11265,0
CAR1247;2021;326,0;10718,0;10425,0
CAR1247;2022;9606,0;10182,0;10061,0
CAR1248;2017;87771,0;96564,0;96564,0
CAR1249;2017;73506,0;141207,0;141207,0
CAR1251;2017;55471,0;55471,0;55471,0
CAR1252;2017;40916,0;140916,0;140916,0
CAR1253;2020;11691,0;13376,0;1685,0
CAR1254;2017;140698,0;140698,0;140698,0
CAR1257;2020;1525044,0;91631,0;94840,0
CAR1258;2017;70000,0;72606,0;72606,0
CAR1259;2022;4719,0;9092,0;4301,0
CAR1259;2023;50,0;8602,0;4455,0
CAR1260;2022;1624,0;2920,0;1583,0
CAR1261;2018;4144,0;10399,0;9512,0
CAR1261;2019;11859,0;9512,0;9512,0
CAR1261;2020;5582,0;9512,0;9432,0
CAR1261;2021;8420,0;9432,0;9401,0
CAR1261;2022;6094,0;9401,0;8382,0
CAR1261;2023;1515,0;8382,0;8887,0
CAR1261;2024;1437,0;8887,0;3853,0
CAR1262;2019;3448,0;11807,0;8416,0
CAR1263;2017;72128,0;122129,0;122129,0
CAR1264;2020;4912160,0;6386504,0;119846,0
CAR1264;2022;47607,0;119846,0;85225,0
CAR1264;2023;1395,0;255675,0;85225,0
CAR1265;2020;78510,0;41346,0;43554,0
CAR1265;2022;215,0;49659,0;53995,0
CAR1265;2023;1767,0;53995,0;60487,0
CAR1268;2017;55404,0;55404,0;55404,0
CAR1269;2017;8184,0;33184,0;33184,0
CAR1270;2017;111732,0;223464,0;223464,0
CAR1274;2020;13113,0;13637,0;6821,0
CAR1275;2022;164,0;10731,0;5732,0
CAR1275;2025;6247,0;18508,0;7778,0
CAR1282;2021;8497,0;12247,0;4970,0
CAR1282;2022;10082,0;4369,0;1008,0
CAR1284;2022;4830,0;9974,0;4621,0
CAR1285;2019;2284,0;7884,0;9191,0
CAR1285;2020;7377,0;6255,0;8310,0
CAR1285;2021;14662,0;17850,0;6068,0
CAR1285;2022;7666,0;5543,0;1370,0
CAR1299;2020;3281,0;4869,0;2418,0
CAR1306;2018;3909,0;3909,0;3485,0
CAR1314;2020;57936,0;1409512,0;58569,0
CAR1315;2024;25185,0;60528,0;33512,0
CAR1316;2024;16994,0;49334,0;26033,0
CAR1316;2025;1,0;1,0;25412,0
CAR1317;2024;62324,0;59151,0;31359,0
CAR1321;2020;1550,0;2040,0;3093,0
CAR1321;2024;6843,0;9059,0;3876,0
CAR1325;2021;3352,0;3352,0;3426,0
CAR1328;2022;50,0;1389,0;691,0
CAR1329;2020;29538,0;445192,0;2164,0
CAR1330;2022;3802,0;12369,0;3947,0
CAR1335;2020;160614,0;355684,0;386413,0
CAR1335;2021;351953,0;391286,0;372322,0
CAR1335;2022;371917,0;293788,0;310921,0
CAR1335;2023;156274,0;203691,0;288891,0
CAR1335;2024;203691,0;332032,0;296116,0
CAR1335;2025;5000,0;323015,0;172206,0
CAR1337;2023;9970,0;15734,0;13335,0
CAR1339;2020;644674,0;2430904,0;14214,0
CAR1340;2020;16953,0;20517,0;15122,0
CAR1340;2024;17627,0;16311,0;16827,0
CAR1344;2025;12500,0;33370,0;3546,0
CAR1345;2021;1959,0;1959,0;305,0
CAR1347;2021;5280,0;5280,0;1480,0
CAR1348;2021;1638,0;1638,0;310,0
CAR1350;2021;1442,0;1442,0;184,0
CAR1351;2021;781,0;781,0;91,0
CAR1352;2021;4090,0;4090,0;815,0
CAR1353;2021;1109,0;1109,0;137,0
CAR1354;2021;3738,0;3738,0;825,0
CAR1355;2021;1254,0;1254,0;228,0
CAR1356;2021;1214,0;1214,0;255,0
CAR1357;2021;1807,0;1807,0;447,0
CAR1358;2021;852,0;852,0;201,0
CAR1359;2021;971,0;971,0;166,0
CAR1360;2021;1289,0;1289,0;150,0
CAR1361;2021;2291,0;2291,0;345,0
CAR1362;2021;3293,0;3293,0;601,0
CAR1363;2021;2537,0;2537,0;303,0
CAR1364;2021;768,0;768,0;241,0
CAR1366;2021;777,0;777,0;70,0
CAR1372;2020;34820,0;98685,0;69928,0
CAR1372;2021;55875,0;69928,0;85131,0
CAR1372;2022;13459,0;85131,0;106207,0
CAR1372;2023;66368,0;106207,0;97786,0
CAR1372;2024;113653,0;97786,0;88666,0
CAR1381;2023;2570,0;1587095,0;295094,0
CAR1384;2024;174534,0;432232,0;99544,0
CAR1392;2022;20149,0;31967,0;129801,0
CAR1398;2023;10632,0;10632,0;5861,0
CAR1399;2021;10740,0;10740,0;7494,0
CAR1399;2022;5872,0;7556,0;4027,0
CAR1399;2023;2813,0;3897,0;139,0
CAR1401;2020;743,0;119156,0;119156,0
CAR1411;2021;13784,0;13784,0;24277,0
CAR1411;2022;19442,0;24881,0;6967,0
CAR1411;2023;7452,0;6304,0;225,0
CAR1415;2021;9540,0;11435,0;5154,0
CAR1415;2022;6251,0;5124,0;5057,0
CAR1415;2023;3291,0;5054,0;180,0
CAR1425;2022;303,0;8337,0;4241,0
CAR1428;2023;10368,0;1999,0;14629,0
CAR1441;2020;1262,0;78211,0;78211,0
CAR1443;2021;19992,0;19992,0;11830,0
CAR1443;2022;8769,0;11882,0;7975,0
CAR1443;2023;5113,0;7830,0;279,0
CAR1446;2023;1430,0;3003,0;930,0
CAR1455;2021;29,0;32986,0;38049,0
CAR1459;2022;15996,0;18934,0;386546,0
CAR1459;2023;71014,0;92840,0;676059,0
CAR1459;2024;141728,0;137183,0;578368,0
CAR1461;2022;50941,0;22792,0;31849,0
CAR1461;2023;15604,0;32184,0;1149,0
CAR1462;2022;6418,0;7893,0;4547,0
CAR1462;2023;6033,0;4558,0;162,0
CAR1463;2022;28430,0;47195,0;26794,0
CAR1463;2023;44710,0;26814,0;957,0
CAR1464;2023;8780,0;81405,0;1121,0
CAR1480;2021;216555,0;1268775,0;2092821,0
CAR1480;2022;479879,0;4122894,0;4399846,0
CAR1480;2023;1315627,0;2466943,0;4993130,0
CAR1480;2024;2026762,0;6656477,0;5778413,0
CAR1480;2025;3640152,0;6665413,0;5076930,0
CAR1494;2024;35391,0;59340,0;10205,0
CAR1494;2025;11309,0;12951,0;3567,0
CAR1495;2025;13000,0;6311,0;9632,0
CAR1497;2025;39939,0;38991,0;15137,0
CAR1513;2025;50839,0;33996,0;86612,0
CAR1514;2022;4353,0;49253,0;22706,0
CAR1521;2023;6707,0;13341,0;18317,0
CAR1522;2023;2827,0;2827,0;10839,0
CAR1523;2023;2951,0;2951,0;9393,0
CAR1524;2023;2388,0;2388,0;6702,0
CAR1525;2023;1034,0;1034,0;1371,0
CAR1526;2023;483,0;483,0;643,0
CAR1527;2023;516,0;516,0;1049,0
CAR1528;2023;194,0;194,0;617,0
CAR1529;2023;326,0;326,0;692,0
CAR1531;2022;9891,0;13060,0;3377,0
CAR1531;2023;3284,0;3226,0;115,0
CAR1532;2023;36740,0;24811,0;886,0
CAR1542;2022;39,0;5192,0;9484,0
CAR1542;2025;15139,0;15139,0;2975,0
CAR1544;2025;12970,0;12970,0;3393,0
CAR1566;2024;1498,0;119885,0;53313,0
CAR1567;2023;29000,0;68696,0;42078,0
CAR1568;2024;11365,0;81477,0;209032,0
CAR1568;2025;314200,0;776306,0;99460,0
CAR1569;2023;7454,0;27477,0;517,0
CAR1584;2024;351230,0;221087,0;158541,0
CAR1584;2025;205897,0;159111,0;136726,0
CAR1606;2023;2219,0;35036,0;14424,0
CAR1606;2024;675,0;13051,0;12021,0
CAR1607;2023;2500,0;38466,0;7631,0
CAR1608;2023;2500,0;42408,0;14411,0
CAR1608;2024;4405,0;12765,0;12427,0
CAR1621;2024;4140,0;10343,0;4462,0
CAR1622;2024;5300,0;27585,0;12118,0
CAR1623;2024;5300,0;24520,0;7988,0
CAR1624;2024;185096,0;122755,0;133468,0
CAR1624;2025;256916,0;140843,0;167660,0
CAR1633;2025;718,0;5922,0;293,0
CAR1657;2024;24146,0;18288,0;16420,0
CAR1659;2024;10064,0;25049,0;24284,0
CAR1660;2024;125930,0;66356,0;73603,0
CAR1661;2024;22905,0;23717,0;23814,0
CAR1663;2023;75000,0;195693,0;248321,0
CAR1663;2024;115314,0;248321,0;228084,0
CAR1664;2024;8246,0;24761,0;23130,0
CAR1674;2024;301009,0;864873,0;153704,0
CAR1674;2025;225951,0;347400,0;276775,0
CAR1675;2024;8908,0;20145,0;8163,0
CAR1696;2024;24627,0;216607,0;102609,0
CAR1696;2025;94817,0;102609,0;113887,0
CAR1704;2024;21033,0;46787,0;22626,0
CAR1710;2023;6317,0;63039,0;62491,0
CAR1731;2024;2000,0;6356,0;889,0
CAR1735;2024;10450,0;23259,0;8084,0
CAR1736;2024;4455,0;4555,0;3737,0
CAR1737;2024;4173,0;4273,0;2896,0
CAR1739;2024;119,0;113128,0;170930,0
CAR1739;2025;107944,0;333554,0;77913,0
CAR1744;2023;43646,0;43646,0;33910,0
CAR1749;2025;3982,0;30475,0;3563,0
CAR1767;2025;3110,0;31176,0;3577,0
CAR1820;2024;91,0;81113,0;84716,0
CAR1820;2025;38325,0;169012,0;45067,0
CAR1829;2024;48296,0;285355,0;23675,0
CAR1850;2025;80250,0;328654,0;74315,0
CAR1859;2025;44082,0;66849,0;79286,0
CAR1863;2024;1000,0;387898,0;204479,0
CAR1865;2024;10,0;387655,0;207504,0
CAR1922;2025;3000,0;32893,0;2593,0
CAR1998;2025;375,0;13409,0;1804,0
CAR2000;2025;375,0;9094,0;1554,0
CAR2001;2025;375,0;6963,0;982,0
CAR2002;2025;375,0;2285,0;365,0
GS347;2009;33540,0;61596,0;59124,0
GS347;2010;37047,0;71266,0;57867,0
GS347;2011;7334,0;60884,0;62662,0
GS347;2012;26407,0;63903,0;62896,0
GS347;2013;22239,0;63304,0;16808,0
GS351;2023;890,0;177990,0;17448,0
GS352;2010;58690,0;186321,0;92886,0
GS352;2011;145829,0;68737,0;138505,0
GS352;2012;97325,0;138505,0;144733,0
GS352;2013;92480,0;144733,0;141271,0
GS352;2014;102597,0;141271,0;116022,0
GS352;2015;30577,0;146604,0;30582,0
GS352;2017;73323,0;130850,0;109344,0
GS352;2018;55574,0;111459,0;108280,0
GS352;2019;68903,0;113945,0;110897,0
GS352;2020;89217,0;117609,0;123030,0
GS352;2021;145735,0;115683,0;116316,0
GS352;2023;113976,0;228318,0;112482,0
GS352;2025;108871,0;263752,0;24925,0
GS355;2012;784,0;784,0;1122,0
GS367;2010;153894,0;208025,0;114350,0
GS367;2011;27255,0;120035,0;126327,0
GS367;2012;40386,0;130786,0;50408,0
GS367;2023;35602,0;816099,0;175582,0
GS367;2024;22760,0;330845,0;162953,0
GS367;2025;20460,0;320334,0;49853,0
GS368;2009;4473,0;84441,0;83992,0
GS368;2010;90542,0;103684,0;83992,0
GS368;2011;118557,0;85950,0;87104,0
GS368;2012;54784,0;86513,0;81664,0
GS369;2010;58842,0;60174,0;61921,0
GS369;2011;28827,0;59784,0;70876,0
GS369;2012;8012,0;72715,0;59964,0
GS369;2013;44300,0;59039,0;8948,0
GS369;2022;59890,0;90879,0;52596,0
GS390;2014;167665,0;68678,0;84360,0
GS390;2019;86300,0;156534,0;70103,0
GS390;2021;11685,0;214341,0;68633,0
GS397;2010;12127,0;204337,0;123454,0
GS397;2011;81884,0;119306,0;106637,0
GS397;2013;35928,0;153709,0;96039,0
GS397;2014;11234,0;180516,0;129224,0
GS397;2019;245144,0;510733,0;135328,0
GS397;2021;88346,0;317242,0;46186,0
GS398;2011;57284,0;82224,0;132777,0
GS398;2012;10479,0;122962,0;237630,0
GS398;2013;176839,0;231043,0;257882,0
GS398;2020;442218,0;1323423,0;243613,0
GS398;2021;124271,0;622853,0;251271,0
GS398;2022;453014,0;7454,0;268949,0
GS399;2011;43459,0;46599,0;45204,0
GS399;2012;18840,0;88739,0;56058,0
GS407;2011;2000,0;252682,0;309562,0
GS407;2013;110929,0;443533,0;310461,0
GS407;2014;30858,0;339585,0;405889,0
GS407;2016;376413,0;824977,0;537344,0
GS407;2018;339096,0;1150576,0;551711,0
GS407;2020;252427,0;848659,0;730999,0
GS407;2021;315953,0;495545,0;683663,0
GS407;2022;837017,0;801020,0;312799,0
GS413;2011;55204,0;79012,0;163054,0
GS413;2012;103975,0;207022,0;236819,0
GS413;2013;92611,0;236819,0;292473,0
GS413;2014;205737,0;292473,0;218399,0
GS413;2016;101965,0;200000,0;169686,0
GS413;2017;172595,0;207240,0;90966,0
GS414;2011;17880,0;70068,0;154522,0
GS414;2012;42163,0;194096,0;165651,0
GS414;2013;115707,0;165651,0;217007,0
GS414;2014;144145,0;278391,0;67375,0
GS414;2016;115954,0;150000,0;58612,0
GS423;2010;1003,0;1298,0;2722,0
GS423;2011;1457,0;2374,0;2625,0
GS423;2015;4391,0;5281,0;2967,0
GS423;2016;1495,0;6912,0;3588,0
GS423;2018;309,0;3134,0;1984,0
GS423;2020;150,0;4086,0;3376,0
GS436;2011;64000,0;60852,0;65617,0
GS437;2012;7430,0;45404,0;11853,0
GS438;2011;5,0;54624,0;43569,0
GS438;2012;34372,0;45842,0;17650,0
GS439;2009;2484,0;44050,0;25079,0
GS439;2010;23955,0;23208,0;24671,0
GS439;2011;5581,0;23568,0;28949,0
GS439;2012;23880,0;32747,0;28702,0
GS439;2013;35311,0;25075,0;4338,0
GS439;2022;26576,0;68344,0;23168,0
GS440;2009;65621,0;649241,0;446503,0
GS440;2010;666113,0;463210,0;490728,0
GS440;2011;449914,0;484240,0;425493,0
GS440;2012;440837,0;417824,0;458832,0
GS440;2013;235019,0;528679,0;624841,0
GS445;2011;33000,0;66880,0;48952,0
GS445;2015;20505,0;167029,0;46319,0
GS445;2018;79677,0;94166,0;29620,0
GS447;2010;400,0;69952,0;169084,0
GS447;2011;22928,0;171746,0;220542,0
GS447;2012;50962,0;382046,0;335612,0
GS447;2013;267582,0;267941,0;482134,0
GS447;2014;87444,0;482134,0;713792,0
GS447;2015;748276,0;139689,0;711962,0
GS447;2016;589508,0;980920,0;613532,0
GS447;2017;1025011,0;650000,0;787747,0
GS447;2018;576446,0;862319,0;764535,0
GS447;2019;743090,0;769535,0;759570,0
GS447;2020;667544,0;761760,0;703298,0
GS447;2021;840181,0;623901,0;1078354,0
GS447;2022;542231,0;1344666,0;1131153,0
GS447;2023;1020893,0;767866,0;1053423,0
GS447;2024;815501,0;1081324,0;1083453,0
GS447;2025;517953,0;1053669,0;629560,0
GS457;2008;2214,0;24608,0;9807,0
GS464;2012;12578,0;24110,0;63069,0
GS464;2013;23714,0;63069,0;116358,0
GS464;2014;68393,0;116358,0;181996,0
GS464;2015;32038,0;181996,0;163057,0
GS464;2017;105454,0;163057,0;287347,0
GS464;2018;29034,0;513529,0;312511,0
GS464;2020;98816,0;312511,0;338520,0
GS464;2021;375475,0;357766,0;469066,0
GS464;2022;743389,0;338520,0;507963,0
GS464;2023;546582,0;469066,0;356975,0
GS467;2016;936,0;4447,0;1852,0
GS472;2010;66909,0;455478,0;248316,0
GS472;2011;165618,0;248316,0;310115,0
GS472;2012;278972,0;310115,0;267835,0
GS472;2013;242262,0;267835,0;277377,0
GS472;2014;310754,0;357746,0;234584,0
GS472;2015;289087,0;222607,0;196587,0
GS472;2016;293858,0;204737,0;184073,0
GS472;2017;310996,0;107531,0;213831,0
GS472;2018;151290,0;213831,0;203532,0
GS472;2019;81172,0;203532,0;193044,0
GS472;2020;95022,0;193044,0;132400,0
GS474;2011;1937,0;169945,0;203264,0
GS474;2017;8286,0;622555,0;22249,0
GS474;2021;110785,0;602267,0;184687,0
GS474;2023;462612,0;344803,0;175174,0
GS493;2014;4804,0;4804,0;2451,0
GS500;2014;5000,0;35359,0;18049,0
GS500;2015;22178,0;21258,0;26687,0
GS500;2016;14965,0;33126,0;41510,0
GS500;2017;21925,0;41510,0;48152,0
GS500;2018;46307,0;48152,0;52102,0
GS500;2019;22620,0;52102,0;51671,0
GS503;2010;26925,0;42089,0;30757,0
GS503;2011;4908,0;33063,0;29580,0
GS503;2012;19426,0;29580,0;31798,0
GS503;2013;25627,0;31798,0;26941,0
GS504;2010;12992,0;13728,0;20878,0
GS504;2011;7035,0;13606,0;27162,0
GS504;2013;25405,0;48040,0;31773,0
GS504;2014;21752,0;29758,0;59988,0
GS504;2016;27390,0;47659,0;87057,0
GS504;2020;3599,0;435983,0;82587,0
GS504;2021;108162,0;84955,0;77177,0
GS504;2022;102772,0;80025,0;36883,0
GS505;2015;87231,0;167310,0;62206,0
GS518;2013;1953,0;3322,0;2527,0
GS518;2014;854,0;2333,0;2312,0
GS518;2016;5630,0;3791,0;433,0
GS545;2012;4508,0;2220,0;876,0
GS547;2012;7615,0;11149,0;4999,0
GS554;2015;158786,0;273355,0;105564,0
GS561;2012;1407,0;2775,0;792,0
GS566;2010;3000,0;71829,0;38811,0
GS566;2011;47534,0;26710,0;33528,0
GS566;2013;13105,0;39918,0;38774,0
GS566;2015;14231,0;47876,0;42340,0
GS566;2017;12091,0;69986,0;32079,0
GS566;2018;13186,0;29144,0;32886,0
GS566;2020;13434,0;97762,0;37422,0
GS566;2022;70288,0;80945,0;9641,0
GS567;2023;96689,0;129108,0;38291,0
GS567;2024;8050,0;36689,0;15368,0
GS576;2012;17136,0;47993,0;46893,0
GS576;2013;77750,0;46893,0;44617,0
GS576;2014;50000,0;53759,0;9142,0
GS576;2024;927,0;63654,0;43516,0
GS601;2012;28253,0;29010,0;30339,0
GS601;2013;44655,0;30339,0;34392,0
GS601;2014;4001,0;34392,0;27899,0
GS601;2015;18210,0;27899,0;43593,0
GS601;2016;51456,0;43593,0;49315,0
GS601;2017;10232,0;47706,0;39572,0
GS601;2018;10405,0;41181,0;37992,0
GS601;2019;17349,0;37992,0;40631,0
GS601;2020;33099,0;40631,0;41533,0
GS601;2021;44829,0;41533,0;45875,0
GS601;2022;27614,0;45875,0;45034,0
GS601;2023;17760,0;45034,0;36609,0
GS601;2024;40875,0;36115,0;51331,0
GS605;2011;8386,0;624043,0;246093,0
GS605;2012;87308,0;293876,0;256741,0
GS605;2013;290531,0;248006,0;39048,0
GS608;2020;101,0;419842,0;228112,0
GS608;2021;412475,0;532616,0;243548,0
GS612;2013;73419,0;90312,0;100714,0
GS612;2014;103318,0;129293,0;89785,0
GS612;2015;75301,0;90579,0;95370,0
GS612;2016;122784,0;95830,0;88985,0
GS612;2017;87599,0;59152,0;39857,0
GS612;2018;85069,0;39857,0;77571,0
GS612;2019;41837,0;77571,0;75243,0
GS612;2020;71235,0;75243,0;55134,0
GS613;2011;9611,0;25444,0;80370,0
GS613;2013;47027,0;150582,0;62443,0
GS617;2014;109956,0;202710,0;152906,0
GS617;2015;106051,0;203854,0;156353,0
GS617;2016;77288,0;193450,0;163571,0
GS617;2018;179159,0;221853,0;147671,0
GS617;2020;59736,0;328879,0;149891,0
GS633;2012;1903,0;116736,0;54368,0
GS633;2014;11149,0;143745,0;44029,0
GS633;2018;86548,0;68814,0;998,0
GS633;2022;2354,0;50950,0;27092,0
GS634;2012;24412,0;42544,0;28522,0
GS634;2014;24873,0;43644,0;8171,0
GS666;2012;23730,0;47526,0;23450,0
GS666;2013;16732,0;23452,0;23315,0
GS666;2015;5942,0;23382,0;23166,0
GS666;2016;3519,0;46388,0;23200,0
GS666;2017;55042,0;23179,0;23178,0
GS666;2018;21411,0;23176,0;21343,0
GS666;2019;37361,0;21719,0;12103,0
GS672;2012;19488,0;65271,0;58885,0
GS672;2014;75596,0;96855,0;64006,0
GS672;2015;8403,0;88425,0;86355,0
GS672;2016;99992,0;91196,0;82292,0
GS672;2018;55940,0;142363,0;77841,0
GS672;2021;150607,0;151194,0;78917,0
GS672;2023;2209,0;165452,0;73347,0
GS672;2024;71707,0;163232,0;86550,0
GS675;2013;136043,0;249933,0;162183,0
GS683;2012;1021,0;48599,0;41374,0
GS683;2014;45092,0;95290,0;31941,0
GS683;2019;1624,0;133967,0;69064,0
GS683;2020;38926,0;119490,0;77111,0
GS685;2011;320,0;53228,0;84983,0
GS685;2013;10781,0;156164,0;56625,0
GS685;2016;9116,0;83076,0;88551,0
GS685;2018;31495,0;88697,0;74590,0
GS685;2019;33748,0;183548,0;75006,0
GS685;2023;42664,0;258242,0;17469,0
GS689;2013;288,0;8201,0;4757,0
GS689;2014;257,0;4170,0;4376,0
GS689;2015;35,0;4988,0;1597,0
GS690;2011;27,0;12368,0;31422,0
GS690;2012;1203,0;28229,0;81991,0
GS690;2013;1468,0;78023,0;121255,0
GS696;2014;5240,0;18573,0;13396,0
GS702;2019;3367,0;82627,0;22193,0
GS702;2022;1478,0;69291,0;34862,0
GS707;2015;25164,0;400000,0;1511594,0
GS707;2016;238655,0;696707,0;1759080,0
GS707;2020;492089,0;2490963,0;874500,0
GS707;2021;2237893,0;4233439,0;683608,0
GS707;2024;394752,0;2013037,0;13487,0
GS715;2013;291391,0;396231,0;288877,0
GS716;2016;105,0;11040,0;11463,0
GS716;2017;66,0;11542,0;8578,0
GS716;2018;518,0;11463,0;5713,0
GS716;2020;63413,0;14291,0;357,0
GS733;2012;15428,0;26774,0;22228,0
GS733;2014;4944,0;41167,0;417,0
GS735;2012;500,0;373178,0;173022,0
GS744;2018;1771,0;236637,0;117354,0
GS744;2021;44622,0;287270,0;116038,0
GS745;2021;3110,0;155600,0;68392,0
GS748;2016;1266,0;4414,0;2697,0
GS750;2014;21358,0;128410,0;60807,0
GS750;2017;67213,0;168194,0;59296,0
GS750;2018;7252,0;84022,0;58921,0
GS751;2012;40965,0;54137,0;69438,0
GS751;2013;40386,0;69438,0;97221,0
GS751;2014;101771,0;97221,0;85446,0
GS751;2015;91463,0;85446,0;117437,0
GS751;2016;118408,0;117437,0;117063,0
GS751;2017;112500,0;117063,0;104237,0
GS751;2018;36309,0;104237,0;103000,0
GS751;2019;110247,0;103000,0;62440,0
GS751;2020;120890,0;62440,0;62820,0
GS751;2021;8033,0;62820,0;52392,0
GS751;2023;43797,0;114156,0;51739,0
GS751;2024;76521,0;51739,0;29396,0
GS753;2013;694,0;167708,0;81118,0
GS753;2018;5329,0;362878,0;33213,0
GS753;2021;169347,0;268524,0;123942,0
GS753;2023;45031,0;201037,0;107233,0
GS764;2022;4062,0;58190,0;21337,0
GS768;2020;86,0;49560,0;26373,0
GS768;2021;5054,0;10000,0;23175,0
GS769;2013;3200,0;22119,0;46129,0
GS769;2014;4750,0;46129,0;73960,0
GS769;2015;7671,0;73960,0;106580,0
GS769;2016;96551,0;106580,0;136944,0
GS769;2017;71187,0;136944,0;169414,0
GS769;2018;20052,0;169414,0;176391,0
GS769;2020;180139,0;379678,0;219578,0
GS769;2021;184570,0;219578,0;236881,0
GS769;2023;303442,0;236881,0;293902,0
GS816;2016;51669,0;344453,0;172049,0
GS816;2018;191894,0;403138,0;66382,0
GS817;2013;36,0;4644,0;4655,0
GS817;2016;91,0;4571,0;4588,0
GS817;2017;93,0;4281,0;4019,0
GS824;2013;12994,0;37726,0;26688,0
GS824;2014;19494,0;56369,0;25283,0
GS824;2015;32885,0;30734,0;21437,0
GS825;2014;9,0;1759,0;2194,0
GS828;2023;27190,0;139644,0;47006,0
GS832;2014;9078,0;9261,0;10000,0
GS832;2015;27057,0;27507,0;10000,0
GS835;2012;25020,0;23071,0;21527,0
GS835;2013;18577,0;30561,0;21050,0
GS835;2014;4990,0;15708,0;17020,0
GS835;2016;35000,0;25763,0;12816,0
GS835;2019;385,0;10282,0;14216,0
GS835;2020;21179,0;14216,0;16636,0
GS835;2021;30056,0;16636,0;12202,0
GS835;2023;18796,0;12202,0;4747,0
GS843;2014;51,0;43220,0;27590,0
GS843;2015;12192,0;40530,0;24316,0
GS850;2013;40000,0;75427,0;34986,0
GS850;2015;24718,0;80026,0;18339,0
GS854;2023;15161,0;146531,0;22092,0
GS872;2013;1148,0;36775,0;15917,0
GS879;2013;6034,0;10680,0;27285,0
GS879;2014;1904,0;37032,0;36312,0
GS879;2015;8114,0;36312,0;59274,0
GS879;2016;77831,0;59274,0;87353,0
GS879;2017;29419,0;87353,0;109698,0
GS879;2018;51126,0;109698,0;130673,0
GS879;2020;89467,0;276173,0;162894,0
GS879;2022;181732,0;162894,0;238699,0
GS879;2023;250316,0;422248,0;289372,0
GS879;2024;267326,0;289372,0;306908,0
GS883;2012;12768,0;25465,0;24060,0
GS883;2013;14170,0;24191,0;24379,0
GS883;2015;7342,0;24441,0;13839,0
GS886;2012;25840,0;1355185,0;1728304,0
GS886;2013;300872,0;1310330,0;1138991,0
GS886;2014;1251147,0;1810690,0;96736,0
GS905;2018;1939,0;566318,0;190234,0
GS905;2022;207811,0;529365,0;186300,0
GS905;2023;241172,0;276056,0;177356,0
GS905;2024;282653,0;272893,0;180177,0
GS906;2013;492,0;79298,0;47543,0
GS906;2014;57616,0;53896,0;42918,0
GS906;2015;9473,0;69172,0;49983,0
GS906;2016;86365,0;48648,0;50159,0
GS913;2022;24749,0;50632,0;16880,0
GS922;2018;6695,0;9195,0;8024,0
GS922;2020;171,0;28992,0;4947,0
GS935;2020;80020,0;288074,0;197624,0
GS935;2022;114298,0;330393,0;163362,0
GS949;2013;60656,0;448844,0;447514,0
GS949;2014;110427,0;303913,0;508427,0
GS963;2015;77717,0;58175,0;45807,0
GS966;2012;1150,0;20082,0;173130,0
GS966;2013;40981,0;147579,0;231486,0
GS966;2014;110073,0;236238,0;342843,0
GS966;2015;164142,0;551079,0;552967,0
GS971;2014;83037,0;260430,0;222036,0
GS971;2015;207787,0;360880,0;276987,0
GS971;2016;247503,0;262436,0;293187,0
GS976;2016;4782,0;36931,0;28548,0
GS976;2017;33859,0;18289,0;24345,0
GS977;2016;1289,0;14780,0;736,0
GS980;2023;4574,0;23121,0;5438,0
GS980;2024;9077,0;9077,0;5267,0
GS986;2011;1801,0;4591,0;817,0
GS986;2014;2618,0;2482,0;510,0
GS986;2015;704,0;1304,0;67,0
GS988;2013;6767,0;7271,0;9999,0
GS988;2015;138,0;23513,0;4989,0
GS988;2017;11849,0;3951,0;1635,0
GS989;2017;10997,0;2277,0;225,0
GS991;2012;3347,0;5455,0;920,0
GS992;2012;7350,0;8567,0;7739,0
GS992;2016;6575,0;3466,0;221,0
GS993;2012;4335,0;4423,0;7632,0
GS993;2016;539,0;4731,0;3095,0
GS993;2017;7988,0;3029,0;1990,0
GS997;2015;5651,0;5765,0;4389,0
GS997;2017;8711,0;10987,0;5869,0
GS997;2019;8566,0;11748,0;6110,0
GS997;2022;12404,0;12207,0;3420,0
GS1001;2017;4620,0;91066,0;161280,0
GS1001;2018;42828,0;161280,0;149810,0
GS1001;2020;105848,0;311095,0;108960,0
GS1006;2016;467,0;2942,0;2808,0
GS1006;2017;11801,0;3524,0;1256,0
GS1006;2018;37,0;3801,0;114,0
GS1013;2015;61210,0;167249,0;180192,0
GS1013;2017;74002,0;227559,0;84210,0
GS1015;2020;85009,0;72254,0;49306,0
GS1015;2021;48691,0;49306,0;52804,0
GS1015;2023;73275,0;98867,0;49094,0
GS1015;2024;27815,0;49094,0;46729,0
GS1020;2012;9400,0;43087,0;55005,0
GS1020;2013;33122,0;51634,0;74862,0
GS1020;2014;44958,0;92463,0;125055,0
GS1020;2015;64311,0;138329,0;143856,0
GS1020;2017;90083,0;146022,0;128314,0
GS1020;2018;47973,0;118584,0;80651,0
GS1020;2019;32518,0;166645,0;90993,0
GS1020;2020;172559,0;90993,0;93878,0
GS1020;2021;198846,0;93878,0;84820,0
GS1020;2022;95468,0;84820,0;106498,0
GS1020;2023;71396,0;106498,0;101103,0
GS1020;2024;84635,0;101103,0;35018,0
GS1021;2018;8773,0;36438,0;38806,0
GS1021;2020;93753,0;68820,0;33426,0
GS1021;2021;48286,0;47672,0;36101,0
GS1021;2022;1761,0;36101,0;36617,0
GS1021;2023;72042,0;36617,0;33752,0
GS1021;2024;182,0;33752,0;35575,0
GS1028;2017;6755,0;6892,0;5715,0
GS1028;2019;11921,0;12163,0;5921,0
GS1028;2020;5836,0;5921,0;4354,0
GS1029;2014;32080,0;102321,0;4231,0
GS1030;2014;32423,0;81923,0;5036,0
GS1031;2014;2100,0;98492,0;5302,0
GS1033;2014;4409,0;4693,0;4687,0
GS1033;2015;6091,0;4685,0;4676,0
GS1033;2020;8502,0;13622,0;4541,0
GS1034;2013;850,0;58000,0;67288,0
GS1034;2017;64193,0;73207,0;55695,0
GS1038;2013;4589,0;5995,0;1464,0
GS1038;2014;812,0;4828,0;1765,0
GS1038;2015;655,0;3018,0;58,0
GS1042;2013;48532,0;82711,0;57619,0
GS1042;2014;20888,0;50265,0;54831,0
GS1042;2016;56882,0;7500,0;48658,0
GS1042;2017;25157,0;32669,0;48162,0
GS1042;2018;32451,0;41000,0;56842,0
GS1042;2019;13847,0;88645,0;45042,0
GS1044;2013;12000,0;20042,0;35999,0
GS1044;2014;20880,0;35999,0;24313,0
GS1044;2015;24665,0;28338,0;4025,0
GS1044;2022;66565,0;277803,0;101326,0
GS1044;2023;85620,0;142971,0;86814,0
GS1044;2024;144517,0;74027,0;63938,0
GS1049;2013;33322,0;218307,0;186618,0
GS1049;2016;27836,0;245608,0;241592,0
GS1049;2018;173160,0;200457,0;95298,0
GS1049;2019;36500,0;489863,0;103226,0
GS1049;2023;173457,0;362126,0;32673,0
GS1059;2015;2748,0;1423,0;1423,0
GS1059;2018;1970,0;2846,0;1420,0
GS1061;2016;12171,0;244503,0;167868,0
GS1064;2013;2785,0;3150,0;9039,0
GS1064;2014;9000,0;9039,0;9891,0
GS1064;2017;19397,0;9287,0;10000,0
GS1067;2020;77055,0;325412,0;34795,0
GS1067;2022;35312,0;99645,0;59114,0
GS1074;2018;6427,0;37000,0;19707,0
GS1074;2019;11522,0;4246,0;18978,0
GS1074;2021;16905,0;41242,0;15210,0
GS1078;2015;30871,0;31500,0;23191,0
GS1078;2017;1,0;36353,0;31976,0
GS1078;2018;60098,0;25897,0;41913,0
GS1078;2019;4727,0;33059,0;19972,0
GS1078;2020;6711,0;43422,0;27120,0
GS1078;2021;61428,0;44621,0;31420,0
GS1083;2013;19335,0;510952,0;638969,0
GS1083;2015;356289,0;779924,0;466256,0
GS1090;2022;2801,0;47132,0;41055,0
GS1091;2020;129198,0;154226,0;74622,0
GS1091;2023;10999,0;158647,0;81879,0
GS1094;2013;5009,0;5009,0;5036,0
GS1094;2014;4998,0;4998,0;5201,0
GS1094;2015;4900,0;4999,0;4907,0
GS1094;2019;320,0;9649,0;4647,0
GS1094;2021;4621,0;9429,0;3290,0
GS1095;2014;8252,0;8252,0;5166,0
GS1095;2015;2193,0;4999,0;4847,0
GS1095;2021;6507,0;9118,0;3922,0
GS1096;2014;6643,0;6643,0;5149,0
GS1096;2015;565,0;4999,0;4863,0
GS1096;2019;91,0;9386,0;4538,0
GS1096;2021;5516,0;9217,0;3989,0
GS1097;2014;5540,0;5540,0;5177,0
GS1097;2015;4900,0;4999,0;4831,0
GS1097;2021;7397,0;8999,0;4007,0
GS1098;2014;400,0;8935,0;4051,0
GS1098;2016;50,0;9170,0;4814,0
GS1098;2018;14263,0;6851,0;2673,0
GS1098;2020;142,0;8730,0;2966,0
GS1098;2023;5809,0;5959,0;3035,0
GS1100;2018;200,0;6509,0;2646,0
GS1100;2020;129,0;7527,0;2456,0
GS1100;2023;375,0;4903,0;2505,0
GS1101;2016;7500,0;8131,0;4440,0
GS1101;2018;200,0;6569,0;3479,0
GS1101;2020;129,0;9223,0;2788,0
GS1101;2023;7152,0;5600,0;2891,0
GS1103;2014;2400,0;7679,0;3809,0
GS1103;2016;687,0;8292,0;4480,0
GS1103;2018;3858,0;6568,0;3518,0
GS1103;2020;130,0;9108,0;2756,0
GS1103;2023;9997,0;5465,0;2736,0
GS1104;2020;510,0;8268,0;2504,0
GS1104;2023;5480,0;5054,0;2502,0
GS1124;2021;726,0;6669,0;5809,0
GS1124;2022;502,0;6620,0;7348,0
GS1124;2023;46,0;5746,0;1145,0
GS1128;2023;1858,0;8178,0;47352,0
GS1128;2024;79992,0;78156,0;7796,0
GS1134;2022;99482,0;329779,0;98159,0
GS1138;2023;48789,0;379033,0;227258,0
GS1138;2024;195914,0;231068,0;237920,0
GS1146;2019;3183,0;4148,0;8680,0
GS1146;2021;7082,0;7082,0;3419,0
GS1147;2016;21,0;1093,0;738,0
GS1147;2020;3801,0;3958,0;559,0
GS1161;2013;255,0;19476,0;6167,0
GS1173;2018;244,0;78606,0;12608,0
GS1173;2020;28068,0;41352,0;36485,0
GS1173;2023;341,0;69836,0;14358,0
GS1174;2014;32386,0;33046,0;36739,0
GS1174;2016;56634,0;45597,0;44848,0
GS1174;2017;21580,0;44848,0;42590,0
GS1174;2018;19389,0;42590,0;45994,0
GS1174;2019;80251,0;45994,0;50416,0
GS1174;2020;51597,0;50416,0;51872,0
GS1174;2022;66817,0;107376,0;50568,0
GS1178;2014;1400,0;31737,0;20608,0
GS1178;2016;28603,0;27754,0;36126,0
GS1178;2017;25565,0;33675,0;30195,0
GS1178;2018;1986,0;59792,0;30772,0
GS1178;2021;74627,0;48811,0;33695,0
GS1178;2024;99,0;65366,0;22375,0
GS1190;2020;136543,0;240645,0;98660,0
GS1190;2022;25918,0;133666,0;95234,0
GS1190;2023;185844,0;201554,0;9251,0
GS1191;2015;133,0;1967,0;2377,0
GS1191;2020;1918,0;6696,0;9945,0
GS1191;2022;3429,0;17131,0;10000,0
GS1191;2023;18885,0;13318,0;8500,0
GS1199;2023;9262,0;21474,0;8036,0
GS1207;2022;30201,0;80492,0;52077,0
GS1208;2020;59442,0;67487,0;37355,0
GS1208;2022;21515,0;66957,0;22088,0
GS1221;2018;1247,0;3060,0;2374,0
GS1221;2019;510,0;3447,0;2301,0
GS1221;2020;17,0;3885,0;1906,0
GS1228;2014;16867,0;120163,0;50607,0
GS1228;2015;62818,0;94905,0;56517,0
GS1228;2016;75607,0;54923,0;50402,0
GS1228;2018;46129,0;70975,0;32915,0
GS1228;2020;80995,0;94254,0;10201,0
GS1229;2018;206,0;1335,0;2314,0
GS1229;2021;2407,0;3888,0;1787,0
GS1230;2020;8768,0;38734,0;15493,0
GS1230;2022;15382,0;32051,0;12708,0
GS1237;2016;3319,0;104168,0;79695,0
GS1237;2018;161,0;112253,0;73721,0
GS1237;2020;103744,0;148414,0;80634,0
GS1237;2023;20089,0;157892,0;82482,0
GS1237;2025;19668,0;153369,0;36901,0
GS1244;2019;380,0;47185,0;12493,0
GS1248;2016;8206,0;8306,0;2762,0
GS1248;2017;2707,0;2762,0;1963,0
GS1248;2018;2024,0;1963,0;4885,0
GS1248;2020;10010,0;10200,0;7697,0
GS1249;2016;8501,0;8593,0;3046,0
GS1249;2017;2986,0;3046,0;2165,0
GS1249;2018;2214,0;2165,0;872,0
GS1253;2018;98687,0;140770,0;36476,0
GS1253;2020;11262,0;78414,0;32683,0
GS1253;2021;10591,0;18421,0;2670,0
GS1267;2016;1670,0;7500,0;10000,0
GS1267;2017;100,0;5002,0;10000,0
GS1267;2019;11072,0;18760,0;7744,0
GS1267;2020;19596,0;18692,0;2835,0
GS1267;2021;397,0;3082,0;82,0
GS1288;2022;1571,0;1854,0;659,0
GS1294;2020;2409,0;10000,0;7367,0
GS1294;2021;110,0;6973,0;8202,0
GS1296;2017;15576,0;20000,0;10000,0
GS1296;2018;1375,0;10000,0;10000,0
GS1296;2019;27776,0;20000,0;9999,0
GS1296;2021;11698,0;13996,0;10761,0
GS1296;2023;5958,0;10000,0;10000,0
GS1303;2018;795,0;60485,0;40676,0
GS1303;2020;398,0;87138,0;42080,0
GS1303;2023;1983,0;69669,0;19419,0
GS1306;2016;734,0;38150,0;23136,0
GS1306;2017;15408,0;22314,0;28523,0
GS1306;2018;18028,0;42849,0;10772,0
GS1321;2014;53846,0;54846,0;165780,0
GS1321;2015;41503,0;206161,0;277110,0
GS1321;2017;114018,0;289542,0;168215,0
GS1321;2019;120294,0;302269,0;116209,0
GS1321;2020;231248,0;196494,0;115473,0
GS1321;2022;110446,0;207513,0;217454,0
GS1321;2023;113845,0;263217,0;237168,0
GS1322;2021;53250,0;319116,0;113961,0
GS1332;2015;20,0;10560,0;5369,0
GS1332;2017;1120,0;6484,0;6968,0
GS1332;2018;6067,0;10000,0;10086,0
GS1332;2019;9800,0;10000,0;10370,0
GS1332;2020;80,0;10000,0;10110,0
GS1334;2016;3465,0;6929,0;6391,0
GS1334;2017;3132,0;6391,0;5854,0
GS1334;2018;2869,0;5854,0;4808,0
GS1350;2019;879,0;71699,0;80558,0
GS1350;2020;5178,0;80558,0;56027,0
GS1359;2014;1500,0;10000,0;9955,0
GS1359;2015;8498,0;12074,0;10000,0
GS1359;2016;11863,0;9593,0;10041,0
GS1359;2018;9801,0;20000,0;10000,0
GS1359;2019;9801,0;10000,0;6533,0
GS1359;2021;7424,0;6085,0;2998,0
GS1363;2021;46938,0;47375,0;30670,0
GS1363;2024;883,0;59332,0;29338,0
GS1363;2025;6474,0;81947,0;5896,0
GS1364;2016;378,0;64773,0;70420,0
GS1364;2017;99589,0;72574,0;67408,0
GS1364;2018;22948,0;67249,0;67439,0
GS1364;2019;54158,0;70660,0;68817,0
GS1364;2020;28580,0;70326,0;71129,0
GS1364;2021;67700,0;69705,0;73680,0
GS1364;2024;48217,0;77121,0;77015,0
GS1364;2025;74165,0;146221,0;19459,0
GS1365;2014;566,0;62956,0;36017,0
GS1365;2016;1015,0;65094,0;7342,0
GS1367;2018;2474,0;25568,0;11036,0
GS1368;2019;16000,0;56637,0;85280,0
GS1368;2020;24626,0;201607,0;115722,0
GS1368;2023;300,0;141451,0;102186,0
GS1383;2020;115715,0;115715,0;58026,0
GS1693;2022;8528,0;8528,0;8420,0
GS1694;2023;8528,0;17088,0;2375,0
GS1695;2023;8528,0;8668,0;2375,0
GS1696;2023;8528,0;8668,0;2375,0
GS1697;2023;8528,0;8668,0;2375,0
GS1698;2023;8528,0;8668,0;2375,0
GS1699;2023;8528,0;8668,0;2375,0
GS1700;2023;8528,0;8668,0;2375,0
GS1701;2023;8524,0;8668,0;2375,0
GS1702;2023;8528,0;8668,0;2375,0
GS1705;2023;8291,0;8668,0;2375,0
GS1706;2023;7373,0;8668,0;2375,0
GS1707;2023;8291,0;8668,0;2375,0
GS1708;2023;8291,0;8668,0;2375,0
GS1709;2023;8291,0;8668,0;2375,0
GS1710;2023;8291,0;8668,0;2375,0
GS1711;2023;8291,0;8668,0;2375,0
GS1712;2023;8291,0;8668,0;2375,0
GS1713;2023;8291,0;8668,0;2375,0
GS1714;2023;8291,0;8668,0;2375,0
GS1715;2023;8291,0;8668,0;2375,0
GS1716;2023;8291,0;8668,0;2375,0
GS1717;2023;8291,0;8668,0;2375,0
GS1718;2023;4196,0;8668,0;2375,0
GS1719;2023;540,0;8668,0;2375,0
GS1720;2023;497,0;8668,0;2375,0
GS1721;2023;8291,0;8668,0;2375,0
GS1722;2023;8291,0;8668,0;2375,0
GS1723;2023;8291,0;8668,0;2375,0
GS1724;2023;4630,0;8668,0;2375,0
GS1741;2022;1473,0;8844,0;8685,0
GS1890;2024;80271,0;274970,0;87516,0
GS2094;2016;1906,0;42238,0;138150,0
GS2094;2017;54582,0;150607,0;205720,0
GS2094;2018;50181,0;161656,0;253747,0
GS2094;2019;68746,0;374722,0;281342,0
GS2094;2020;382699,0;174889,0;358151,0
GS2094;2021;269160,0;344184,0;458563,0
GS2094;2022;424251,0;399837,0;757025,0
GS2094;2023;232886,0;283953,0;733759,0
GS2094;2024;332968,0;1398226,0;736170,0
GS2095;2016;9210,0;9249,0;26974,0
GS2095;2017;10062,0;33102,0;39904,0
GS2095;2019;17102,0;81226,0;72881,0
GS2095;2020;5588,0;58222,0;60000,0
GS2095;2023;20717,0;247578,0;60000,0
GS2095;2025;75101,0;105000,0;15000,0
GS2293;2018;18745,0;180744,0;32540,0
GS2296;2018;72,0;106601,0;51312,0
GS2296;2019;29253,0;77432,0;154749,0
GS2296;2021;62441,0;190576,0;218374,0
GS2296;2022;67708,0;371147,0;558502,0
GS2296;2023;245845,0;319633,0;626468,0
GS2296;2024;245897,0;572881,0;449106,0
GS2405;2017;43079,0;33425,0;2040,0
GS2429;2017;4000,0;13926,0;6986,0
GS2429;2019;1375,0;11687,0;7974,0
GS2429;2023;7247,0;14484,0;3526,0
GS2435;2023;1179,0;185011,0;47707,0
GS2444;2018;169313,0;221038,0;35646,0
GS2445;2017;25250,0;75000,0;51337,0
GS2445;2018;220371,0;175634,0;716,0
GS2446;2019;48614,0;172539,0;142,0
GS2456;2018;4867,0;9894,0;9485,0
GS2456;2021;3283,0;8138,0;5656,0
GS2456;2022;10568,0;9991,0;4280,0
GS2457;2018;1000,0;13919,0;12783,0
GS2457;2023;35513,0;53813,0;31728,0
GS2460;2015;2471,0;98664,0;115368,0
GS2460;2017;719,0;230019,0;40173,0
GS2464;2020;66183,0;60443,0;34315,0
GS2464;2021;59659,0;59634,0;40504,0
GS2464;2023;388,0;57293,0;37654,0
GS2464;2024;1289,0;62737,0;16308,0
GS2468;2018;13038,0;38717,0;10667,0
GS2468;2023;40,0;65940,0;23122,0
GS2468;2024;26027,0;10931,0;1361,0
GS2475;2023;71983,0;246650,0;91446,0
GS2479;2016;18130,0;9342,0;10000,0
GS2479;2017;673,0;10000,0;10000,0
GS2479;2018;19420,0;10000,0;10000,0
GS2479;2019;6733,0;10000,0;9126,0
GS2479;2020;11834,0;2842,0;5270,0
GS2479;2021;7575,0;7603,0;2253,0
GS2480;2015;5178,0;15176,0;10000,0
GS2480;2016;7223,0;9828,0;10000,0
GS2480;2017;21216,0;10000,0;10000,0
GS2480;2018;10987,0;10000,0;10000,0
GS2480;2021;12492,0;3589,0;1942,0
GS2480;2023;2331,0;3125,0;1922,0
GS2481;2015;7520,0;14319,0;10000,0
GS2481;2016;8378,0;9855,0;10000,0
GS2481;2017;4045,0;10000,0;10000,0
GS2481;2018;13031,0;10000,0;10000,0
GS2481;2019;670,0;10000,0;8456,0
GS2481;2020;19579,0;4061,0;5310,0
GS2481;2021;3072,0;6173,0;2915,0
GS2481;2023;301,0;4340,0;2118,0
GS2487;2014;5000,0;7656,0;13445,0
GS2499;2016;11597,0;87185,0;96405,0
GS2499;2017;77635,0;71185,0;100453,0
GS2499;2020;46835,0;308735,0;125860,0
GS2501;2014;19,0;36085,0;58891,0
GS2501;2015;25200,0;73675,0;51737,0
GS2501;2017;30070,0;77259,0;42050,0
GS2501;2020;26275,0;129785,0;15950,0
GS2502;2018;5000,0;248601,0;78196,0
GS2502;2021;210390,0;201793,0;71858,0
GS2503;2014;67,0;133838,0;76728,0
GS2503;2017;10667,0;242897,0;79560,0
GS2503;2019;65520,0;151857,0;72551,0
GS2519;2016;62469,0;93317,0;45001,0
GS2519;2017;68951,0;44611,0;44239,0
GS2519;2018;73131,0;44038,0;43790,0
GS2519;2019;11572,0;43657,0;44004,0
GS2519;2020;60840,0;44313,0;42775,0
GS2519;2021;44162,0;41823,0;40924,0
GS2520;2016;63098,0;21810,0;21490,0
GS2520;2017;19250,0;21542,0;21258,0
GS2520;2018;24994,0;21351,0;20573,0
GS2520;2019;19919,0;21114,0;19846,0
GS2520;2020;8047,0;19649,0;19906,0
GS2520;2021;31410,0;20150,0;19067,0
GS2520;2022;507,0;19613,0;11082,0
GS2525;2023;51482,0;218649,0;3312,0
GS2528;2020;2799,0;20000,0;5000,0
GS2540;2018;8734,0;13360,0;7960,0
GS2540;2020;3706,0;17926,0;9457,0
GS2544;2021;53529,0;261216,0;99868,0
GS2545;2020;39989,0;241851,0;96424,0
GS2546;2020;26898,0;205014,0;83242,0
GS2553;2014;2103,0;182876,0;100892,0
GS2553;2015;124265,0;82540,0;96119,0
GS2553;2016;114575,0;113223,0;113760,0
GS2553;2017;83872,0;94128,0;7230,0
GS2564;2020;9154,0;9154,0;50888,0
GS2588;2016;83227,0;142225,0;107328,0
GS2681;2021;222,0;68026,0;22361,0
GS2682;2016;10500,0;87706,0;95545,0
GS2682;2021;56420,0;274846,0;103585,0
GS2684;2023;21999,0;189436,0;48801,0
GS2685;2023;12,0;162300,0;42046,0
GS2686;2023;6421,0;171884,0;46388,0
GS2687;2023;1081,0;189058,0;50503,0
GS2691;2018;15742,0;155712,0;78267,0
GS2707;2022;14833,0;20234,0;22200,0
GS2750;2017;10073,0;93583,0;14153,0
GS2751;2019;48676,0;37987,0;18019,0
GS2758;2016;13727,0;225335,0;276435,0
GS2758;2017;61000,0;274418,0;297020,0
GS2758;2018;243610,0;295726,0;310032,0
GS2758;2019;328946,0;311998,0;275083,0
GS2758;2020;65805,0;275890,0;268606,0
GS2758;2021;296116,0;269041,0;276064,0
GS2758;2022;385655,0;277430,0;258939,0
GS2758;2023;173484,0;280039,0;181050,0
GS2763;2021;124509,0;252742,0;120932,0
GS2765;2016;8615,0;8709,0;3087,0
GS2765;2017;3026,0;3087,0;2194,0
GS2765;2018;2245,0;2194,0;884,0
GS2891;2016;8724,0;8894,0;10000,0
GS2891;2019;7900,0;21550,0;6177,0
GS2891;2020;12373,0;16199,0;2262,0
GS2891;2021;2459,0;2459,0;706,0
GS2892;2016;16,0;10314,0;10000,0
GS2892;2019;4754,0;23315,0;6227,0
GS2892;2020;27668,0;16330,0;2280,0
GS2892;2021;3654,0;2478,0;495,0
GS2893;2016;16,0;10322,0;10000,0
GS2893;2019;5604,0;23315,0;5893,0
GS2893;2020;14416,0;15454,0;2157,0
GS2893;2021;8701,0;2345,0;468,0
GS2894;2016;7,0;8895,0;10000,0
GS2894;2019;2389,0;23315,0;6118,0
GS2894;2020;16136,0;16044,0;2240,0
GS2894;2021;5473,0;2435,0;702,0
GS2896;2019;1971,0;14955,0;9997,0
GS2896;2020;8861,0;10876,0;4164,0
GS2898;2016;46892,0;150485,0;218553,0
GS2898;2017;59560,0;218553,0;260968,0
GS2898;2018;88079,0;260968,0;238056,0
GS2898;2020;271548,0;484033,0;246992,0
GS2898;2022;150859,0;246992,0;257791,0
GS2898;2023;144972,0;259191,0;71984,0
GS2913;2016;8978,0;13308,0;4094,0
GS2913;2021;7064,0;35493,0;1916,0
GS2940;2016;32210,0;19991,0;265554,0
GS2940;2017;55139,0;166888,0;268923,0
GS2940;2018;67833,0;127211,0;271711,0
GS2940;2020;325694,0;607650,0;216476,0
GS2940;2021;371529,0;1477302,0;216470,0
GS2940;2024;173788,0;386028,0;81150,0
GS2951;2016;3275,0;3875,0;31379,0
GS2951;2017;117923,0;124742,0;600,0
GS2990;2014;1623,0;466556,0;69048,0
GS3007;2017;27422,0;47430,0;1372,0
GS3018;2016;5830,0;19501,0;3910,0
GS3023;2017;4429,0;4833,0;3424,0
GS3023;2018;6116,0;3424,0;1379,0
GS3024;2017;19067,0;19067,0;10000,0
GS3024;2019;12007,0;20000,0;10000,0
GS3024;2020;417,0;10000,0;10000,0
GS3024;2021;19305,0;10000,0;10849,0
GS3024;2023;9817,0;10000,0;10000,0
GS3039;2016;39440,0;36146,0;4288,0
GS3039;2017;36692,0;50982,0;66908,0
GS3039;2019;52080,0;30784,0;4446,0
GS3071;2016;2493,0;2493,0;303,0
GS3072;2020;3869,0;141827,0;41067,0
GS3077;2025;13814,0;163028,0;9419,0
GS3078;2016;2370,0;9570,0;2265,0
GS3105;2017;8112,0;24342,0;10000,0
GS3105;2019;7047,0;11699,0;8842,0
GS3105;2020;5260,0;10000,0;6507,0
GS3105;2021;398,0;3849,0;6102,0
GS3105;2022;7052,0;4815,0;10000,0
GS3105;2023;842,0;6102,0;7704,0
GS3105;2024;271,0;10000,0;10000,0
GS3106;2017;3768,0;8830,0;10000,0
GS3106;2018;17352,0;9973,0;9973,0
GS3106;2019;2317,0;11699,0;9198,0
GS3106;2020;6361,0;10000,0;7200,0
GS3106;2021;2690,0;4314,0;6851,0
GS3106;2022;7074,0;5399,0;10000,0
GS3106;2023;4199,0;6851,0;9860,0
GS3106;2024;97,0;10000,0;9593,0
GS3107;2017;18042,0;8909,0;10000,0
GS3107;2018;11779,0;9973,0;9973,0
GS3107;2019;520,0;11699,0;10000,0
GS3107;2020;8203,0;10000,0;10000,0
GS3107;2021;2075,0;6647,0;9883,0
GS3107;2023;6026,0;9883,0;8476,0
GS3108;2017;4628,0;24702,0;10000,0
GS3108;2019;486,0;11699,0;10000,0
GS3108;2020;8236,0;10000,0;10000,0
GS3108;2021;3996,0;6299,0;9525,0
GS3108;2022;7539,0;7016,0;10000,0
GS3108;2023;2029,0;9525,0;8628,0
GS3108;2024;380,0;9538,0;8922,0
GS3253;2020;169596,0;364902,0;261469,0
GS3253;2022;91328,0;483046,0;301333,0
GS3262;2017;958,0;10000,0;10000,0
GS3262;2018;784,0;10000,0;9619,0
GS3262;2020;12154,0;12923,0;7955,0
GS3262;2021;23184,0;15892,0;7814,0
GS3262;2023;10876,0;13959,0;6529,0
GS3267;2017;4288,0;4288,0;7039,0
GS3267;2018;6899,0;7039,0;5188,0
GS3267;2020;5188,0;5188,0;1418,0
GS3267;2021;1621,0;1621,0;1250,0
GS3267;2022;1418,0;1418,0;736,0
GS3306;2015;5000,0;8065,0;10131,0
GS3306;2017;2905,0;14611,0;9943,0
GS3306;2019;266,0;19907,0;5536,0
GS3306;2020;16366,0;2744,0;4377,0
GS3306;2021;6978,0;2337,0;425,0
GS3326;2017;18137,0;8899,0;7659,0
GS3326;2018;8069,0;8460,0;12062,0
GS3326;2019;7999,0;10000,0;7237,0
GS3344;2015;50105,0;96357,0;59182,0
GS3363;2016;33512,0;65683,0;3374,0
GS3364;2016;2753,0;80794,0;18413,0
GS3365;2016;23277,0;70829,0;28523,0
GS3365;2018;25822,0;14262,0;6109,0
GS3366;2019;8487,0;41310,0;43,0
GS3367;2018;3964,0;15780,0;31824,0
GS3367;2019;29755,0;47338,0;9782,0
GS3379;2017;2770,0;98853,0;87581,0
GS3379;2020;32712,0;205982,0;20608,0
GS3404;2017;25534,0;15164,0;15159,0
GS3404;2018;4807,0;15162,0;11450,0
GS3404;2019;28158,0;15157,0;12556,0
GS3407;2023;20074,0;22398,0;6982,0
GS3410;2021;3,0;59514,0;32876,0
GS3410;2023;181,0;67221,0;17541,0
GS3422;2017;9000,0;9067,0;10000,0
GS3422;2018;10035,0;9968,0;10000,0
GS3422;2019;18370,0;19774,0;8479,0
GS3422;2020;8584,0;7180,0;1761,0
GS3430;2016;7284,0;7430,0;9887,0
GS3430;2017;9722,0;10027,0;9943,0
GS3430;2019;146,0;19907,0;5536,0
GS3430;2020;10034,0;2744,0;4388,0
GS3430;2021;5464,0;2344,0;425,0
GS3431;2016;5180,0;5491,0;9850,0
GS3431;2017;7440,0;10027,0;9957,0
GS3431;2019;1076,0;19940,0;5538,0
GS3431;2020;8792,0;2744,0;4388,0
GS3431;2021;6207,0;2344,0;425,0
GS3432;2016;5941,0;6062,0;9953,0
GS3432;2017;9059,0;10027,0;9679,0
GS3432;2019;121,0;18934,0;5507,0
GS3432;2020;8520,0;2744,0;4388,0
GS3432;2021;3205,0;2344,0;425,0
GS3433;2016;2576,0;4425,0;9778,0
GS3433;2017;793,0;10027,0;9943,0
GS3433;2019;389,0;19907,0;5351,0
GS3433;2020;9745,0;2632,0;4367,0
GS3433;2021;4024,0;2344,0;425,0
GS3434;2021;83810,0;296166,0;178145,0
GS3434;2023;362121,0;387555,0;207705,0
GS3434;2024;20235,0;784472,0;198985,0
GS3443;2017;10000,0;10000,0;10000,0
GS3443;2018;17280,0;18677,0;10000,0
GS3443;2020;20395,0;11671,0;2899,0
GS3443;2021;1536,0;3301,0;2360,0
GS3443;2022;141,0;2119,0;2587,0
GS3443;2023;667,0;2487,0;3784,0
GS3444;2016;6908,0;7424,0;10000,0
GS3444;2019;2448,0;23315,0;6156,0
GS3444;2020;11646,0;16144,0;2254,0
GS3444;2021;9800,0;2450,0;893,0
GS3445;2020;15692,0;11675,0;7683,0
GS3445;2021;17027,0;15383,0;8538,0
GS3445;2023;3805,0;13119,0;10000,0
GS3446;2019;8507,0;23315,0;6118,0
GS3446;2020;14578,0;16044,0;2240,0
GS3446;2021;8499,0;2435,0;1008,0
GS3447;2019;12769,0;23315,0;6206,0
GS3447;2020;3614,0;16275,0;2272,0
GS3447;2021;16619,0;2470,0;1022,0
GS3448;2016;100,0;7429,0;10000,0
GS3448;2019;9557,0;23315,0;6234,0
GS3448;2020;323,0;16350,0;2283,0
GS3448;2021;15982,0;2481,0;905,0
GS3449;2019;12181,0;20657,0;6006,0
GS3449;2021;20537,0;2391,0;1107,0
GS3450;2017;137,0;3353,0;9886,0
GS3450;2019;15530,0;20654,0;6210,0
GS3450;2020;8220,0;16285,0;2274,0
GS3450;2021;10767,0;2472,0;1144,0
GS3451;2019;5913,0;20795,0;6131,0
GS3451;2020;12732,0;16078,0;2244,0
GS3451;2021;11871,0;2440,0;1212,0
GS3482;2016;4895,0;7982,0;8738,0
GS3493;2020;39,0;232140,0;93888,0
GS3493;2022;187802,0;189369,0;107565,0
GS3509;2020;4794,0;20000,0;8326,0
GS3509;2021;183,0;8122,0;7490,0
GS3511;2022;35281,0;35000,0;56928,0
GS3512;2021;143808,0;262534,0;80836,0
GS3516;2018;2421,0;9568,0;9505,0
GS3516;2019;50,0;9505,0;8147,0
GS3516;2022;18883,0;9563,0;1872,0
GS3517;2018;2395,0;9204,0;9195,0
GS3517;2019;5765,0;9195,0;7912,0
GS3517;2021;6363,0;7912,0;8919,0
GS3517;2022;3830,0;10000,0;10000,0
GS3518;2017;483,0;5053,0;9885,0
GS3518;2021;1502,0;8558,0;8452,0
GS3518;2022;197,0;9995,0;6566,0
GS3519;2019;11821,0;9433,0;8133,0
GS3519;2021;5778,0;8133,0;8193,0
GS3519;2022;197,0;9994,0;10000,0
GS3520;2017;1460,0;5205,0;9330,0
GS3520;2019;5765,0;9094,0;7925,0
GS3520;2022;1962,0;10000,0;10000,0
GS3521;2017;1748,0;5106,0;8807,0
GS3521;2021;15734,0;7387,0;8418,0
GS3521;2022;3657,0;10000,0;10000,0
GS3522;2017;1712,0;3803,0;6395,0
GS3522;2019;2170,0;8210,0;8202,0
GS3522;2021;3755,0;8202,0;8760,0
GS3522;2022;2049,0;9994,0;9817,0
GS3523;2017;1381,0;3961,0;9282,0
GS3523;2021;9689,0;9149,0;9049,0
GS3523;2022;10497,0;9990,0;10000,0
GS3524;2017;2045,0;5115,0;9267,0
GS3524;2021;13417,0;9063,0;9006,0
GS3524;2022;9267,0;9999,0;10000,0
GS3544;2016;8401,0;7982,0;9083,0
GS3547;2019;207665,0;233053,0;60971,0
GS3547;2020;138218,0;194518,0;79890,0
GS3551;2020;22397,0;216328,0;116872,0
GS3551;2023;172,0;315347,0;110137,0
GS3560;2017;769,0;8993,0;10000,0
GS3560;2018;12745,0;9973,0;9694,0
GS3560;2019;5247,0;11699,0;8065,0
GS3560;2020;5027,0;9135,0;5863,0
GS3560;2021;9864,0;3477,0;5551,0
GS3560;2022;1594,0;4352,0;10000,0
GS3560;2023;60,0;5551,0;9143,0
GS3560;2024;5376,0;10000,0;9743,0
GS3561;2017;3643,0;8130,0;10000,0
GS3561;2018;5241,0;9973,0;9973,0
GS3561;2019;597,0;11699,0;9471,0
GS3561;2020;7137,0;10000,0;8427,0
GS3561;2021;11025,0;4980,0;7188,0
GS3561;2022;4737,0;6233,0;10000,0
GS3561;2023;4101,0;7188,0;8770,0
GS3561;2024;1310,0;9950,0;9577,0
GS3563;2016;5000,0;10000,0;10008,0
GS3563;2017;2292,0;10000,0;10000,0
GS3563;2018;22310,0;18712,0;10000,0
GS3563;2020;17160,0;11671,0;3021,0
GS3563;2021;1505,0;3435,0;1377,0
GS3564;2017;6700,0;10000,0;10000,0
GS3564;2018;11640,0;17041,0;10000,0
GS3564;2020;13023,0;11671,0;2990,0
GS3564;2021;9732,0;3394,0;2160,0
GS3564;2022;1316,0;2196,0;1325,0
GS3567;2022;312939,0;779901,0;130054,0
GS3595;2022;500,0;8528,0;8685,0
GS3597;2022;6956,0;8305,0;8436,0
GS3598;2022;8528,0;8528,0;8685,0
GS3599;2022;8457,0;8457,0;8482,0
GS3599;2025;288,0;8754,0;374,0
GS3600;2022;8504,0;8504,0;8572,0
GS3600;2025;8498,0;8671,0;374,0
GS3601;2022;8556,0;8556,0;8544,0
GS3601;2025;8529,0;8703,0;374,0
GS3618;2016;1009,0;7982,0;8766,0
GS3619;2016;1726,0;7982,0;9129,0
GS3620;2016;1259,0;7982,0;8920,0
GS3626;2021;3887,0;4084,0;9258,0
GS3626;2023;14804,0;12153,0;9649,0
GS3705;2020;20823,0;73133,0;117067,0
GS3705;2022;90313,0;404537,0;81167,0
GS3906;2020;14496,0;14496,0;16609,0
GS3906;2022;41914,0;16609,0;14095,0
GS3945;2017;8850,0;4532,0;9888,0
GS3945;2019;12212,0;20654,0;6218,0
GS3945;2020;8663,0;16307,0;2276,0
GS3945;2021;10739,0;2474,0;613,0
GS3947;2019;19062,0;20597,0;6139,0
GS3947;2020;9163,0;16099,0;2248,0
GS3947;2021;8498,0;2443,0;1035,0
GS3965;2018;66228,0;77735,0;42042,0
GS3965;2020;16008,0;47793,0;40542,0
GS3965;2021;30717,0;70319,0;44781,0
GS3965;2022;40162,0;44781,0;34729,0
GS3969;2017;4500,0;214170,0;189545,0
GS3969;2018;178081,0;373792,0;195299,0
GS3969;2020;277146,0;320672,0;171066,0
GS3969;2021;251201,0;198778,0;186735,0
GS3971;2019;15438,0;15438,0;25357,0
GS3971;2021;47525,0;48575,0;26478,0
GS3971;2023;35953,0;53330,0;8794,0
GS3976;2018;326229,0;479774,0;368869,0
GS3976;2019;1189676,0;862358,0;328451,0
GS3976;2020;396215,0;258764,0;237524,0
GS3976;2021;79898,0;185939,0;250301,0
GS3976;2023;15928,0;524197,0;244191,0
GS4014;2021;16410,0;16586,0;9432,0
GS4036;2020;10468,0;13016,0;8017,0
GS4036;2021;10929,0;16016,0;7897,0
GS4036;2023;14352,0;15090,0;6569,0
GS4195;2021;51969,0;51478,0;22856,0
GS4202;2017;553,0;10027,0;9955,0
GS4202;2019;2000,0;19933,0;6669,0
GS4202;2020;16658,0;3426,0;5996,0
GS4202;2021;4967,0;3242,0;595,0
GS4203;2016;1251,0;3470,0;9795,0
GS4203;2017;175,0;10027,0;9934,0
GS4203;2019;1734,0;19887,0;6445,0
GS4203;2020;10652,0;3292,0;5265,0
GS4203;2021;3578,0;2812,0;510,0
GS4205;2018;20000,0;9999,0;8462,0
GS4205;2019;15253,0;9994,0;9222,0
GS4205;2020;550,0;9222,0;7090,0
GS4210;2017;4673,0;20172,0;5019,0
GS4210;2019;8809,0;17815,0;15988,0
GS4220;2020;1619,0;12501,0;6992,0
GS4220;2021;17845,0;25000,0;3719,0
GS4221;2017;7838,0;120152,0;86811,0
GS4221;2018;234339,0;205335,0;180962,0
GS4221;2020;20235,0;510331,0;389306,0
GS4221;2024;220787,0;1168981,0;94100,0
GS4233;2017;473,0;40771,0;32363,0
GS4233;2021;22500,0;81364,0;95537,0
GS4233;2022;44713,0;87094,0;136844,0
GS4236;2021;21085,0;45931,0;24306,0
GS4236;2023;33490,0;24054,0;16148,0
GS4238;2020;57822,0;176841,0;75710,0
GS4238;2021;28758,0;142894,0;72520,0
GS4238;2023;142768,0;44972,0;74610,0
GS4238;2024;149711,0;132485,0;15595,0
GS4240;2021;25497,0;58154,0;7204,0
GS4260;2016;10311,0;24893,0;10000,0
GS4260;2017;7208,0;10000,0;10000,0
GS4260;2018;9240,0;10000,0;10000,0
GS4260;2019;8505,0;10000,0;7074,0
GS4260;2020;2995,0;2436,0;3034,0
GS4260;2021;19712,0;3237,0;1529,0
GS4260;2023;480,0;3149,0;1317,0
GS4264;2019;14133,0;246024,0;99514,0
GS4264;2020;178512,0;219593,0;88853,0
GS4265;2022;89582,0;76366,0;35649,0
GS4270;2017;10897,0;11067,0;7641,0
GS4270;2018;8095,0;8204,0;6157,0
GS4271;2017;15325,0;17179,0;10000,0
GS4271;2018;10051,0;12538,0;10000,0
GS4271;2019;2772,0;16197,0;10000,0
GS4273;2017;23356,0;155382,0;70832,0
GS4273;2019;28211,0;141123,0;31540,0
GS4273;2021;44275,0;63346,0;38435,0
GS4288;2017;22131,0;21539,0;18795,0
GS4288;2018;24491,0;22020,0;18546,0
GS4288;2019;29466,0;18607,0;18255,0
GS4288;2020;252,0;18486,0;17945,0
GS4288;2021;33820,0;18078,0;17719,0
GS4288;2022;6030,0;17764,0;17780,0
GS4288;2023;23894,0;17674,0;17578,0
GS4288;2024;13801,0;17886,0;5821,0
GS4290;2021;14290,0;44942,0;23278,0
GS4290;2023;11042,0;46219,0;31827,0
GS4291;2019;12685,0;51621,0;34782,0
GS4364;2022;1535,0;1647,0;10218,0
GS4364;2023;1606,0;10218,0;12540,0
GS4364;2024;5246,0;12540,0;13235,0
GS4372;2019;226,0;10187,0;3204,0
GS4373;2019;3676,0;9791,0;4073,0
GS4374;2019;3806,0;9457,0;2753,0
GS4375;2019;2968,0;8917,0;3204,0
GS4376;2019;1799,0;8583,0;2198,0
GS4381;2019;5000,0;6883,0;2883,0
GS4383;2020;7,0;16016,0;663,0
GS4422;2017;6222,0;2977,0;10000,0
GS4422;2018;42,0;10975,0;849,0
GS4422;2020;4224,0;10000,0;6839,0
GS4422;2021;9534,0;2961,0;6889,0
GS4422;2022;6772,0;3574,0;8566,0
GS4423;2017;6500,0;1925,0;10000,0
GS4423;2018;6500,0;10975,0;849,0
GS4423;2020;1536,0;10000,0;6839,0
GS4423;2021;10019,0;5430,0;9358,0
GS4423;2022;14653,0;3574,0;8583,0
GS4425;2021;79709,0;654574,0;48879,0
GS4426;2022;252447,0;68432,0;64730,0
GS4442;2021;2171,0;99548,0;51980,0
GS4442;2024;38304,0;89442,0;21866,0
GS4446;2023;717,0;30618,0;13788,0
GS4518;2018;1500,0;10915,0;849,0
GS4518;2020;2188,0;10000,0;6254,0
GS4518;2021;9196,0;2671,0;6835,0
GS4518;2022;8371,0;3225,0;8571,0
GS4519;2018;9801,0;10571,0;876,0
GS4519;2020;5564,0;10000,0;6700,0
GS4519;2021;210,0;2879,0;6872,0
GS4519;2022;14915,0;3474,0;8979,0
GS4519;2023;3131,0;7063,0;263,0
GS4530;2020;2018,0;17042,0;8792,0
GS4533;2022;16621,0;16819,0;19826,0
GS4533;2023;10000,0;18596,0;17065,0
GS4533;2024;18360,0;14468,0;11069,0
GS4553;2020;15548,0;11671,0;2731,0
GS4553;2021;13208,0;3172,0;1948,0
GS4553;2022;1520,0;1925,0;1315,0
GS4557;2018;3689,0;303953,0;202616,0
GS4557;2020;105714,0;353498,0;134608,0
GS4557;2021;398690,0;124269,0;157731,0
GS4596;2017;18921,0;25279,0;18780,0
GS4596;2018;10187,0;21729,0;18763,0
GS4596;2019;33816,0;18826,0;18458,0
GS4596;2020;3432,0;18700,0;12676,0
GS4613;2023;27059,0;27059,0;7338,0
GS4614;2023;25488,0;26873,0;7288,0
GS4615;2023;27142,0;27142,0;7361,0
GS4707;2022;27736,0;204296,0;59978,0
GS4797;2020;12630,0;10000,0;6450,0
GS4797;2021;6814,0;2768,0;6853,0
GS4797;2022;13483,0;3343,0;8507,0
GS4798;2020;9,0;10000,0;6143,0
GS4798;2021;216,0;2617,0;6825,0
GS4798;2022;12418,0;3159,0;8762,0
GS4799;2023;9661,0;32665,0;28301,0
GS4799;2024;51282,0;28301,0;17108,0
GS4813;2019;200,0;135388,0;156495,0
GS4813;2021;71713,0;252115,0;112173,0
GS4824;2022;112,0;18059,0;8011,0
GS4824;2023;9913,0;7009,0;6118,0
GS4875;2022;28284,0;28680,0;11546,0
GS4897;2018;7518,0;17596,0;10000,0
GS4897;2019;2397,0;10000,0;8545,0
GS4897;2020;10166,0;10000,0;3210,0
GS4898;2018;5007,0;17588,0;10000,0
GS4898;2019;5952,0;10000,0;8545,0
GS4898;2020;17335,0;10000,0;3210,0
GS4899;2018;5267,0;17854,0;9530,0
GS4899;2019;5088,0;9437,0;8401,0
GS4899;2020;16884,0;9807,0;3170,0
GS4900;2018;67,0;17615,0;9860,0
GS4900;2019;9847,0;9860,0;8441,0
GS4900;2020;19107,0;9860,0;3210,0
GS4901;2018;40,0;17535,0;10000,0
GS4901;2019;13601,0;10000,0;8331,0
GS4901;2020;8331,0;10000,0;2568,0
GS4906;2019;3812,0;12885,0;6083,0
GS4906;2021;16178,0;7353,0;3527,0
GS4906;2022;2342,0;4697,0;1719,0
GS4962;2021;173593,0;311234,0;114801,0
GS5007;2021;28164,0;301282,0;40129,0
GS5033;2019;6732,0;10000,0;8331,0
GS5033;2020;4250,0;10000,0;2568,0
GS5034;2019;3652,0;10000,0;8331,0
GS5034;2020;8793,0;10000,0;2568,0
GS5035;2019;3626,0;10000,0;8401,0
GS5035;2020;9801,0;10000,0;2640,0
GS5036;2019;36,0;10000,0;8545,0
GS5036;2020;2472,0;10000,0;3210,0
GS5038;2020;357,0;16450,0;3882,0
GS5038;2021;23857,0;2574,0;4626,0
GS5038;2022;2861,0;3153,0;4243,0
GS5039;2020;642,0;16554,0;3882,0
GS5039;2021;24068,0;2574,0;4626,0
GS5039;2022;2656,0;3153,0;4235,0
GS5039;2023;1942,0;5299,0;2364,0
GS5040;2020;289,0;16190,0;3868,0
GS5040;2021;21391,0;2565,0;4609,0
GS5040;2022;5316,0;3144,0;4243,0
GS5040;2023;3612,0;5278,0;2400,0
GS5041;2020;49,0;16681,0;3661,0
GS5041;2021;6771,0;2428,0;4362,0
GS5041;2022;16812,0;2971,0;4060,0
GS5041;2023;8087,0;4999,0;2319,0
GS5042;2020;269,0;16827,0;3597,0
GS5042;2021;3041,0;2385,0;4284,0
GS5042;2022;14028,0;2918,0;3875,0
GS5042;2023;10526,0;4910,0;2161,0
GS5043;2020;491,0;16798,0;3882,0
GS5043;2021;4072,0;2574,0;4626,0
GS5043;2022;12877,0;3153,0;4270,0
GS5043;2023;10821,0;5299,0;2419,0
GS5046;2019;2143,0;43596,0;36258,0
GS5099;2020;1163,0;62903,0;53538,0
GS5099;2023;72012,0;113284,0;34165,0
GS5099;2024;18502,0;106626,0;50618,0
GS5106;2018;7990,0;13041,0;10000,0
GS5106;2019;9801,0;10000,0;6699,0
GS5106;2021;7695,0;8499,0;3475,0
GS5106;2023;2864,0;2649,0;870,0
GS5125;2022;260686,0;187670,0;147241,0
GS5125;2023;46259,0;96201,0;64758,0
GS5186;2018;5471,0;13068,0;10000,0
GS5186;2019;2745,0;10000,0;6749,0
GS5186;2020;9694,0;3322,0;6105,0
GS5186;2021;9284,0;8545,0;4334,0
GS5186;2023;3715,0;3702,0;915,0
GS5187;2018;2169,0;14631,0;10000,0
GS5187;2019;7579,0;10000,0;6276,0
GS5187;2020;9801,0;3013,0;4941,0
GS5187;2021;8848,0;6955,0;2890,0
GS5188;2018;9800,0;14630,0;10000,0
GS5188;2019;9895,0;10000,0;6333,0
GS5188;2020;56,0;3046,0;4942,0
GS5188;2021;7865,0;6990,0;3018,0
GS5189;2019;14548,0;10000,0;5393,0
GS5189;2021;9146,0;5038,0;1901,0
GS5190;2019;17964,0;10000,0;4931,0
GS5190;2021;5713,0;4777,0;2590,0
GS5191;2019;14033,0;10000,0;6369,0
GS5191;2020;2500,0;3062,0;5456,0
GS5191;2021;8180,0;7681,0;2741,0
GS5191;2023;749,0;1807,0;786,0
GS5192;2019;10785,0;10000,0;7535,0
GS5192;2020;6025,0;4001,0;6833,0
GS5192;2021;7033,0;9592,0;3676,0
GS5193;2018;2417,0;8074,0;10000,0
GS5193;2019;8450,0;10000,0;6489,0
GS5193;2020;1351,0;3168,0;6271,0
GS5193;2021;10677,0;8668,0;4296,0
GS5194;2018;2870,0;8181,0;10000,0
GS5194;2019;3601,0;10000,0;5816,0
GS5194;2020;7753,0;2652,0;3769,0
GS5194;2021;6471,0;5260,0;2154,0
GS5194;2023;558,0;1749,0;348,0
GS5195;2018;166,0;1450,0;4994,0
GS5195;2019;2070,0;4994,0;2380,0
GS5195;2020;4081,0;1530,0;1338,0
GS5195;2021;333,0;1367,0;410,0
GS5196;2019;5885,0;8274,0;5608,0
GS5196;2020;1762,0;2645,0;4846,0
GS5196;2021;1537,0;6718,0;3393,0
GS5197;2020;8773,0;3034,0;5535,0
GS5197;2021;6749,0;7730,0;2627,0
GS5228;2023;10834,0;33007,0;28542,0
GS5228;2024;33007,0;28542,0;17241,0
GS5229;2019;23746,0;122159,0;123933,0
GS5229;2020;59982,0;127325,0;130071,0
GS5229;2021;94346,0;127250,0;131172,0
GS5229;2023;91537,0;130171,0;112357,0
GS5229;2024;100577,0;132070,0;147875,0
GS5229;2025;135109,0;263263,0;40174,0
GS5230;2020;9528,0;10000,0;5878,0
GS5230;2021;14018,0;5878,0;5911,0
GS5244;2021;401,0;2757,0;6851,0
GS5244;2022;11692,0;2232,0;9038,0
GS5244;2023;92,0;8224,0;346,0
GS5245;2020;4834,0;10000,0;6583,0
GS5245;2021;10641,0;2833,0;6865,0
GS5256;2022;3225,0;40134,0;10532,0
GS5257;2020;116171,0;116171,0;68518,0
GS5303;2020;105,0;7248,0;10975,0
GS5303;2021;1675,0;10975,0;14804,0
GS5303;2022;519,0;14804,0;13651,0
GS5314;2023;70413,0;99716,0;20146,0
GS5314;2024;88899,0;164049,0;17282,0
GS5315;2023;13969,0;25623,0;4790,0
GS5315;2024;24149,0;38602,0;4536,0
GS5317;2023;32966,0;35268,0;56017,0
GS5317;2024;47744,0;172364,0;55964,0
GS5322;2018;8973,0;9155,0;10000,0
GS5322;2019;9582,0;9777,0;4662,0
GS5322;2020;617,0;1565,0;5012,0
GS5322;2021;1294,0;5986,0;2918,0
GS5323;2018;8828,0;9007,0;10000,0
GS5323;2019;9346,0;9536,0;4653,0
GS5323;2021;1891,0;5934,0;2892,0
GS5324;2018;7160,0;7305,0;10000,0
GS5324;2019;9568,0;9763,0;4662,0
GS5324;2021;1874,0;5986,0;2918,0
GS5325;2020;7516,0;18238,0;9608,0
GS5325;2021;20318,0;9499,0;9850,0
GS5325;2023;15937,0;10000,0;9326,0
GS5326;2020;7501,0;18238,0;9792,0
GS5326;2021;15932,0;9774,0;9941,0
GS5326;2023;13144,0;10000,0;9500,0
GS5326;2024;2426,0;10000,0;2485,0
GS5329;2018;5000,0;20356,0;10000,0
GS5329;2019;5000,0;10000,0;10000,0
GS5329;2020;19950,0;10000,0;7993,0
GS5329;2021;405,0;3551,0;7270,0
GS5329;2022;3625,0;4442,0;9883,0
GS5329;2023;1100,0;7270,0;3543,0
GS5329;2024;70,0;4374,0;6009,0
GS5330;2020;13833,0;10000,0;7386,0
GS5330;2021;14273,0;3281,0;6837,0
GS5330;2022;5200,0;4105,0;9800,0
GS5330;2023;1026,0;6837,0;4750,0
GS5330;2024;4434,0;4505,0;8151,0
GS5331;2019;2827,0;10000,0;10000,0
GS5331;2020;16064,0;10000,0;8719,0
GS5331;2021;588,0;3873,0;8270,0
GS5331;2022;9800,0;4846,0;10000,0
GS5331;2023;9206,0;8270,0;3562,0
GS5331;2024;485,0;5206,0;5797,0
GS5332;2019;2125,0;10000,0;10000,0
GS5332;2020;14177,0;10000,0;7374,0
GS5332;2021;2497,0;3276,0;6549,0
GS5332;2022;2500,0;4098,0;7609,0
GS5332;2023;774,0;6549,0;3208,0
GS5332;2024;5887,0;3806,0;5826,0
GS5335;2019;8431,0;10000,0;10000,0
GS5335;2020;9800,0;10000,0;8860,0
GS5335;2021;372,0;3936,0;6914,0
GS5335;2022;7463,0;4924,0;6670,0
GS5335;2023;8450,0;6914,0;4216,0
GS5335;2024;221,0;3538,0;4819,0
GS5336;2019;3925,0;10000,0;10000,0
GS5336;2020;9800,0;10000,0;7358,0
GS5336;2021;3124,0;3268,0;6542,0
GS5336;2024;200,0;4133,0;5171,0
GS5337;2020;7350,0;10000,0;9162,0
GS5337;2021;6240,0;4070,0;7246,0
GS5337;2022;3402,0;5092,0;9188,0
GS5337;2023;49,0;7246,0;4639,0
GS5337;2024;170,0;5587,0;4614,0
GS5338;2019;13923,0;10000,0;10000,0
GS5338;2020;2000,0;10000,0;9468,0
GS5338;2021;324,0;4206,0;9059,0
GS5339;2019;11094,0;10000,0;10000,0
GS5339;2020;4983,0;10000,0;9579,0
GS5339;2021;1751,0;4255,0;8104,0
GS5339;2023;248,0;8104,0;638,0
GS5340;2019;1489,0;10000,0;10000,0
GS5340;2020;11625,0;10000,0;9435,0
GS5340;2021;4478,0;4191,0;9229,0
GS5340;2023;1285,0;9229,0;693,0
GS5341;2020;11635,0;10000,0;10000,0
GS5341;2021;2987,0;4578,0;9467,0
GS5341;2022;4778,0;5422,0;10000,0
GS5342;2020;9820,0;10000,0;8889,0
GS5342;2021;12614,0;3949,0;7673,0
GS5342;2022;940,0;4940,0;8637,0
GS5342;2023;316,0;7673,0;1520,0
GS5343;2020;9023,0;10000,0;9496,0
GS5343;2021;12211,0;4218,0;8809,0
GS5343;2022;1381,0;5278,0;9435,0
GS5343;2023;100,0;8809,0;1877,0
GS5344;2020;9902,0;10000,0;9107,0
GS5344;2021;5368,0;4046,0;9027,0
GS5344;2022;11526,0;5061,0;10000,0
GS5344;2023;1662,0;9027,0;1945,0
GS5391;2022;319,0;27373,0;11324,0
GS5392;2018;7679,0;17763,0;10000,0
GS5392;2019;9730,0;10000,0;8545,0
GS5392;2020;4148,0;10000,0;3210,0
GS5393;2018;5562,0;17641,0;10000,0
GS5393;2019;11727,0;10000,0;8545,0
GS5393;2020;4942,0;10000,0;3210,0
GS5394;2020;2429,0;9830,0;3209,0
GS5395;2019;3648,0;10000,0;8545,0
GS5395;2020;12629,0;10000,0;3210,0
GS5396;2019;9066,0;9917,0;8269,0
GS5396;2020;3923,0;9917,0;2568,0
GS5417;2020;93887,0;95775,0;33013,0
GS5417;2021;45232,0;44228,0;19649,0
GS5418;2020;52573,0;58033,0;36238,0
GS5418;2021;39888,0;48549,0;35047,0
GS5418;2022;3765,0;38685,0;3638,0
GS5434;2018;84,0;4772,0;5936,0
GS5434;2020;3401,0;12181,0;5041,0
GS5434;2022;5039,0;5158,0;3534,0
GS5434;2023;3003,0;3587,0;5923,0
GS5434;2024;3260,0;4854,0;3215,0
GS5437;2020;13944,0;10000,0;6597,0
GS5437;2021;3401,0;2930,0;6465,0
GS5437;2022;1200,0;3667,0;8640,0
GS5437;2023;6462,0;6465,0;1568,0
GS5438;2020;14741,0;10000,0;6532,0
GS5438;2021;18172,0;2902,0;6426,0
GS5438;2022;1713,0;3630,0;9058,0
GS5438;2023;165,0;6426,0;1472,0
GS5439;2020;11241,0;10000,0;7765,0
GS5439;2021;13049,0;3450,0;8140,0
GS5439;2022;713,0;4315,0;9067,0
GS5439;2023;656,0;8140,0;1638,0
GS5440;2020;11017,0;10000,0;6902,0
GS5440;2021;19617,0;3066,0;6911,0
GS5440;2022;101,0;3836,0;8436,0
GS5440;2023;1278,0;6911,0;1457,0
GS5441;2020;10471,0;10000,0;6471,0
GS5441;2021;11490,0;2875,0;5858,0
GS5441;2022;310,0;3596,0;7485,0
GS5441;2023;2633,0;5858,0;1671,0
GS5444;2019;11472,0;11472,0;10000,0
GS5444;2020;7050,0;10000,0;10000,0
GS5444;2021;722,0;10000,0;10000,0
GS5444;2023;6175,0;20000,0;9151,0
GS5463;2020;14981,0;25302,0;26130,0
GS5463;2021;11824,0;19438,0;28245,0
GS5519;2020;11112,0;231395,0;285608,0
GS5519;2021;26800,0;241065,0;144332,0
GS5519;2022;50570,0;276520,0;143646,0
GS5519;2023;42644,0;193829,0;102514,0
GS5523;2020;10000,0;266846,0;302863,0
GS5523;2021;69809,0;466556,0;188872,0
GS5523;2022;28895,0;229697,0;181702,0
GS5575;2022;9064,0;75382,0;36869,0
GS5614;2019;33,0;268482,0;191343,0
GS5614;2021;282873,0;544454,0;160207,0
GS5634;2019;7022,0;12492,0;6118,0
GS5634;2021;4124,0;7395,0;3560,0
GS5634;2022;6022,0;4741,0;2268,0
GS5635;2019;7034,0;12516,0;6128,0
GS5635;2021;653,0;7408,0;3547,0
GS5635;2022;1330,0;4724,0;2260,0
GS5636;2019;7026,0;12507,0;6048,0
GS5636;2021;6925,0;7311,0;3497,0
GS5636;2022;5996,0;4657,0;2228,0
GS5637;2019;5106,0;12522,0;6094,0
GS5637;2021;9068,0;7366,0;3562,0
GS5637;2022;342,0;4744,0;2269,0
GS5642;2019;11237,0;231026,0;277373,0
GS5642;2020;110986,0;428427,0;414682,0
GS5642;2021;404985,0;462795,0;510271,0
GS5642;2022;425410,0;935264,0;516426,0
GS5642;2023;512548,0;492874,0;355898,0
GS5642;2025;577121,0;315956,0;52405,0
GS5643;2019;19200,0;15162,0;16020,0
GS5643;2020;8912,0;16251,0;15722,0
GS5643;2021;26553,0;15838,0;15517,0
GS5643;2022;8839,0;15565,0;15619,0
GS5643;2023;8342,0;15468,0;15291,0
GS5643;2024;8106,0;15768,0;7391,0
GS5698;2019;84825,0;107898,0;130085,0
GS5698;2021;257219,0;298343,0;103487,0
GS5698;2022;15389,0;33583,0;102851,0
GS5699;2018;50000,0;78149,0;53039,0
GS5780;2020;1021,0;1021,0;582,0
GS5780;2021;2586,0;2637,0;376,0
GS5781;2020;4547,0;13541,0;5545,0
GS5781;2022;8586,0;5674,0;3887,0
GS5781;2023;4579,0;3946,0;6511,0
GS5781;2024;1207,0;5339,0;2519,0
GS5782;2018;6300,0;7216,0;7527,0
GS5782;2020;1569,0;13541,0;5545,0
GS5782;2022;5798,0;5674,0;3887,0
GS5782;2023;10477,0;3946,0;6508,0
GS5782;2024;5233,0;5339,0;3011,0
GS5783;2020;12109,0;14593,0;6050,0
GS5783;2022;4073,0;6191,0;4241,0
GS5783;2023;3029,0;4305,0;7108,0
GS5783;2024;7030,0;5825,0;4422,0
GS5796;2021;5000,0;8970,0;205,0
GS5799;2021;116336,0;306466,0;119022,0
GS5799;2022;76362,0;47410,0;102632,0
GS5801;2021;3880,0;13926,0;14531,0
GS5801;2022;28319,0;13834,0;15564,0
GS5801;2023;8556,0;14733,0;11953,0
GS5801;2024;4671,0;14525,0;2137,0
GS5825;2020;400,0;20198,0;5271,0
GS5825;2021;13620,0;3531,0;6478,0
GS5825;2022;7202,0;4322,0;5859,0
GS5825;2023;7587,0;7422,0;4000,0
GS5825;2024;2196,0;6529,0;185,0
GS5826;2021;9868,0;3090,0;5552,0
GS5826;2022;8062,0;3783,0;5293,0
GS5826;2023;8906,0;6360,0;3892,0
GS5826;2024;1881,0;6351,0;179,0
GS5827;2021;10075,0;3090,0;5552,0
GS5827;2022;3338,0;3783,0;5056,0
GS5827;2023;6706,0;6360,0;3487,0
GS5827;2024;4808,0;5690,0;160,0
GS5830;2022;1374,0;119004,0;16628,0
GS5866;2019;75675,0;77002,0;84137,0
GS5866;2020;100121,0;132305,0;86086,0
GS5866;2022;1788,0;70694,0;84711,0
GS5889;2022;4511,0;4602,0;4314,0
GS5889;2023;4290,0;4377,0;7231,0
GS5889;2024;5900,0;5926,0;5602,0
GS5890;2020;1717,0;6635,0;5290,0
GS5890;2022;5419,0;5430,0;3720,0
GS5890;2023;3702,0;3776,0;6235,0
GS5890;2024;5008,0;5109,0;4831,0
GS5891;2022;4654,0;4748,0;4160,0
GS5891;2023;2835,0;4222,0;6973,0
GS5891;2024;6044,0;5714,0;5402,0
GS5892;2020;2686,0;8482,0;6249,0
GS5892;2022;6410,0;6399,0;4384,0
GS5892;2023;4362,0;4450,0;7349,0
GS5892;2024;5902,0;6022,0;5693,0
GS5928;2019;88834,0;198191,0;202262,0
GS5928;2020;58919,0;314078,0;190676,0
GS5928;2021;183465,0;229232,0;191879,0
GS5951;2021;18436,0;4641,0;6830,0
GS5951;2023;4766,0;9035,0;4240,0
GS5951;2024;1035,0;8167,0;3688,0
GS5952;2020;774,0;9842,0;5201,0
GS5952;2021;17891,0;3597,0;5305,0
GS5952;2023;3844,0;7105,0;3693,0
GS5952;2024;469,0;6784,0;3215,0
GS5953;2020;2553,0;9561,0;5178,0
GS5953;2021;14934,0;3581,0;5154,0
GS5953;2023;3821,0;6764,0;3451,0
GS5953;2024;1577,0;6432,0;3011,0
GS5954;2020;5828,0;9833,0;4814,0
GS5954;2021;14144,0;3329,0;4916,0
GS5954;2023;6541,0;6629,0;3745,0
GS5954;2024;1974,0;6631,0;3248,0
GS5955;2021;19759,0;3086,0;4543,0
GS5955;2023;3062,0;6029,0;3193,0
GS5955;2024;3288,0;6188,0;2773,0
GS6008;2019;4000,0;5060,0;8093,0
GS6008;2021;18000,0;18340,0;6337,0
GS6008;2022;84,0;5949,0;6760,0
GS6037;2019;15522,0;9690,0;4662,0
GS6037;2020;2148,0;1565,0;5012,0
GS6037;2021;472,0;5986,0;2918,0
GS6038;2018;5039,0;8891,0;10000,0
GS6038;2019;12811,0;9563,0;4662,0
GS6038;2021;367,0;2913,0;2918,0
GS6038;2023;48,0;5063,0;456,0
GS6041;2021;707,0;4959,0;9180,0
GS6041;2023;751,0;12507,0;7412,0
GS6041;2024;4421,0;12327,0;6191,0
GS6042;2023;1717,0;11155,0;6566,0
GS6042;2024;4147,0;10897,0;5612,0
GS6050;2020;5962,0;6083,0;8929,0
GS6139;2023;30319,0;30319,0;8751,0
GS6155;2020;470,0;23834,0;8154,0
GS6155;2022;48069,0;46597,0;8536,0
GS6189;2020;5482,0;8301,0;4720,0
GS6189;2021;3798,0;4678,0;11580,0
GS6189;2022;1327,0;9615,0;9697,0
GS6189;2023;9510,0;5274,0;3965,0
GS6189;2024;7626,0;7195,0;2066,0
GS6212;2019;23440,0;41947,0;30962,0
GS6212;2020;6,0;39340,0;29609,0
GS6212;2021;24630,0;42534,0;19871,0
GS6212;2022;8112,0;19871,0;28340,0
GS6235;2021;11371,0;4928,0;5510,0
GS6236;2021;11300,0;4882,0;5620,0
GS6237;2021;2315,0;3943,0;4591,0
GS6256;2020;15448,0;15448,0;49497,0
GS6256;2022;41536,0;49497,0;85219,0
GS6256;2023;81348,0;73387,0;106895,0
GS6256;2024;85219,0;85219,0;98689,0
GS6275;2018;38000,0;41038,0;41732,0
GS6275;2019;39474,0;45010,0;45029,0
GS6275;2020;48030,0;45039,0;42710,0
GS6275;2021;24000,0;41545,0;41761,0
GS6275;2022;36876,0;32129,0;17778,0
GS6289;2022;6270,0;29146,0;10110,0
GS6289;2023;1459,0;11738,0;11398,0
GS6290;2020;350633,0;351616,0;555025,0
GS6290;2021;651584,0;650601,0;521010,0
GS6301;2020;50619,0;56229,0;53018,0
GS6301;2021;50682,0;53018,0;47787,0
GS6301;2023;27939,0;63499,0;46581,0
GS6301;2024;35120,0;46471,0;15546,0
GS6338;2020;19,0;7217,0;6592,0
GS6344;2021;6584,0;7978,0;5086,0
GS6344;2022;5378,0;5284,0;6015,0
GS6349;2021;13032,0;6334,0;2247,0
GS6349;2023;424,0;1600,0;4841,0
GS6349;2024;1639,0;2989,0;1736,0
GS6350;2019;2365,0;4695,0;6087,0
GS6350;2020;2236,0;3020,0;5009,0
GS6350;2021;6691,0;6957,0;3228,0
GS6350;2024;1484,0;3031,0;1637,0
GS6351;2019;4890,0;4989,0;6214,0
GS6351;2021;4556,0;6107,0;2304,0
GS6351;2024;2106,0;3079,0;1711,0
GS6356;2023;32206,0;32353,0;9338,0
GS6395;2022;20039,0;63489,0;69547,0
GS6395;2024;55588,0;69547,0;72685,0
GS6411;2020;36,0;81178,0;60446,0
GS6443;2021;25,0;7948,0;3393,0
GS6443;2023;6043,0;6749,0;986,0
GS6445;2020;753,0;17922,0;5800,0
GS6460;2024;314,0;615,0;609,0
GS6518;2021;2839,0;2739,0;5137,0
GS6518;2022;6334,0;1909,0;1717,0
GS6519;2021;2757,0;2757,0;5034,0
GS6519;2022;1548,0;1820,0;1786,0
GS6520;2021;5007,0;2743,0;5242,0
GS6520;2022;7346,0;1903,0;1865,0
GS6521;2021;4990,0;2618,0;5673,0
GS6521;2022;2018,0;2014,0;2196,0
GS6522;2021;2477,0;2694,0;7135,0
GS6522;2022;623,0;2314,0;3585,0
GS6523;2021;190,0;2473,0;5922,0
GS6523;2022;2503,0;1984,0;2447,0
GS6566;2020;87,0;12463,0;8035,0
GS6566;2022;224,0;19103,0;7183,0
GS6566;2023;975,0;6524,0;8866,0
GS6566;2024;258,0;10532,0;1539,0
GS6586;2018;1000,0;1000,0;15306,0
GS6597;2019;3100,0;21051,0;19374,0
GS6597;2020;1024,0;20177,0;18136,0
GS6597;2021;213,0;34345,0;14185,0
GS6598;2022;24004,0;23041,0;56311,0
GS6598;2023;88,0;30975,0;79141,0
GS6600;2022;20811,0;5973,0;1853,0
GS6604;2020;9968,0;26423,0;27330,0
GS6604;2021;9684,0;48894,0;23934,0
GS6607;2021;89890,0;49621,0;48941,0
GS6607;2023;20032,0;50574,0;38657,0
GS6747;2020;25696,0;155950,0;96202,0
GS6748;2020;33874,0;195018,0;64206,0
GS6749;2021;11397,0;11397,0;6111,0
GS6749;2023;6028,0;6028,0;1113,0
GS6750;2022;952,0;7906,0;4174,0
GS6752;2021;3686,0;2366,0;2335,0
GS6752;2022;6830,0;2251,0;1963,0
GS6760;2021;211974,0;399827,0;188389,0
GS6760;2023;30915,0;288480,0;147970,0
GS6783;2020;771,0;15020,0;7073,0
GS6783;2021;13366,0;4868,0;4851,0
GS6783;2023;2714,0;9553,0;584,0
GS6784;2020;11000,0;15803,0;7302,0
GS6784;2021;4667,0;4581,0;4836,0
GS6784;2023;2853,0;9703,0;3306,0
GS6786;2020;17626,0;3228,0;5253,0
GS6786;2021;4078,0;2812,0;510,0
GS6787;2020;10483,0;2194,0;3509,0
GS6787;2021;7248,0;1874,0;340,0
GS6788;2019;5208,0;19194,0;5501,0
GS6788;2020;13959,0;2744,0;4343,0
GS6788;2021;2836,0;2319,0;425,0
GS6789;2020;10667,0;2744,0;4388,0
GS6789;2021;1010,0;2344,0;425,0
GS6790;2019;270,0;19967,0;5393,0
GS6790;2020;18333,0;2656,0;4365,0
GS6790;2021;3685,0;2344,0;425,0
GS6830;2020;288,0;2178,0;3318,0
GS6830;2022;1452,0;9905,0;3603,0
GS6830;2023;1703,0;4694,0;1345,0
GS6836;2020;1383,0;16520,0;6032,0
GS6836;2021;11967,0;4493,0;4870,0
GS6836;2023;2290,0;9047,0;3777,0
GS6836;2024;1870,0;3841,0;2935,0
GS6837;2019;3181,0;9997,0;8786,0
GS6837;2020;8861,0;10000,0;3852,0
GS6838;2020;10775,0;10000,0;2568,0
GS6854;2021;13032,0;118389,0;43656,0
GS6854;2022;3426,0;75330,0;6583,0
GS6858;2020;26500,0;69471,0;27025,0
GS6861;2021;20,0;9634,0;6897,0
GS6998;2020;1004,0;2948,0;6055,0
GS6998;2021;3583,0;4200,0;6582,0
GS6998;2023;9425,0;15155,0;4178,0
GS6999;2020;52950,0;76503,0;40265,0
GS6999;2022;939,0;45880,0;38174,0
GS7002;2023;1067,0;9532,0;41995,0
GS7002;2024;1685,0;27318,0;22765,0
GS7049;2018;200,0;100503,0;93845,0
GS7071;2020;160527,0;608592,0;935664,0
GS7071;2021;598391,0;989457,0;932161,0
GS7071;2022;456656,0;943156,0;909798,0
GS7112;2023;127,0;5516,0;4691,0
GS7128;2023;11296,0;11285,0;17336,0
GS7132;2022;2920,0;3291,0;9791,0
GS7132;2023;34,0;16234,0;9764,0
GS7132;2024;6475,0;9791,0;4560,0
GS7133;2022;2632,0;3314,0;9982,0
GS7133;2023;960,0;15790,0;9376,0
GS7133;2024;6555,0;9982,0;6614,0
GS7134;2022;3747,0;3313,0;8308,0
GS7134;2023;9184,0;18219,0;9954,0
GS7134;2024;5283,0;8723,0;3692,0
GS7135;2022;6444,0;3254,0;5423,0
GS7135;2023;8495,0;15810,0;9930,0
GS7135;2024;132,0;6602,0;2727,0
GS7136;2022;5273,0;2830,0;5060,0
GS7136;2023;5533,0;12581,0;9985,0
GS7136;2024;2003,0;6460,0;6603,0
GS7147;2020;1346,0;8301,0;4689,0
GS7147;2021;2102,0;4683,0;11518,0
GS7147;2022;9401,0;9517,0;7772,0
GS7147;2023;8356,0;4459,0;3277,0
GS7147;2024;8855,0;6085,0;1830,0
GS7148;2020;1301,0;8301,0;4683,0
GS7148;2021;7324,0;4683,0;11519,0
GS7148;2022;4221,0;9512,0;9404,0
GS7148;2023;6194,0;5150,0;4090,0
GS7148;2024;11023,0;7026,0;2131,0
GS7149;2020;1301,0;8301,0;4683,0
GS7149;2021;7324,0;4683,0;11470,0
GS7149;2022;4221,0;9463,0;9609,0
GS7149;2023;2046,0;5236,0;3538,0
GS7149;2024;12428,0;7145,0;1919,0
GS7150;2020;1301,0;8301,0;4683,0
GS7150;2021;7324,0;4683,0;11421,0
GS7150;2022;2059,0;9414,0;9500,0
GS7150;2023;6198,0;5190,0;3437,0
GS7150;2024;13337,0;7082,0;1924,0
GS7152;2021;88177,0;694591,0;652971,0
GS7152;2022;37810,0;655362,0;613425,0
GS7152;2024;247044,0;838933,0;555682,0
GS7152;2025;399128,0;885807,0;330125,0
GS7153;2021;14933,0;26725,0;9681,0
GS7153;2022;7959,0;15286,0;9575,0
GS7287;2023;1876,0;6083,0;456,0
GS7288;2023;1882,0;6094,0;456,0
GS7289;2023;1882,0;6094,0;456,0
GS7290;2023;1882,0;6094,0;456,0
GS7291;2023;1882,0;6094,0;456,0
GS7292;2023;1894,0;5094,0;456,0
GS7293;2021;11636,0;9973,0;10000,0
GS7293;2023;13024,0;10000,0;10236,0
GS7311;2020;6777,0;9781,0;2013,0
GS7311;2021;2451,0;1838,0;1779,0
GS7311;2022;3749,0;1648,0;1613,0
GS7311;2023;151,0;1638,0;1411,0
GS7312;2020;62,0;708258,0;682462,0
GS7312;2021;221779,0;1781528,0;1103044,0
GS7312;2022;771560,0;555874,0;1312595,0
GS7317;2022;8798,0;8078,0;7078,0
GS7318;2022;13436,0;11310,0;10000,0
GS7330;2021;15722,0;2980,0;5352,0
GS7330;2022;2411,0;3646,0;4834,0
GS7330;2023;4199,0;6134,0;2717,0
GS7331;2021;15733,0;2576,0;4304,0
GS7331;2022;267,0;3152,0;4019,0
GS7331;2023;3377,0;4932,0;2871,0
GS7331;2024;2966,0;4575,0;21,0
GS7332;2021;15918,0;3091,0;5552,0
GS7332;2022;2282,0;3783,0;5289,0
GS7332;2023;3027,0;6360,0;3883,0
GS7332;2024;5015,0;6338,0;179,0
GS7333;2021;15881,0;3090,0;5552,0
GS7333;2022;119,0;3784,0;5277,0
GS7333;2023;4353,0;6360,0;3862,0
GS7333;2024;3688,0;6303,0;177,0
GS7334;2020;3833,0;16000,0;3882,0
GS7334;2021;8835,0;2576,0;4626,0
GS7334;2022;319,0;3152,0;4434,0
GS7334;2023;6206,0;5299,0;3285,0
GS7334;2024;1567,0;5486,0;277,0
GS7335;2021;15860,0;2574,0;4626,0
GS7335;2022;140,0;2103,0;4347,0
GS7335;2023;6296,0;6349,0;2558,0
GS7336;2020;11667,0;16000,0;3628,0
GS7336;2021;4055,0;2405,0;4321,0
GS7336;2023;5703,0;7897,0;2903,0
GS7345;2021;683,0;5190,0;5170,0
GS7345;2022;3558,0;6089,0;6695,0
GS7356;2023;89,0;11857,0;8357,0
GS7362;2021;4836,0;7708,0;4205,0
GS7362;2024;354,0;3188,0;1846,0
GS7363;2021;4003,0;7704,0;4181,0
GS7363;2023;621,0;3568,0;5372,0
GS7363;2024;2174,0;3156,0;2089,0
GS7364;2021;4980,0;9169,0;4467,0
GS7364;2023;3856,0;3509,0;5737,0
GS7364;2024;333,0;2660,0;2063,0
GS7365;2021;1636,0;7143,0;3773,0
GS7365;2023;3145,0;3209,0;6143,0
GS7366;2021;3779,0;7795,0;3663,0
GS7366;2024;2305,0;3188,0;2027,0
GS7391;2021;4707,0;9973,0;10000,0
GS7391;2023;15304,0;10000,0;9883,0
GS7395;2021;1623,0;6454,0;11352,0
GS7395;2022;1961,0;9345,0;8923,0
GS7395;2023;8778,0;4946,0;3007,0
GS7395;2024;13789,0;6749,0;1503,0
GS7396;2021;1623,0;6454,0;11297,0
GS7396;2022;3682,0;9290,0;10000,0
GS7396;2023;7299,0;5412,0;3459,0
GS7396;2024;14823,0;7360,0;2105,0
GS7397;2021;1623,0;6454,0;11250,0
GS7397;2022;2582,0;9243,0;9409,0
GS7397;2023;8670,0;5152,0;4101,0
GS7397;2024;12267,0;7029,0;2198,0
GS7398;2021;1898,0;6454,0;11192,0
GS7398;2022;4350,0;9185,0;9692,0
GS7398;2023;8751,0;5272,0;3326,0
GS7398;2024;14129,0;7192,0;1894,0
GS7399;2021;4268,0;6454,0;11157,0
GS7399;2022;3888,0;9150,0;9950,0
GS7399;2023;6659,0;5381,0;3303,0
GS7399;2024;12780,0;7341,0;1906,0
GS7400;2021;5031,0;6454,0;11085,0
GS7400;2022;4983,0;9078,0;10000,0
GS7400;2023;4741,0;5522,0;3838,0
GS7400;2024;12816,0;7250,0;1815,0
GS7401;2021;5522,0;6430,0;11059,0
GS7401;2022;4129,0;9052,0;10000,0
GS7401;2023;6963,0;5420,0;4289,0
GS7401;2024;12581,0;7352,0;1926,0
GS7433;2021;23818,0;145111,0;76396,0
GS7433;2022;22176,0;76396,0;79903,0
GS7434;2022;114241,0;75844,0;79032,0
GS7435;2023;728,0;728,0;115,0
GS7436;2021;11978,0;11978,0;5819,0
GS7436;2023;5472,0;5505,0;1122,0
GS7437;2021;973,0;9973,0;10000,0
GS7437;2023;19648,0;10000,0;10000,0
GS7437;2024;92,0;10000,0;1151,0
GS7444;2021;214,0;4629,0;10000,0
GS7444;2023;38,0;9921,0;10000,0
GS7448;2022;7830,0;7989,0;5667,0
GS7449;2022;10774,0;10993,0;8865,0
GS7450;2022;11689,0;11926,0;8483,0
GS7451;2022;9447,0;11540,0;8836,0
GS7451;2023;3,0;13217,0;8762,0
GS7452;2022;6790,0;6572,0;5383,0
GS7452;2023;252,0;8052,0;5346,0
GS7453;2022;4214,0;4251,0;8970,0
GS7454;2022;5112,0;5149,0;8702,0
GS7456;2021;905,0;905,0;7034,0
GS7457;2021;674,0;674,0;5729,0
GS7458;2021;987,0;987,0;6090,0
GS7459;2021;1651,0;1651,0;6668,0
GS7460;2021;836,0;836,0;5581,0
GS7466;2020;25000,0;25556,0;41479,0
GS7466;2021;39927,0;42369,0;40282,0
GS7466;2022;41833,0;81202,0;38931,0
GS7467;2020;14850,0;24101,0;29792,0
GS7467;2022;8445,0;59478,0;27810,0
GS7467;2023;71816,0;29719,0;11062,0
GS7468;2020;30200,0;487922,0;587433,0
GS7468;2021;39692,0;669673,0;638840,0
GS7468;2022;336904,0;682989,0;682599,0
GS7468;2024;694474,0;1124922,0;615058,0
GS7468;2025;290510,0;881410,0;385279,0
GS7469;2021;31471,0;194913,0;136167,0
GS7469;2022;131126,0;107875,0;127598,0
GS7469;2024;110526,0;184220,0;123751,0
GS7470;2022;5879,0;3025,0;4934,0
GS7470;2023;4279,0;13323,0;9517,0
GS7470;2024;2314,0;6354,0;4017,0
GS7471;2022;5080,0;3313,0;4766,0
GS7471;2023;6520,0;14382,0;9297,0
GS7471;2024;1543,0;6177,0;3857,0
GS7472;2022;4334,0;3009,0;4794,0
GS7472;2023;5911,0;13339,0;12078,0
GS7472;2024;146,0;6314,0;4372,0
GS7473;2022;3069,0;2663,0;4542,0
GS7473;2023;5496,0;11809,0;12709,0
GS7473;2024;457,0;6279,0;6824,0
GS7474;2021;1104,0;2795,0;5617,0
GS7474;2022;1691,0;3302,0;4801,0
GS7474;2023;7107,0;13494,0;12467,0
GS7474;2024;5065,0;6564,0;7094,0
GS7475;2021;7147,0;9182,0;6833,0
GS7475;2022;2987,0;2987,0;5698,0
GS7475;2023;1917,0;6550,0;2178,0
GS7476;2021;3050,0;9181,0;6907,0
GS7476;2022;6972,0;2944,0;6108,0
GS7476;2023;1766,0;6590,0;2429,0
GS7477;2021;874,0;9083,0;6980,0
GS7477;2022;8757,0;2891,0;5536,0
GS7477;2023;1892,0;6685,0;2080,0
GS7478;2021;2274,0;7908,0;6767,0
GS7478;2022;5769,0;1178,0;5456,0
GS7478;2023;744,0;7837,0;2130,0
GS7479;2021;3030,0;8255,0;5930,0
GS7479;2023;422,0;8734,0;2451,0
GS7480;2021;1895,0;7477,0;6926,0
GS7480;2023;2696,0;8719,0;2231,0
GS7481;2021;1550,0;7201,0;6447,0
GS7481;2023;2330,0;8061,0;2278,0
GS7482;2021;6909,0;7762,0;6958,0
GS7482;2023;4495,0;8862,0;2578,0
GS7483;2021;1745,0;7066,0;7141,0
GS7483;2023;3942,0;8766,0;2640,0
GS7484;2021;2849,0;7061,0;6955,0
GS7484;2023;1926,0;8752,0;2762,0
GS7493;2023;172,0;33836,0;11756,0
GS7493;2024;80,0;8804,0;11169,0
GS7493;2025;261,0;15082,0;3967,0
GS7495;2022;37769,0;98203,0;216438,0
GS7506;2021;16776,0;14703,0;14389,0
GS7506;2022;14587,0;14447,0;14552,0
GS7506;2023;5093,0;14332,0;14049,0
GS7506;2024;6725,0;14769,0;6652,0
GS7507;2021;13633,0;14714,0;14427,0
GS7507;2022;10708,0;14489,0;14606,0
GS7507;2023;14859,0;14366,0;14051,0
GS7507;2024;16958,0;14842,0;6618,0
GS7510;2019;25000,0;47992,0;42052,0
GS7510;2020;22223,0;51078,0;49017,0
GS7510;2022;10129,0;44896,0;44070,0
GS7510;2023;40523,0;43426,0;17597,0
GS7513;2024;7292,0;19026,0;7035,0
GS7524;2024;1377,0;9988,0;4158,0
GS7525;2023;338238,0;873597,0;78271,0
GS7526;2023;106,0;59011,0;4416,0
GS7532;2021;67735,0;508684,0;459836,0
GS7532;2023;81334,0;539140,0;447877,0
GS7533;2022;59948,0;199937,0;203508,0
GS7533;2023;18656,0;203508,0;200865,0
GS7533;2024;22081,0;200865,0;198496,0
GS7534;2022;3000,0;424859,0;486103,0
GS7534;2023;106241,0;733199,0;339577,0
GS7539;2022;11298,0;7253,0;2412,0
GS7544;2021;20665,0;67986,0;29129,0
GS7544;2022;5277,0;24114,0;23880,0
GS7544;2023;40528,0;25908,0;2028,0
GS7549;2022;720,0;112583,0;50873,0
GS7556;2021;8108,0;8120,0;10753,0
GS7556;2022;10012,0;10000,0;9572,0
GS7556;2023;10000,0;10000,0;6295,0
GS7557;2023;10590,0;53999,0;51446,0
GS7557;2024;10412,0;57504,0;15841,0
GS7566;2021;4921,0;10517,0;9330,0
GS7566;2022;931,0;9014,0;7781,0
GS7566;2023;5791,0;7765,0;7441,0
GS7566;2024;13978,0;7815,0;5110,0
GS7567;2022;1781,0;8372,0;7758,0
GS7567;2024;14925,0;7754,0;4932,0
GS7572;2022;30132,0;294765,0;282772,0
GS7572;2023;137356,0;282772,0;273534,0
GS7572;2024;87195,0;273534,0;267855,0
GS7576;2020;40000,0;52704,0;34777,0
GS7576;2022;39644,0;40010,0;43427,0
GS7576;2023;123,0;43228,0;38446,0
GS7582;2023;3345,0;10927,0;4387,0
GS7583;2023;5170,0;9787,0;4652,0
GS7584;2023;4002,0;10430,0;4471,0
GS7587;2021;2500,0;6033,0;44562,0
GS7592;2022;29570,0;76868,0;58048,0
GS7592;2023;26578,0;60000,0;48752,0
GS7592;2024;12865,0;47860,0;44849,0
GS7593;2022;3953,0;49076,0;57253,0
GS7593;2023;27823,0;60000,0;44388,0
GS7593;2024;33427,0;43433,0;41417,0
GS7594;2022;6055,0;11580,0;45563,0
GS7594;2023;3140,0;43495,0;49086,0
GS7594;2024;17217,0;49036,0;41097,0
GS7602;2023;8000,0;18080,0;4513,0
GS7604;2021;31164,0;101474,0;99539,0
GS7604;2022;24913,0;99473,0;99113,0
GS7604;2023;29145,0;99006,0;14531,0
GS7605;2022;2289,0;97419,0;97045,0
GS7605;2023;18972,0;96895,0;14229,0
GS7606;2021;9000,0;100541,0;98638,0
GS7606;2022;19916,0;98556,0;98073,0
GS7606;2023;39059,0;97875,0;14304,0
GS7620;2022;1382,0;133982,0;141870,0
GS7620;2024;20964,0;185410,0;135095,0
GS7627;2024;67826,0;227399,0;309019,0
GS7628;2022;70,0;228537,0;72421,0
GS7629;2022;57,0;180803,0;66945,0
GS7637;2022;22075,0;89155,0;53346,0
GS7637;2023;79719,0;56356,0;59435,0
GS7637;2024;20449,0;55774,0;60000,0
GS7637;2025;48856,0;70849,0;5753,0
GS7638;2022;23077,0;87447,0;54182,0
GS7638;2023;79114,0;56519,0;59830,0
GS7638;2024;21575,0;56879,0;60000,0
GS7638;2025;97939,0;70849,0;5753,0
GS7639;2022;84,0;80764,0;51970,0
GS7639;2023;43924,0;56433,0;58682,0
GS7639;2024;43630,0;53586,0;60000,0
GS7639;2025;138963,0;70849,0;5753,0
GS7640;2023;27882,0;55508,0;53402,0
GS7640;2024;36811,0;48378,0;60000,0
GS7640;2025;88453,0;70849,0;5753,0
GS7641;2022;15038,0;62431,0;53226,0
GS7641;2023;22325,0;56232,0;59767,0
GS7641;2024;17103,0;56141,0;60000,0
GS7641;2025;149563,0;70849,0;5753,0
GS7642;2023;1047,0;56271,0;59832,0
GS7642;2024;33370,0;56394,0;60000,0
GS7642;2025;122415,0;70849,0;5753,0
GS7643;2023;413,0;56245,0;50206,0
GS7643;2024;1703,0;49047,0;60000,0
GS7643;2025;136602,0;70849,0;5753,0
GS7644;2022;6291,0;22900,0;56058,0
GS7644;2023;497,0;55722,0;50804,0
GS7644;2025;112168,0;70849,0;5753,0
GS7645;2023;23,0;22813,0;55003,0
GS7645;2025;90495,0;70849,0;5753,0
GS7646;2024;232,0;59488,0;60000,0
GS7646;2025;115951,0;70849,0;5753,0
GS7647;2024;1573,0;59914,0;60000,0
GS7647;2025;99092,0;70849,0;5753,0
GS7648;2025;110124,0;70849,0;5753,0
GS7649;2025;100197,0;70849,0;5753,0
GS7650;2025;88396,0;70849,0;5753,0
GS7651;2025;23686,0;70849,0;5753,0
GS7652;2025;27420,0;167887,0;7434,0
GS7671;2023;2321,0;9344,0;4605,0
GS7671;2025;390,0;4620,0;849,0
GS7672;2023;1226,0;8947,0;4882,0
GS7672;2025;352,0;5137,0;1738,0
GS7687;2023;46296,0;102414,0;52961,0
GS7687;2024;83629,0;53603,0;55015,0
GS7688;2023;33988,0;74530,0;53000,0
GS7688;2024;76586,0;54461,0;48345,0
GS7689;2023;6694,0;36317,0;53948,0
GS7689;2024;122,0;55560,0;50448,0
GS7692;2024;206,0;36864,0;22351,0
GS7724;2022;137701,0;299414,0;292142,0
GS7726;2022;19352,0;1078700,0;667255,0
GS7726;2023;537099,0;841554,0;548647,0
GS7739;2024;379990,0;464178,0;421567,0
GS7744;2023;15421,0;158840,0;98151,0
GS7745;2023;62693,0;1125127,0;740974,0
GS7760;2024;67000,0;1292413,0;290903,0
GS7762;2023;14723,0;61482,0;35356,0
GS7762;2024;25384,0;79670,0;17990,0
GS7783;2021;10001,0;20320,0;20723,0
GS7783;2023;4517,0;42927,0;50156,0
GS7801;2024;650,0;592359,0;121739,0
GS10220;2020;56529,0;104067,0;34076,0
GS10457;2023;14409,0;41166,0;58260,0
GS10657;2021;10000,0;10499,0;9390,0
GS10657;2022;9518,0;9019,0;7879,0
GS10657;2023;2673,0;7933,0;7326,0
GS10657;2024;13032,0;7772,0;5423,0
GS10658;2021;3933,0;7778,0;7898,0
GS10658;2022;8538,0;7651,0;6529,0
GS10658;2023;5338,0;6529,0;6134,0
GS10658;2024;6968,0;6529,0;4095,0
GS10659;2022;10517,0;9012,0;7760,0
GS10659;2023;7000,0;7760,0;7364,0
GS10659;2024;2707,0;7762,0;5512,0
GS10710;2023;79755,0;79572,0;73828,0
GS10710;2024;77865,0;73828,0;79706,0
GS10716;2023;43750,0;1187221,0;642578,0
GS10718;2022;1434,0;1434,0;6841,0
GS10725;2024;6867,0;9198,0;7288,0
GS10726;2024;7061,0;8891,0;7442,0
GS10735;2022;5,0;2755,0;9098,0
GS10735;2024;1032,0;8532,0;4847,0
GS10736;2024;1924,0;10000,0;5491,0
GS10740;2024;12575,0;11569,0;10000,0
GS10741;2023;1000,0;9941,0;9910,0
GS10741;2024;8858,0;11566,0;10000,0
GS10742;2024;8685,0;11547,0;10000,0
GS10777;2022;4540,0;4547,0;3906,0
GS10777;2024;2460,0;3497,0;997,0
GS10778;2022;8789,0;9324,0;10000,0
GS10778;2023;8813,0;10000,0;10000,0
GS10779;2022;5740,0;9156,0;10000,0
GS10779;2023;5585,0;10000,0;10000,0
GS10780;2022;2678,0;9262,0;10000,0
GS10780;2023;9835,0;10000,0;10000,0
GS10781;2022;2344,0;2344,0;10000,0
GS10781;2023;9734,0;9895,0;10000,0
GS10782;2021;26359,0;43065,0;41667,0
GS10782;2022;29421,0;41661,0;41816,0
GS10782;2023;36374,0;41734,0;41926,0
GS10783;2022;10000,0;10000,0;8704,0
GS10783;2023;6882,0;8766,0;7697,0
GS10783;2024;4088,0;8584,0;5323,0
GS10784;2022;9688,0;9911,0;7950,0
GS10784;2023;8268,0;8045,0;7165,0
GS10784;2024;2616,0;7763,0;4968,0
GS10788;2023;43,0;6473,0;6135,0
GS10790;2022;43736,0;1062310,0;770823,0
GS10790;2023;53172,0;565852,0;860576,0
GS10790;2024;297789,0;1039765,0;363881,0
GS10791;2025;147543,0;325476,0;86929,0
GS10792;2025;103,0;146597,0;28040,0
GS10798;2024;19038,0;75535,0;60147,0
GS10799;2022;1139,0;7593,0;8683,0
GS10799;2024;2958,0;17353,0;6374,0
GS10800;2022;1115,0;7701,0;8253,0
GS10801;2022;246,0;7376,0;7857,0
GS10801;2024;3761,0;15794,0;6481,0
GS10802;2022;4293,0;7024,0;7804,0
GS10802;2024;2783,0;15934,0;6191,0
GS10803;2022;3056,0;6711,0;7561,0
GS10803;2024;2723,0;15752,0;6404,0
GS10804;2022;5010,0;7359,0;7732,0
GS10804;2024;3388,0;16638,0;6518,0
GS10805;2022;6068,0;6171,0;7574,0
GS10805;2024;30,0;15686,0;5943,0
GS10806;2023;2368,0;6420,0;10374,0
GS10806;2024;6051,0;10000,0;5781,0
GS10807;2023;2779,0;5122,0;9486,0
GS10808;2024;29736,0;24727,0;37110,0
GS10809;2024;32101,0;24459,0;30164,0
GS10821;2023;53637,0;67737,0;34928,0
GS10821;2024;44808,0;36462,0;14234,0
GS10825;2023;49281,0;56115,0;34928,0
GS10825;2024;37315,0;36462,0;14234,0
GS10826;2023;8670,0;10299,0;806,0
GS10827;2023;6205,0;10300,0;806,0
GS10828;2023;3699,0;10300,0;806,0
GS10872;2021;6159,0;6159,0;9717,0
GS10872;2022;9036,0;9036,0;9308,0
GS10872;2023;9680,0;9680,0;5477,0
GS10873;2021;4966,0;4966,0;10765,0
GS10873;2022;10000,0;10000,0;9582,0
GS10873;2023;10000,0;10000,0;6155,0
GS10879;2023;72310,0;77633,0;113812,0
GS10879;2024;26069,0;100419,0;71950,0
GS10886;2022;51028,0;78329,0;56905,0
GS10886;2023;42714,0;58143,0;42199,0
GS10888;2023;8,0;61718,0;20582,0
GS10889;2023;10,0;52028,0;33188,0
GS10890;2023;164,0;58461,0;36947,0
GS10890;2024;39261,0;37432,0;17152,0
GS10900;2024;34531,0;34980,0;17639,0
GS10901;2023;14889,0;28482,0;26781,0
GS10901;2024;39910,0;39022,0;14880,0
GS10902;2023;22801,0;32517,0;29662,0
GS10902;2024;48494,0;46627,0;16668,0
GS10903;2022;19744,0;53996,0;52276,0
GS10903;2023;11382,0;17967,0;75762,0
GS10903;2024;42345,0;110071,0;50677,0
GS10904;2022;17337,0;53996,0;47742,0
GS10904;2023;23176,0;17916,0;67676,0
GS10904;2024;30735,0;97502,0;54850,0
GS10905;2022;465,0;53996,0;50013,0
GS10905;2023;23176,0;17864,0;64324,0
GS10905;2024;57186,0;96473,0;59859,0
GS10906;2022;465,0;53996,0;48744,0
GS10906;2023;24917,0;18067,0;60204,0
GS10906;2024;51897,0;90881,0;55856,0
GS10907;2022;465,0;53996,0;35936,0
GS10907;2024;36812,0;37281,0;38167,0
GS10908;2022;765,0;53996,0;37504,0
GS10908;2023;7602,0;37504,0;40900,0
GS10908;2024;36069,0;40900,0;38167,0
GS10909;2022;465,0;53996,0;39072,0
GS10909;2023;23570,0;39072,0;40913,0
GS10909;2024;51030,0;40913,0;38279,0
GS10910;2022;13465,0;53996,0;40205,0
GS10910;2024;58117,0;40717,0;40399,0
GS10911;2022;16845,0;44265,0;42640,0
GS10911;2023;23699,0;42640,0;41501,0
GS10911;2024;28846,0;41501,0;35598,0
GS10912;2022;18879,0;43543,0;42640,0
GS10912;2023;15331,0;42640,0;41501,0
GS10912;2024;30692,0;41501,0;35598,0
GS10913;2022;362,0;43338,0;42640,0
GS10913;2023;29426,0;42640,0;41501,0
GS10913;2024;45185,0;41501,0;35972,0
GS10914;2022;4402,0;42895,0;42640,0
GS10914;2023;20956,0;42640,0;41501,0
GS10914;2024;26783,0;41501,0;37031,0
GS10915;2022;18118,0;42051,0;32800,0
GS10915;2023;13723,0;32800,0;31924,0
GS10915;2024;16205,0;31924,0;28485,0
GS10916;2022;18118,0;42051,0;32800,0
GS10916;2023;6733,0;32800,0;31924,0
GS10916;2024;31808,0;31924,0;28485,0
GS10917;2022;14850,0;42051,0;32800,0
GS10917;2023;5000,0;32800,0;31924,0
GS10917;2024;215,0;31924,0;28485,0
GS10918;2022;4528,0;42051,0;32800,0
GS10918;2023;16177,0;32800,0;31924,0
GS10918;2024;35546,0;31924,0;28485,0
GS10919;2024;28920,0;14897,0;13293,0
GS10920;2024;29056,0;14897,0;13293,0
GS10921;2022;1017,0;19171,0;14955,0
GS10921;2023;8611,0;14955,0;14554,0
GS10921;2024;19871,0;14554,0;12987,0
GS10967;2023;106342,0;660594,0;616492,0
GS10967;2024;296332,0;616492,0;587040,0
GS10968;2023;16,0;9391,0;45128,0
GS10968;2024;91,0;45128,0;55175,0
GS10970;2024;17427,0;84650,0;60883,0
GS10970;2025;265,0;61002,0;5167,0
GS10974;2023;29,0;43469,0;1775,0
GS10976;2022;66830,0;68732,0;53369,0
GS10977;2022;40000,0;68917,0;53419,0
GS10978;2022;15000,0;68595,0;53634,0
GS10978;2023;1561,0;42719,0;1762,0
GS10979;2023;44439,0;43382,0;1758,0
GS10980;2023;16912,0;43061,0;1776,0
GS10981;2023;18015,0;43180,0;1810,0
GS10982;2022;30178,0;63216,0;51845,0
GS10982;2023;14838,0;39368,0;1704,0
GS10987;2022;12450,0;15535,0;15917,0
GS10988;2023;8516,0;18405,0;7549,0
GS10989;2023;5344,0;15198,0;7549,0
GS10990;2023;1861,0;9427,0;738,0
GS10991;2023;333,0;9126,0;738,0
GS10995;2023;175,0;1357,0;521,0
GS11010;2023;8685,0;117992,0;60000,0
GS11012;2024;6870,0;11569,0;10000,0
GS11013;2024;6010,0;11569,0;10000,0
GS11014;2024;3667,0;11569,0;10000,0
GS11015;2024;2145,0;11569,0;10000,0
GS11016;2024;2194,0;11569,0;10000,0
GS11041;2023;115,0;5870,0;6801,0
GS11041;2024;4286,0;5830,0;1189,0
GS11042;2024;1758,0;5764,0;1097,0
GS11047;2024;1100,0;3890,0;2694,0
GS11068;2023;1963,0;41599,0;38054,0
GS11074;2023;2599,0;2599,0;10000,0
GS11075;2024;72,0;247561,0;199662,0
GS11098;2024;18689,0;59964,0;58136,0
GS11098;2025;1503,0;58054,0;59701,0
GS11133;2023;8,0;34531,0;55294,0
GS11133;2024;9794,0;56191,0;54078,0
GS11133;2025;5461,0;54293,0;55296,0
GS11134;2023;100,0;34877,0;56439,0
GS11134;2024;937,0;57324,0;55276,0
GS11134;2025;5577,0;55457,0;56346,0
GS11135;2025;22813,0;59265,0;60518,0
GS11136;2024;502,0;59801,0;57695,0
GS11136;2025;3666,0;57853,0;59072,0
GS11140;2023;18798,0;158784,0;613671,0
GS11140;2024;346101,0;819906,0;683124,0
GS11140;2025;192987,0;684671,0;351190,0
GS11145;2023;3511,0;308801,0;429333,0
GS11145;2024;123074,0;623326,0;443702,0
GS11145;2025;190009,0;221656,0;71199,0
GS11147;2023;6378,0;35883,0;29069,0
GS11150;2023;10,0;22397,0;36595,0
GS11150;2024;14533,0;25749,0;29538,0
GS11151;2024;19268,0;23854,0;29900,0
GS11152;2023;3065,0;22402,0;37936,0
GS11152;2024;6450,0;26564,0;30721,0
GS11153;2023;521,0;10294,0;35982,0
GS11153;2024;1653,0;25198,0;29138,0
GS11167;2023;17050,0;140002,0;138632,0
GS11169;2024;9866,0;35808,0;24687,0
GS11169;2025;25873,0;25781,0;3456,0
GS11190;2023;9300,0;16923,0;13406,0
GS11192;2023;24376,0;24113,0;21399,0
GS11193;2023;42637,0;36194,0;38868,0
GS11194;2023;19739,0;46139,0;39049,0
GS11196;2023;199,0;29680,0;24475,0
GS11197;2023;7182,0;23236,0;19120,0
GS11205;2024;3658,0;91024,0;36476,0
GS11207;2022;27671,0;282570,0;373234,0
GS11207;2023;76969,0;742414,0;360983,0
GS11218;2023;37309,0;56115,0;34928,0
GS11218;2024;47706,0;36462,0;14234,0
GS11222;2022;12235,0;309144,0;232754,0
GS11227;2024;55074,0;27282,0;23767,0
GS11228;2024;53050,0;26416,0;23006,0
GS11229;2024;46379,0;23302,0;20269,0
GS11230;2024;47582,0;24058,0;20931,0
GS11231;2024;51088,0;25939,0;22585,0
GS11232;2024;22922,0;22746,0;19783,0
GS11233;2024;3460,0;2807,0;2440,0
GS11234;2024;3310,0;2717,0;2362,0
GS11235;2024;1425,0;2872,0;2497,0
GS11236;2024;21610,0;22014,0;19149,0
GS11238;2022;50000,0;287730,0;208146,0
GS11239;2022;50000,0;245755,0;194813,0
GS11245;2025;9500,0;28553,0;1201,0
GS11256;2023;389603,0;369906,0;367003,0
GS11256;2024;204329,0;365476,0;218774,0
GS11259;2022;52916,0;52916,0;54283,0
GS11259;2024;40669,0;41498,0;35695,0
GS11260;2022;48909,0;48909,0;55145,0
GS11260;2024;40719,0;41549,0;38262,0
GS11261;2022;51406,0;51406,0;56148,0
GS11261;2024;39327,0;40129,0;37468,0
GS11262;2022;52130,0;52130,0;52477,0
GS11262;2024;38645,0;39433,0;34381,0
GS11263;2022;52931,0;52931,0;57881,0
GS11263;2024;46674,0;47626,0;44704,0
GS11264;2022;40821,0;40821,0;46003,0
GS11264;2024;34607,0;35313,0;33909,0
GS11265;2022;57528,0;57528,0;57721,0
GS11265;2024;35359,0;54274,0;49693,0
GS11266;2022;54549,0;54549,0;54631,0
GS11267;2022;52386,0;52386,0;51973,0
GS11268;2022;36424,0;56749,0;51190,0
GS11268;2023;20325,0;51190,0;45173,0
GS11269;2023;53989,0;51595,0;43185,0
GS11269;2024;520,0;41059,0;36129,0
GS11270;2023;54621,0;53572,0;46915,0
GS11270;2024;17423,0;44205,0;40300,0
GS11271;2023;45026,0;41524,0;38334,0
GS11272;2023;51237,0;45724,0;42975,0
GS11272;2024;5406,0;40235,0;41364,0
GS11273;2023;57042,0;49284,0;47242,0
GS11274;2023;418,0;45412,0;43558,0
GS11274;2024;63725,0;40844,0;40263,0
GS11275;2023;93,0;49791,0;43972,0
GS11275;2024;69323,0;41145,0;41871,0
GS11276;2023;30350,0;49351,0;45303,0
GS11276;2024;3529,0;42367,0;43460,0
GS11277;2024;71617,0;41882,0;42538,0
GS11278;2022;14000,0;56749,0;51373,0
GS11278;2023;13762,0;51373,0;46197,0
GS11278;2024;11097,0;43447,0;40409,0
GS11279;2022;10000,0;56313,0;57512,0
GS11279;2024;15763,0;50716,0;46876,0
GS11280;2024;52870,0;44221,0;42843,0
GS11281;2023;41208,0;48369,0;43167,0
GS11281;2024;30520,0;40647,0;37963,0
GS11282;2022;52032,0;52032,0;45599,0
GS11282;2024;44688,0;38062,0;40810,0
GS11283;2022;53954,0;53954,0;53293,0
GS11283;2024;52228,0;40047,0;35169,0
GS11284;2022;53854,0;53854,0;50100,0
GS11284;2024;49099,0;37706,0;35304,0
GS11285;2022;54250,0;54250,0;50352,0
GS11285;2024;49346,0;39599,0;36537,0
GS11286;2022;43499,0;47090,0;42081,0
GS11286;2023;1080,0;42081,0;36049,0
GS11286;2024;21750,0;33528,0;37576,0
GS11287;2024;18172,0;27072,0;23753,0
GS11288;2023;22000,0;53256,0;40929,0
GS11288;2024;29009,0;38565,0;34764,0
GS11289;2022;36738,0;49126,0;41243,0
GS11289;2023;1033,0;41243,0;38203,0
GS11289;2024;29698,0;38203,0;53060,0
GS11290;2022;50534,0;50534,0;45735,0
GS11290;2024;22141,0;43488,0;53605,0
GS11291;2022;55139,0;55139,0;47729,0
GS11291;2024;23661,0;47295,0;53349,0
GS11292;2022;5456,0;56291,0;49131,0
GS11292;2023;49,0;49131,0;51197,0
GS11292;2024;27345,0;51197,0;59059,0
GS11293;2023;50000,0;48653,0;44924,0
GS11293;2024;18871,0;44924,0;56267,0
GS11294;2022;5190,0;58085,0;49662,0
GS11294;2023;3368,0;49662,0;47567,0
GS11294;2024;26679,0;47567,0;59686,0
GS11295;2023;25200,0;49934,0;49857,0
GS11295;2024;55216,0;49857,0;56853,0
GS11296;2024;49930,0;49734,0;53930,0
GS11297;2024;25571,0;49253,0;52854,0
GS11298;2023;743,0;46709,0;46533,0
GS11298;2024;67764,0;46533,0;53044,0
GS11299;2024;57650,0;47137,0;46889,0
GS11300;2023;34480,0;48497,0;49287,0
GS11300;2024;20383,0;49287,0;58371,0
GS11301;2022;14653,0;49735,0;40298,0
GS11301;2023;35082,0;40298,0;41532,0
GS11302;2022;54633,0;54633,0;44455,0
GS11303;2022;55714,0;55714,0;45793,0
GS11303;2024;24575,0;40275,0;49428,0
GS11304;2023;20753,0;18853,0;18850,0
GS11305;2023;14363,0;14896,0;15312,0
GS11309;2023;37309,0;53867,0;34928,0
GS11309;2024;47706,0;36462,0;14234,0
GS11310;2023;26820,0;50045,0;34928,0
GS11310;2024;54979,0;36462,0;14234,0
GS11311;2024;70360,0;36462,0;14234,0
GS11312;2024;67567,0;36462,0;14234,0
GS11313;2024;51916,0;36462,0;14234,0
GS11325;2024;10000,0;66250,0;14206,0
GS11331;2023;6044,0;368335,0;542068,0
GS11331;2024;251464,0;1053778,0;113154,0
GS11334;2022;12499,0;598995,0;432051,0
GS11334;2023;274997,0;426677,0;105784,0
GS11337;2023;339195,0;469254,0;115449,0
GS11358;2024;30459,0;76399,0;25838,0
GS11358;2025;20362,0;25951,0;10736,0
GS11394;2024;16376,0;52534,0;125920,0
GS11400;2023;407822,0;421848,0;409799,0
GS11400;2024;128675,0;409535,0;250670,0
GS11401;2024;203576,0;493381,0;38995,0
GS11402;2024;60131,0;60466,0;21060,0
GS11403;2024;5919,0;35397,0;19934,0
GS11405;2023;184148,0;250217,0;100918,0
GS11405;2024;15400,0;114369,0;26265,0
GS11421;2024;2860,0;693975,0;599889,0
GS11424;2023;81407,0;110459,0;75282,0
GS11424;2024;13847,0;80391,0;78144,0
GS11426;2024;38117,0;31932,0;32021,0
GS11426;2025;64983,0;33050,0;18776,0
GS11427;2023;63917,0;45809,0;45729,0
GS11427;2024;45809,0;45635,0;45704,0
GS11427;2025;92260,0;46625,0;26473,0
GS11432;2024;86651,0;70377,0;45960,0
GS11432;2025;28649,0;29233,0;18067,0
GS11434;2024;2744,0;62971,0;50535,0
GS11437;2023;40880,0;35646,0;35545,0
GS11437;2024;39999,0;35428,0;35582,0
GS11437;2025;43799,0;36785,0;20842,0
GS11440;2023;21697,0;2257502,0;4594551,0
GS11440;2024;82413,0;5744469,0;5965023,0
GS11440;2025;63839,0;6939961,0;974938,0
GS11507;2024;4751,0;6265,0;6039,0
GS11539;2024;15942,0;35215,0;34840,0
GS11539;2025;35556,0;34315,0;20017,0
GS11551;2024;10000,0;499119,0;558486,0
GS11557;2025;54,0;1723061,0;316511,0
GS11559;2023;44936,0;123330,0;22905,0
GS11560;2023;317,0;102641,0;23464,0
GS11561;2024;96551,0;421243,0;110451,0
GS11564;2024;180,0;253281,0;165331,0
GS11596;2023;1015,0;191115,0;891027,0
GS11596;2024;446134,0;1052799,0;496823,0
GS11603;2024;39888,0;36585,0;30022,0
GS11603;2025;20134,0;20544,0;5485,0
GS11604;2024;6096,0;8962,0;2493,0
GS11608;2024;429,0;31503,0;14823,0
GS11627;2024;147,0;149,0;293,0
GS11627;2025;140,0;140,0;727,0
GS11628;2024;46677,0;36462,0;14234,0
GS11629;2024;40475,0;36462,0;14234,0
GS11630;2024;6193,0;36462,0;14234,0
GS11631;2024;2842,0;36462,0;14234,0
GS11632;2024;205,0;39541,0;14234,0
GS11655;2023;2071,0;54482,0;52498,0
GS11655;2024;76356,0;56893,0;52459,0
GS11655;2025;70751,0;96086,0;30450,0
GS11656;2024;74092,0;57923,0;53745,0
GS11656;2025;58235,0;98274,0;31001,0
GS11664;2024;33,0;51,0;33,0
GS11671;2024;242988,0;590015,0;230414,0
GS11722;2024;54877,0;123947,0;86518,0
GS11728;2023;269612,0;342264,0;344736,0
GS11728;2024;217911,0;374877,0;362350,0
GS11728;2025;300758,0;341537,0;156551,0
GS11744;2023;1261,0;9797,0;8438,0
GS11745;2023;1261,0;9798,0;8438,0
GS11747;2023;456,0;8994,0;8439,0
GS11748;2023;456,0;8992,0;8438,0
GS11749;2023;456,0;8992,0;8438,0
GS11750;2023;456,0;8994,0;8439,0
GS11751;2023;456,0;8994,0;8439,0
GS11752;2023;456,0;8992,0;8438,0
GS11753;2023;71,0;8292,0;8439,0
GS11807;2023;640,0;9177,0;8438,0
GS11835;2023;1415,0;4941,0;8440,0
GS11836;2023;4941,0;4941,0;8440,0
GS11837;2023;4710,0;4710,0;8440,0
GS11838;2023;4108,0;4108,0;8440,0
GS11839;2023;4108,0;4108,0;8439,0
GS11840;2023;4107,0;4107,0;8438,0
GS11841;2023;4108,0;4108,0;8439,0
GS11842;2023;4109,0;4109,0;8441,0
GS11843;2023;4108,0;4108,0;8440,0
GS11844;2023;3401,0;3401,0;8440,0
GS11845;2023;3302,0;3302,0;8439,0
GS11846;2023;3303,0;3303,0;8440,0
GS11847;2023;3303,0;3303,0;8441,0
GS11848;2023;44,0;44,0;114,0
GS11849;2023;26,0;26,0;68,0
GS11850;2023;26,0;26,0;68,0
GS11851;2023;26,0;26,0;68,0
GS11852;2023;26,0;26,0;68,0
GS11853;2023;26,0;26,0;68,0
GS11855;2024;27630,0;38990,0;40086,0
GS11861;2024;4222,0;41500,0;12617,0
GS11947;2024;16728,0;47737,0;27219,0
GS11988;2024;32988,0;32988,0;36247,0
GS11988;2025;23185,0;71540,0;21109,0
GS11996;2024;31528,0;31528,0;11282,0
GS11998;2024;20731,0;20731,0;9212,0
GS11999;2024;12024,0;12024,0;9249,0
GS12000;2024;9740,0;9740,0;8584,0
GS12001;2024;7020,0;7020,0;8774,0
GS12002;2024;8081,0;8081,0;10884,0
GS12003;2024;7249,0;7249,0;10441,0
GS12017;2025;57732,0;63029,0;17353,0
GS12018;2025;72073,0;34540,0;18154,0
GS12019;2025;67924,0;67752,0;18890,0
GS12020;2025;27169,0;73623,0;20570,0
GS12023;2024;1066,0;44110,0;44393,0
GS12033;2024;2455,0;49288,0;123409,0
GS12047;2024;327027,0;1489070,0;748078,0
GS12047;2025;1217305,0;466834,0;395081,0
GS12062;2024;37863,0;1909610,0;215540,0
GS12064;2024;3409,0;16511,0;24028,0
GS12064;2025;8126,0;21251,0;44525,0
GS12114;2024;1688,0;186973,0;216816,0
GS12127;2024;4057,0;23930,0;14234,0
GS12147;2024;131201,0;132457,0;7225,0
GS12205;2025;10004,0;372397,0;284472,0
GS12227;2024;1265,0;47159,0;36476,0
GS12302;2024;246699,0;440677,0;43875,0
GS12350;2025;5000,0;82660,0;16616,0
GS12357;2024;21589,0;34049,0;59053,0
GS12357;2025;2883,0;61358,0;5197,0
GS12358;2024;5537,0;31693,0;58939,0
GS12470;2025;4086,0;31917,0;16555,0
GS12533;2025;5542,0;44926,0;18585,0
ISOprj_1H502CZZH1S0VMYW;2025;1649,0;3256,804;3256,804
ISOprj_1HHYZFVGW1S044ZY;2024;3375,0;10206,875;9669,316
ISOprj_1HHYZFVGW1S044ZY;2025;4903,775;24325,941;25488,955
ISOprj_1HZSSWBQM1S08H83;2024;70,04;105,065;438,956
ISOprj_1HZSSWBQM1S08H83;2025;2837,496;4340,492;4047,897
ISOprj_1J4P33N6W1S0RKE2;2024;500,0;882,916;1582,238
ISOprj_1J4P33N6W1S0RKE2;2025;3089,0;9560,393;10609,677
ISOprj_1JFA3YY9P1S0YVKR;2025;151,0;467,377;700,547
ISOprj_1JN6XNWDQ1S0BSN7;2025;3,449;3,449;50,217
ISOprj_1JQEQKCF91S06HAJ;2025;63,0;347,34;347,34
ISOprj_1JXCRW5ST1S0EEKH;2025;2000,0;2981,463;4317,29
VCS5;2009;17515,0;17815,0;19624,0
VCS5;2012;23148,0;23148,0;16977,0
VCS5;2013;9390,0;26280,0;18631,0
VCS5;2015;28184,0;25862,0;16762,0
VCS5;2016;10373,0;16762,0;15606,0
VCS5;2017;8951,0;15606,0;21987,0
VCS5;2018;2898,0;25071,0;20521,0
VCS5;2020;4692,0;46254,0;24068,0
VCS5;2022;12901,0;29233,0;22864,0
VCS5;2023;49928,0;26622,0;22199,0
VCS10;2012;104439,0;1112212,0;473751,0
VCS14;2009;19257,0;203479,0;51721,0
VCS14;2010;26390,0;46390,0;40384,0
VCS14;2011;41704,0;33385,0;34214,0
VCS14;2012;17927,0;7287,0;36970,0
VCS15;2009;105406,0;468526,0;136091,0
VCS15;2010;239855,0;139855,0;125843,0
VCS15;2011;46873,0;117074,0;129938,0
VCS15;2012;99894,0;29737,0;98126,0
VCS16;2009;122154,0;521296,0;126908,0
VCS16;2010;163452,0;69633,0;59323,0
VCS16;2011;67917,0;64917,0;79994,0
VCS16;2012;15315,0;24192,0;105829,0
VCS17;2009;23383,0;194946,0;43237,0
VCS17;2010;29649,0;38267,0;36402,0
VCS17;2011;57467,0;40193,0;40726,0
VCS17;2012;2844,0;8522,0;31594,0
VCS32;2009;7900,0;30945,0;11866,0
VCS32;2011;804,0;6934,0;12969,0
VCS33;2009;18235,0;73749,0;40789,0
VCS33;2011;5000,0;47191,0;47025,0
VCS33;2014;103936,0;212347,0;51458,0
VCS33;2015;141983,0;43944,0;50131,0
VCS33;2016;25145,0;50514,0;45640,0
VCS33;2018;19891,0;32562,0;21307,0
VCS33;2021;1434,0;46557,0;30520,0
VCS33;2022;49807,0;29248,0;7326,0
VCS34;2009;12205,0;38558,0;17796,0
VCS34;2010;22139,0;16313,0;24043,0
VCS34;2011;96,0;27162,0;30026,0
VCS34;2013;18749,0;33206,0;16159,0
VCS41;2009;44314,0;44314,0;8630,0
VCS52;2009;16653,0;16653,0;9149,0
VCS52;2010;9149,0;9149,0;9467,0
VCS53;2009;19387,0;24015,0;13731,0
VCS53;2011;3203,0;31741,0;26119,0
VCS53;2014;60651,0;65120,0;21175,0
VCS54;2009;45988,0;78464,0;45940,0
VCS54;2010;29956,0;30736,0;39938,0
VCS54;2012;12042,0;42014,0;45293,0
VCS54;2020;2757,0;36801,0;32632,0
VCS54;2021;6095,0;157870,0;40116,0
VCS55;2009;9529,0;9529,0;9802,0
VCS55;2010;12241,0;12241,0;10629,0
VCS58;2009;2,0;709,0;5391,0
VCS59;2009;14460,0;51064,0;16074,0
VCS59;2010;24888,0;39418,0;2935,0
VCS60;2009;2375,0;58879,0;24082,0
VCS60;2010;5572,0;43633,0;23059,0
VCS60;2011;9218,0;28789,0;24520,0
VCS60;2014;11638,0;57931,0;3357,0
VCS61;2009;20205,0;28835,0;7193,0
VCS63;2009;32259,0;45046,0;15329,0
VCS63;2012;6890,0;41597,0;18618,0
VCS64;2009;114022,0;146604,0;46053,0
VCS64;2010;32257,0;28117,0;57705,0
VCS64;2011;52918,0;92659,0;60083,0
VCS64;2013;95516,0;88926,0;57586,0
VCS64;2014;12137,0;67409,0;56890,0
VCS64;2016;51875,0;58614,0;48125,0
VCS65;2011;2073,0;17992,0;9854,0
VCS66;2012;49793,0;38729,0;22853,0
VCS68;2010;4090,0;23500,0;35516,0
VCS72;2009;5000,0;115068,0;23042,0
VCS77;2009;40000,0;601040,0;70193,0
VCS77;2011;9640,0;585085,0;11122,0
VCS78;2009;3110,0;297421,0;104173,0
VCS78;2010;113902,0;176088,0;37764,0
VCS80;2009;39817,0;151922,0;25180,0
VCS82;2010;149773,0;185525,0;107822,0
VCS82;2011;81953,0;111517,0;94373,0
VCS82;2012;77581,0;129888,0;121934,0
VCS82;2015;34014,0;232126,0;11203,0
VCS83;2010;32707,0;37285,0;31725,0
VCS83;2011;25487,0;47579,0;27886,0
VCS83;2014;44309,0;41022,0;21662,0
VCS92;2011;86011,0;1934722,0;1493666,0
VCS92;2012;179962,0;1369540,0;983907,0
VCS92;2013;617391,0;1411380,0;1066692,0
VCS92;2020;2045432,0;3786364,0;1216454,0
VCS92;2021;2178589,0;2697751,0;1188832,0
VCS92;2022;1910529,0;4236288,0;1256982,0
VCS92;2023;1013365,0;1276829,0;1079354,0
VCS93;2010;37153,0;1061747,0;244065,0
VCS93;2011;95433,0;1132920,0;319254,0
VCS93;2013;397648,0;398735,0;269882,0
VCS93;2017;48390,0;558459,0;166408,0
VCS93;2020;313976,0;500052,0;14343,0
VCS93;2022;262624,0;271000,0;236245,0
VCS98;2013;118581,0;27999,0;38266,0
VCS98;2015;127276,0;44452,0;25378,0
VCS109;2011;4186,0;10728,0;9439,0
VCS111;2009;20,0;44843,0;39588,0
VCS111;2011;54326,0;88652,0;32919,0
VCS112;2009;51735,0;116646,0;92877,0
VCS120;2010;9184,0;29375,0;28282,0
VCS120;2011;23061,0;29995,0;27884,0
VCS120;2015;1244,0;89997,0;26881,0
VCS120;2019;28000,0;33408,0;6563,0
VCS128;2010;3964,0;51356,0;19026,0
VCS128;2011;5315,0;39640,0;46893,0
VCS130;2012;63494,0;37221,0;8685,0
VCS131;2009;700,0;20794,0;9922,0
VCS135;2009;13188,0;70908,0;80992,0
VCS138;2010;35781,0;111651,0;100150,0
VCS138;2011;35106,0;47744,0;98433,0
VCS138;2013;22197,0;102634,0;94462,0
VCS138;2014;75763,0;95729,0;98727,0
VCS138;2015;212075,0;195893,0;93757,0
VCS138;2016;176301,0;69777,0;94324,0
VCS138;2017;109041,0;146103,0;84412,0
VCS138;2019;85687,0;190331,0;78858,0
VCS138;2020;76620,0;66545,0;90072,0
VCS138;2021;75081,0;69999,0;102987,0
VCS138;2022;21300,0;78585,0;137028,0
VCS138;2023;41045,0;137028,0;130647,0
VCS138;2024;90980,0;98230,0;110197,0
VCS141;2009;9805,0;28379,0;17264,0
VCS141;2010;17700,0;4214,0;22610,0
VCS141;2011;44738,0;47287,0;19315,0
VCS141;2013;2110,0;38986,0;10057,0
VCS142;2013;71232,0;22790,0;59738,0
VCS143;2009;60000,0;84832,0;29589,0
VCS143;2011;8263,0;38181,0;39536,0
VCS143;2014;44354,0;71814,0;28508,0
VCS143;2017;18931,0;27967,0;8717,0
VCS143;2018;6337,0;22092,0;8121,0
VCS143;2022;38910,0;91636,0;4323,0
VCS144;2009;2500,0;281802,0;400261,0
VCS144;2012;70749,0;261713,0;132695,0
VCS144;2013;77451,0;203735,0;87300,0
VCS144;2015;160668,0;118763,0;150586,0
VCS144;2016;260777,0;114381,0;122665,0
VCS144;2017;83639,0;187552,0;123740,0
VCS144;2018;91258,0;85699,0;129921,0
VCS144;2019;161628,0;54085,0;104440,0
VCS158;2011;807,0;24182,0;28542,0
VCS158;2013;3287,0;37981,0;29302,0
VCS158;2016;103858,0;117375,0;28065,0
VCS158;2019;16209,0;28065,0;19100,0
VCS158;2021;11960,0;30259,0;18312,0
VCS166;2014;15000,0;39022,0;18766,0
VCS166;2016;36714,0;56346,0;5202,0
VCS167;2009;6150,0;137697,0;54469,0
VCS167;2010;13301,0;52272,0;48730,0
VCS167;2012;57095,0;92814,0;39070,0
VCS167;2013;36565,0;38528,0;26308,0
VCS168;2011;34557,0;40773,0;17899,0
VCS173;2011;12,0;406585,0;1599150,0
VCS173;2012;2047,0;4865137,0;1719860,0
VCS173;2013;11733,0;1303511,0;408010,0
VCS174;2009;82329,0;90844,0;5286,0
VCS175;2009;78429,0;85091,0;4352,0
VCS181;2010;38442,0;574175,0;345676,0
VCS181;2011;80869,0;345676,0;349352,0
VCS181;2012;78328,0;349352,0;373769,0
VCS181;2013;171528,0;373769,0;170345,0
VCS185;2010;10000,0;63154,0;54065,0
VCS197;2010;21063,0;21063,0;31974,0
VCS197;2012;69315,0;69315,0;42940,0
VCS197;2013;56243,0;56243,0;38209,0
VCS197;2016;83851,0;98209,0;39898,0
VCS197;2019;93718,0;80624,0;53201,0
VCS198;2010;81889,0;46600,0;21472,0
VCS198;2013;34448,0;34448,0;28246,0
VCS199;2010;36143,0;16598,0;17798,0
VCS199;2011;21272,0;21459,0;17941,0
VCS199;2012;17501,0;17345,0;17368,0
VCS199;2013;15461,0;15461,0;16120,0
VCS199;2014;13747,0;13747,0;8874,0
VCS200;2012;105986,0;105274,0;37496,0
VCS201;2012;59500,0;60559,0;28153,0
VCS201;2013;30217,0;44859,0;30893,0
VCS201;2017;19000,0;28911,0;14114,0
VCS202;2011;67,0;13670,0;14025,0
VCS202;2013;10190,0;25964,0;20995,0
VCS237;2012;28757,0;11012,0;11012,0
VCS238;2010;9008,0;25617,0;10464,0
VCS249;2011;4730,0;1112011,0;828162,0
VCS250;2013;69846,0;178505,0;88469,0
VCS251;2011;14000,0;56983,0;55762,0
VCS255;2011;2750,0;35093,0;16513,0
VCS256;2010;40817,0;133862,0;40140,0
VCS264;2012;45827,0;56011,0;57590,0
VCS264;2013;64176,0;53564,0;41254,0
VCS265;2011;8228,0;35594,0;11269,0
VCS265;2014;23144,0;26723,0;6658,0
VCS281;2014;43265,0;110107,0;22822,0
VCS281;2015;62992,0;23291,0;17118,0
VCS281;2017;23219,0;42450,0;632,0
VCS281;2019;23801,0;23952,0;6665,0
VCS283;2010;213,0;155163,0;213971,0
VCS283;2011;3218,0;220899,0;53672,0
VCS283;2012;101,0;75180,0;96959,0
VCS283;2013;14195,0;100981,0;32458,0
VCS288;2010;5380,0;129546,0;142721,0
VCS288;2012;187341,0;142721,0;287641,0
VCS288;2013;571938,0;568638,0;284485,0
VCS288;2014;243323,0;284485,0;276226,0
VCS288;2015;384634,0;276226,0;258920,0
VCS290;2010;14650,0;156776,0;33244,0
VCS290;2011;9955,0;33244,0;29666,0
VCS290;2012;10000,0;29666,0;34563,0
VCS290;2018;17744,0;133630,0;14514,0
VCS292;2020;11084,0;855219,0;194052,0
VCS292;2021;344378,0;336957,0;225354,0
VCS292;2023;354474,0;125948,0;78074,0
VCS302;2014;11633,0;27834,0;5497,0
VCS317;2010;28284,0;28284,0;16559,0
VCS317;2011;16559,0;16559,0;15343,0
VCS318;2012;30000,0;123318,0;110440,0
VCS318;2013;1968,0;110440,0;99323,0
VCS318;2014;74144,0;99323,0;81204,0
VCS318;2015;139175,0;69091,0;73049,0
VCS318;2016;55520,0;102962,0;47930,0
VCS318;2017;36104,0;30130,0;54076,0
VCS318;2018;7703,0;54076,0;44931,0
VCS318;2019;3802,0;66293,0;76248,0
VCS318;2022;31329,0;225312,0;77728,0
VCS318;2024;151307,0;92635,0;33896,0
VCS322;2014;24862,0;46473,0;1252,0
VCS326;2012;5446,0;16792,0;21538,0
VCS329;2011;4077,0;18710,0;16272,0
VCS329;2012;24269,0;15446,0;17117,0
VCS329;2013;49965,0;16511,0;13241,0
VCS329;2014;39757,0;13083,0;2103,0
VCS330;2010;2,0;57839,0;57801,0
VCS330;2011;10639,0;34696,0;16132,0
VCS330;2012;4018,0;48313,0;9076,0
VCS332;2017;2992,0;86386,0;9966,0
VCS332;2018;124999,0;43879,0;11940,0
VCS332;2020;17787,0;15521,0;6047,0
VCS335;2020;20263,0;253014,0;17401,0
VCS335;2021;149750,0;30081,0;18129,0
VCS337;2018;10595,0;59882,0;13798,0
VCS337;2021;1668,0;322452,0;26385,0
VCS342;2010;65923,0;87120,0;13881,0
VCS349;2012;107446,0;47297,0;18524,0
VCS354;2010;20443,0;100446,0;25481,0
VCS354;2011;39793,0;69356,0;25796,0
VCS354;2015;89036,0;40247,0;17092,0
VCS363;2010;85,0;26180,0;17974,0
VCS363;2011;500,0;20828,0;19950,0
VCS370;2019;14560,0;21085,0;23973,0
VCS370;2020;7866,0;53079,0;19654,0
VCS370;2021;4194,0;13818,0;23799,0
VCS376;2013;1322,0;35567,0;15426,0
VCS380;2010;6603,0;73941,0;28075,0
VCS380;2011;22244,0;26218,0;26837,0
VCS380;2012;80,0;42973,0;29640,0
VCS380;2013;66095,0;50097,0;18746,0
VCS380;2014;73801,0;18660,0;17086,0
VCS380;2015;28626,0;16573,0;13330,0
VCS380;2016;11008,0;14209,0;23664,0
VCS380;2017;34,0;24030,0;25718,0
VCS380;2020;64354,0;67290,0;21564,0
VCS380;2021;3210,0;21564,0;22427,0
VCS380;2022;50814,0;22427,0;17631,0
VCS381;2013;8807,0;15216,0;11526,0
VCS381;2015;23588,0;20060,0;12233,0
VCS381;2020;4395,0;8787,0;11278,0
VCS381;2021;42758,0;30602,0;12912,0
VCS381;2022;2420,0;12912,0;12693,0
VCS384;2015;25257,0;8312,0;8234,0
VCS388;2011;8342,0;8342,0;9540,0
VCS388;2013;10258,0;10258,0;6656,0
VCS389;2012;2101,0;5337,0;2916,0
VCS391;2015;5000,0;125673,0;92690,0
VCS391;2020;23443,0;913269,0;38924,0
VCS393;2010;17519,0;19807,0;21094,0
VCS393;2011;23382,0;21094,0;18650,0
VCS393;2012;18650,0;18650,0;19201,0
VCS393;2013;19201,0;19201,0;17166,0
VCS400;2017;100000,0;441637,0;15815,0
VCS403;2010;249395,0;1130555,0;233617,0
VCS403;2011;360307,0;1244869,0;205771,0
VCS403;2012;336576,0;282329,0;256664,0
VCS403;2013;1002860,0;419655,0;184397,0
VCS403;2014;288168,0;184397,0;295452,0
VCS404;2010;36427,0;203770,0;59358,0
VCS404;2011;35245,0;53466,0;38693,0
VCS404;2012;6444,0;45813,0;43268,0
VCS404;2013;135331,0;39569,0;32669,0
VCS404;2014;66251,0;33190,0;34078,0
VCS404;2015;53019,0;40329,0;24336,0
VCS404;2016;1350,0;23676,0;40364,0
VCS404;2017;25763,0;39838,0;39155,0
VCS405;2011;30000,0;25161,0;10764,0
VCS405;2014;3132,0;43034,0;7672,0
VCS405;2018;683,0;82886,0;30674,0
VCS405;2019;96372,0;35756,0;32777,0
VCS405;2023;25320,0;19030,0;24813,0
VCS411;2017;71353,0;33313,0;22672,0
VCS411;2018;22460,0;14580,0;22632,0
VCS411;2019;4503,0;45304,0;27243,0
VCS411;2020;55667,0;27243,0;22743,0
VCS411;2021;32690,0;22325,0;11324,0
VCS412;2011;30000,0;79384,0;97416,0
VCS412;2012;72871,0;110082,0;89731,0
VCS412;2013;206555,0;102311,0;86166,0
VCS412;2015;118764,0;133600,0;94502,0
VCS412;2017;4529,0;165087,0;76761,0
VCS412;2018;11315,0;86060,0;77454,0
VCS412;2020;154863,0;218084,0;62164,0
VCS412;2021;59844,0;62164,0;79427,0
VCS414;2021;112876,0;619134,0;108791,0
VCS414;2022;144007,0;420231,0;40077,0
VCS415;2010;35137,0;35137,0;20004,0
VCS415;2017;88637,0;144420,0;44129,0
VCS415;2019;100000,0;104122,0;40275,0
VCS415;2021;31729,0;71337,0;29255,0
VCS415;2022;64661,0;68391,0;3853,0
VCS416;2010;8863,0;24829,0;24475,0
VCS416;2012;24000,0;98903,0;28327,0
VCS416;2017;45657,0;73301,0;60149,0
VCS416;2019;37598,0;46097,0;37032,0
VCS416;2020;98007,0;122799,0;40696,0
VCS416;2022;65122,0;121802,0;38379,0
VCS417;2018;76688,0;155411,0;58924,0
VCS417;2019;122243,0;136895,0;59738,0
VCS423;2011;12932,0;4881,0;4881,0
VCS423;2012;10899,0;4368,0;8760,0
VCS427;2019;75000,0;228542,0;59091,0
VCS427;2020;202636,0;59091,0;42231,0
VCS427;2021;30914,0;61493,0;70876,0
VCS427;2022;40396,0;8317,0;58253,0
VCS428;2019;80204,0;82955,0;56968,0
VCS428;2020;18166,0;56968,0;29678,0
VCS428;2022;45683,0;46277,0;3626,0
VCS429;2010;291975,0;298510,0;107371,0
VCS429;2011;10335,0;95852,0;110692,0
VCS429;2012;51281,0;160055,0;111383,0
VCS429;2014;4606,0;220512,0;43257,0
VCS430;2010;500,0;13654,0;40464,0
VCS430;2011;6500,0;58043,0;43765,0
VCS430;2012;58766,0;57130,0;71476,0
VCS430;2014;1153,0;137474,0;45560,0
VCS430;2016;128257,0;72988,0;30817,0
VCS430;2017;18185,0;17908,0;29796,0
VCS430;2019;84985,0;103809,0;59800,0
VCS430;2020;64929,0;46757,0;45947,0
VCS430;2021;15552,0;38385,0;11998,0
VCS431;2010;11219,0;11219,0;8498,0
VCS431;2011;13500,0;20064,0;9412,0
VCS431;2012;17000,0;12343,0;9788,0
VCS432;2017;100000,0;432597,0;106179,0
VCS438;2010;58010,0;908195,0;557831,0
VCS438;2011;34397,0;1114701,0;459727,0
VCS438;2012;198549,0;1079923,0;565116,0
VCS438;2015;286894,0;2008606,0;582981,0
VCS438;2018;466338,0;725423,0;327905,0
VCS438;2019;1224473,0;453362,0;345001,0
VCS438;2020;1140431,0;706796,0;323986,0
VCS440;2011;13,0;22922,0;19243,0
VCS440;2012;3962,0;19243,0;9134,0
VCS440;2013;4668,0;9134,0;25927,0
VCS440;2014;55224,0;25927,0;30519,0
VCS440;2015;60001,0;30519,0;10237,0
VCS441;2011;20776,0;20776,0;70450,0
VCS441;2013;63567,0;62053,0;61779,0
VCS441;2014;61779,0;15451,0;52062,0
VCS441;2015;66999,0;52062,0;56355,0
VCS441;2019;103233,0;302551,0;56152,0
VCS441;2020;93008,0;56152,0;41531,0
VCS441;2021;27402,0;41531,0;41343,0
VCS441;2022;73265,0;41343,0;36758,0
VCS442;2010;64852,0;74852,0;21956,0
VCS448;2010;26686,0;28769,0;37935,0
VCS448;2011;19158,0;63495,0;41548,0
VCS448;2012;6783,0;40520,0;27570,0
VCS448;2013;56423,0;15903,0;19692,0
VCS448;2014;52086,0;14532,0;24805,0
VCS448;2015;22548,0;22548,0;26833,0
VCS448;2016;26833,0;26833,0;27563,0
VCS448;2017;27563,0;27563,0;33699,0
VCS448;2018;18810,0;27618,0;31501,0
VCS448;2019;15040,0;25391,0;28924,0
VCS448;2020;53124,0;41115,0;25103,0
VCS448;2021;25103,0;25103,0;31007,0
VCS448;2022;31322,0;31007,0;34158,0
VCS450;2011;41651,0;66623,0;33328,0
VCS450;2013;81505,0;33219,0;28645,0
VCS450;2015;36064,0;7419,0;18567,0
VCS450;2016;18567,0;18567,0;30505,0
VCS450;2018;55621,0;25116,0;21634,0
VCS450;2019;21634,0;21634,0;17372,0
VCS450;2020;14333,0;14333,0;17897,0
VCS455;2011;15000,0;45449,0;17106,0
VCS455;2012;15000,0;17106,0;16004,0
VCS455;2013;15000,0;16004,0;15851,0
VCS455;2015;51057,0;25902,0;12424,0
VCS455;2022;22824,0;13390,0;9800,0
VCS459;2010;6138,0;50859,0;395,0
VCS468;2010;30,0;108208,0;142836,0
VCS468;2015;40318,0;168308,0;114933,0
VCS468;2017;13766,0;135816,0;117283,0
VCS468;2018;13027,0;114933,0;148043,0
VCS468;2019;300454,0;265326,0;212830,0
VCS468;2020;48559,0;212830,0;175584,0
VCS470;2010;41000,0;262670,0;32507,0
VCS471;2010;110079,0;127266,0;18812,0
VCS472;2016;19429,0;68947,0;46430,0
VCS483;2018;58860,0;58860,0;4187,0
VCS487;2011;10000,0;568898,0;517927,0
VCS487;2013;35104,0;1743705,0;578211,0
VCS487;2019;285863,0;1155657,0;712808,0
VCS487;2020;259442,0;477279,0;958676,0
VCS488;2011;1783,0;197295,0;218483,0
VCS488;2012;1805,0;417704,0;276736,0
VCS488;2014;18443,0;280355,0;214524,0
VCS488;2020;68366,0;87556,0;186008,0
VCS489;2011;17915,0;203158,0;72180,0
VCS489;2013;201081,0;64008,0;79011,0
VCS489;2015;1430,0;143537,0;61419,0
VCS489;2016;177040,0;79384,0;44550,0
VCS489;2017;33196,0;38362,0;39354,0
VCS489;2019;51720,0;42958,0;74380,0
VCS489;2021;16644,0;44197,0;57182,0
VCS489;2023;171606,0;57182,0;9572,0
VCS497;2011;16911,0;70406,0;29374,0
VCS497;2012;13833,0;41144,0;27125,0
VCS497;2015;4560,0;58918,0;10791,0
VCS510;2013;8070,0;18781,0;7505,0
VCS510;2015;12076,0;12710,0;5776,0
VCS510;2016;4063,0;7276,0;5501,0
VCS510;2017;18132,0;4990,0;4305,0
VCS513;2012;34584,0;235542,0;548051,0
VCS513;2014;32215,0;519483,0;508895,0
VCS513;2020;106420,0;1980116,0;73633,0
VCS514;2011;10742,0;10742,0;50744,0
VCS514;2012;24000,0;50744,0;52230,0
VCS514;2013;43000,0;52230,0;54478,0
VCS514;2017;5722,0;132718,0;19885,0
VCS534;2014;6583,0;178376,0;34460,0
VCS535;2014;60614,0;169530,0;69165,0
VCS535;2020;72370,0;256043,0;96727,0
VCS553;2011;18406,0;148598,0;47686,0
VCS558;2011;16582,0;16582,0;20744,0
VCS558;2015;10000,0;42216,0;13944,0
VCS558;2020;22,0;24636,0;12205,0
VCS558;2022;6374,0;49585,0;9405,0
VCS559;2012;39022,0;19962,0;28098,0
VCS559;2013;25112,0;2358,0;28854,0
VCS559;2014;58776,0;2259,0;24729,0
VCS562;2011;500594,0;1160263,0;212895,0
VCS562;2012;133726,0;212895,0;208202,0
VCS562;2015;294247,0;208202,0;290972,0
VCS562;2016;114843,0;207446,0;191400,0
VCS562;2017;1292,0;218260,0;191264,0
VCS562;2018;103894,0;482236,0;207335,0
VCS562;2019;847985,0;191400,0;220877,0
VCS562;2020;281662,0;428212,0;278584,0
VCS562;2021;355358,0;278584,0;235288,0
VCS562;2022;216094,0;235288,0;195918,0
VCS575;2011;178259,0;391678,0;264990,0
VCS576;2011;67285,0;128901,0;63909,0
VCS576;2015;45849,0;234333,0;11378,0
VCS578;2013;66980,0;117550,0;77086,0
VCS584;2011;15436,0;54743,0;8744,0
VCS586;2011;1030,0;7634,0;5381,0
VCS586;2016;191,0;3629,0;4412,0
VCS587;2011;11907,0;73443,0;73443,0
VCS587;2013;33086,0;73856,0;73856,0
VCS589;2012;1527,0;17943,0;17943,0
VCS598;2011;10,0;87434,0;24676,0
VCS602;2014;13,0;17645,0;5951,0
VCS603;2014;1867,0;23983,0;6870,0
VCS605;2013;3690,0;5183,0;5183,0
VCS607;2011;409131,0;849016,0;345246,0
VCS607;2017;32390,0;338237,0;181419,0
VCS607;2018;174966,0;1008250,0;160024,0
VCS607;2019;330519,0;284577,0;217816,0
VCS607;2020;835138,0;559259,0;277899,0
VCS607;2021;680881,0;317035,0;172832,0
VCS610;2011;1030,0;17528,0;12326,0
VCS610;2013;16498,0;20164,0;6112,0
VCS612;2011;7170,0;1002870,0;1200981,0
VCS612;2012;261335,0;1200981,0;1036037,0
VCS612;2014;555668,0;1036037,0;2722170,0
VCS612;2015;318418,0;2722170,0;1015740,0
VCS612;2018;259960,0;2530096,0;1443407,0
VCS612;2019;332074,0;1517415,0;1377897,0
VCS612;2020;592241,0;2821304,0;1609384,0
VCS612;2021;924122,0;1609384,0;1637325,0
VCS612;2022;1268424,0;1637325,0;1642971,0
VCS618;2013;1080,0;244098,0;265135,0
VCS618;2015;53151,0;247847,0;315296,0
VCS618;2016;142072,0;353344,0;328436,0
VCS618;2017;217441,0;328436,0;188675,0
VCS618;2018;980633,0;428469,0;88505,0
VCS618;2019;578597,0;113846,0;131848,0
VCS618;2020;127415,0;131848,0;114492,0
VCS618;2021;155966,0;114492,0;89548,0
VCS618;2022;114909,0;89548,0;111276,0
VCS619;2013;25607,0;89235,0;26522,0
VCS638;2011;23850,0;23850,0;29857,0
VCS638;2013;41249,0;34637,0;33058,0
VCS638;2014;33058,0;9250,0;33400,0
VCS638;2015;33400,0;33400,0;66682,0
VCS638;2019;54139,0;115625,0;17376,0
VCS640;2020;19716,0;82989,0;39575,0
VCS640;2021;38109,0;69751,0;42656,0
VCS640;2023;37156,0;41838,0;21656,0
VCS641;2011;2500,0;95762,0;95762,0
VCS641;2013;25178,0;144582,0;155435,0
VCS653;2021;613498,0;1338561,0;122100,0
VCS658;2013;35096,0;31006,0;31006,0
VCS665;2020;93050,0;258975,0;13728,0
VCS666;2012;69435,0;117881,0;45346,0
VCS669;2012;33859,0;590912,0;319205,0
VCS669;2013;24500,0;740105,0;78346,0
VCS672;2011;10721,0;509540,0;72749,0
VCS673;2017;196669,0;216765,0;216765,0
VCS673;2021;123564,0;199544,0;34935,0
VCS674;2014;2188984,0;1666295,0;4294135,0
VCS674;2017;1805210,0;4393291,0;3953900,0
VCS674;2019;1803178,0;11659407,0;1676895,0
VCS676;2014;52000,0;87396,0;51396,0
VCS682;2018;17189,0;17270,0;31093,0
VCS682;2019;121170,0;143880,0;30448,0
VCS682;2020;38028,0;139623,0;29742,0
VCS682;2021;119475,0;30183,0;29691,0
VCS682;2022;31127,0;23149,0;3280,0
VCS684;2011;27074,0;27074,0;8917,0
VCS685;2013;81785,0;58097,0;41535,0
VCS685;2015;10071,0;41535,0;48442,0
VCS686;2011;12425,0;12425,0;44980,0
VCS689;2012;1032,0;39002,0;19120,0
VCS697;2017;10000,0;12219,0;147938,0
VCS699;2012;1287,0;246736,0;54882,0
VCS700;2012;114,0;7447,0;411,0
VCS700;2020;30300,0;30308,0;18398,0
VCS700;2021;136101,0;24044,0;33721,0
VCS700;2022;20405,0;33721,0;29618,0
VCS701;2019;119366,0;142781,0;23052,0
VCS701;2021;17764,0;17764,0;21273,0
VCS701;2022;13415,0;21273,0;20297,0
VCS702;2012;63960,0;64960,0;33061,0
VCS702;2013;33061,0;33061,0;33031,0
VCS702;2014;31443,0;33031,0;31845,0
VCS706;2013;153100,0;228851,0;105434,0
VCS706;2015;90374,0;105434,0;81274,0
VCS706;2016;66792,0;24745,0;89614,0
VCS706;2017;277745,0;341987,0;85821,0
VCS706;2019;70940,0;82956,0;63590,0
VCS706;2020;68826,0;66481,0;59212,0
VCS706;2021;11095,0;57085,0;56330,0
VCS706;2022;47486,0;54397,0;9723,0
VCS708;2021;94672,0;296831,0;5202,0
VCS709;2012;786,0;40115,0;7921,0
VCS713;2014;88860,0;214674,0;43912,0
VCS713;2021;216182,0;647574,0;46356,0
VCS717;2020;490857,0;413955,0;366703,0
VCS717;2021;410294,0;478737,0;359841,0
VCS724;2012;15000,0;188913,0;68692,0
VCS724;2013;190897,0;107345,0;89473,0
VCS726;2015;4551,0;69132,0;94669,0
VCS727;2012;5889,0;14752,0;57357,0
VCS727;2018;213890,0;479049,0;239521,0
VCS727;2020;52889,0;513731,0;245581,0
VCS728;2012;63043,0;65999,0;93842,0
VCS728;2020;133042,0;641798,0;371705,0
VCS728;2021;310482,0;952877,0;400705,0
VCS729;2012;54806,0;54806,0;30818,0
VCS729;2013;30818,0;30818,0;31263,0
VCS729;2014;29761,0;31263,0;18794,0
VCS733;2013;20000,0;33882,0;30964,0
VCS733;2015;63000,0;42261,0;15663,0
VCS734;2012;3274,0;86592,0;57557,0
VCS740;2012;345717,0;345717,0;346210,0
VCS740;2013;346210,0;346210,0;351919,0
VCS740;2014;351919,0;351919,0;395305,0
VCS740;2020;152245,0;438210,0;156849,0
VCS749;2013;14951,0;46006,0;18543,0
VCS751;2012;62983,0;123779,0;46990,0
VCS753;2021;462976,0;850041,0;106602,0
VCS753;2023;51871,0;335015,0;94936,0
VCS756;2012;414075,0;414075,0;527093,0
VCS756;2013;527093,0;527093,0;509524,0
VCS756;2014;509524,0;509524,0;574396,0
VCS756;2019;45838,0;468824,0;444562,0
VCS756;2020;138055,0;444562,0;162110,0
VCS780;2013;202924,0;202924,0;255689,0
VCS780;2014;255689,0;255689,0;288749,0
VCS780;2015;288749,0;288749,0;249424,0
VCS780;2016;106757,0;249424,0;275309,0
VCS780;2017;23342,0;275309,0;206660,0
VCS780;2018;167320,0;206660,0;231795,0
VCS780;2019;308091,0;231795,0;222228,0
VCS780;2020;85662,0;222228,0;223436,0
VCS782;2012;143143,0;148979,0;73668,0
VCS784;2018;64103,0;249667,0;67158,0
VCS784;2020;98800,0;67158,0;40904,0
VCS784;2021;23449,0;131818,0;67742,0
VCS786;2014;77595,0;1999040,0;1564269,0
VCS786;2016;826637,0;792516,0;1249824,0
VCS786;2018;1655606,0;1564269,0;1511668,0
VCS791;2012;52636,0;95353,0;39648,0
VCS796;2020;38111,0;218138,0;3628,0
VCS813;2012;77613,0;242778,0;74735,0
VCS819;2014;4714,0;16725,0;19880,0
VCS830;2012;480,0;210126,0;74414,0
VCS833;2016;57306,0;101164,0;36693,0
VCS833;2017;65233,0;66340,0;36510,0
VCS833;2018;49214,0;39882,0;33550,0
VCS833;2019;33349,0;32351,0;32531,0
VCS833;2021;36735,0;54351,0;51107,0
VCS833;2023;60054,0;112465,0;19874,0
VCS834;2017;9935,0;9343,0;15882,0
VCS834;2020;36300,0;70540,0;31368,0
VCS834;2023;11787,0;60801,0;38969,0
VCS834;2024;21743,0;44595,0;48232,0
VCS835;2016;35585,0;77197,0;59902,0
VCS835;2020;820,0;75958,0;51688,0
VCS840;2014;58304,0;91384,0;13359,0
VCS844;2013;109932,0;4046607,0;719252,0
VCS844;2015;261366,0;719252,0;459479,0
VCS844;2016;507163,0;823663,0;835676,0
VCS844;2017;509520,0;459479,0;1274532,0
VCS844;2018;692445,0;835676,0;774899,0
VCS844;2019;424311,0;2049431,0;833007,0
VCS844;2020;2107333,0;833007,0;884129,0
VCS849;2012;5791,0;103878,0;34971,0
VCS868;2020;1575219,0;5316198,0;1883326,0
VCS872;2013;275173,0;340473,0;101848,0
VCS872;2015;236155,0;305673,0;106526,0
VCS872;2019;236221,0;324332,0;30881,0
VCS872;2024;40495,0;45132,0;25860,0
VCS875;2013;11817,0;889142,0;938808,0
VCS875;2015;167599,0;1683547,0;843341,0
VCS875;2021;1199507,0;5674980,0;95303,0
VCS879;2014;45089,0;19325,0;18696,0
VCS879;2015;18696,0;18696,0;17943,0
VCS883;2012;3100,0;42216,0;504835,0
VCS892;2016;20357,0;451689,0;332434,0
VCS892;2020;1087441,0;1566806,0;58870,0
VCS896;2013;2837,0;148323,0;1785551,0
VCS899;2012;500,0;169784,0;169784,0
VCS899;2021;152048,0;677799,0;677799,0
VCS902;2013;1210,0;5503098,0;2425232,0
VCS902;2015;626850,0;2425230,0;3895970,0
VCS902;2017;1444277,0;8269187,0;3623622,0
VCS903;2016;24309,0;444256,0;421008,0
VCS903;2017;208786,0;112103,0;494476,0
VCS903;2020;753309,0;2021522,0;407591,0
VCS905;2021;324426,0;489818,0;58363,0
VCS905;2023;36119,0;263092,0;44915,0
VCS909;2015;628,0;44303,0;33015,0
VCS910;2013;81373,0;169316,0;20521,0
VCS910;2016;52235,0;42074,0;31747,0
VCS910;2019;6920,0;179207,0;95606,0
VCS910;2020;24358,0;192532,0;83218,0
VCS910;2022;295732,0;84922,0;83155,0
VCS910;2023;36064,0;27815,0;87673,0
VCS910;2024;510,0;126918,0;80769,0
VCS911;2014;152662,0;101981,0;82326,0
VCS911;2016;6259,0;247885,0;15835,0
VCS911;2017;133429,0;86186,0;168880,0
VCS911;2018;115363,0;162079,0;84847,0
VCS911;2021;134981,0;111058,0;79971,0
VCS911;2022;273,0;125114,0;73020,0
VCS914;2019;12667,0;13863,0;12988,0
VCS917;2021;140100,0;827828,0;106807,0
VCS917;2022;415238,0;329859,0;70058,0
VCS925;2021;1824,0;27886,0;10375,0
VCS925;2022;38040,0;25850,0;1879,0
VCS926;2021;11768,0;64018,0;13242,0
VCS927;2021;9863,0;92883,0;25734,0
VCS927;2022;111406,0;62808,0;3696,0
VCS928;2013;277,0;97530,0;9350,0
VCS928;2016;13000,0;74471,0;84410,0
VCS928;2022;302665,0;342023,0;39876,0
VCS928;2023;7098,0;66950,0;5078,0
VCS929;2014;321,0;21962,0;143202,0
VCS929;2016;10013,0;53713,0;580252,0
VCS929;2017;10000,0;208198,0;545283,0
VCS929;2019;9455,0;580252,0;780019,0
VCS929;2020;14489,0;1009874,0;838673,0
VCS929;2021;210255,0;37704,0;786226,0
VCS929;2024;163660,0;2404918,0;578457,0
VCS934;2017;91168,0;10773562,0;4574504,0
VCS934;2022;463922,0;23703328,0;2604452,0
VCS935;2012;19692,0;19692,0;29363,0
VCS935;2014;333,0;43474,0;25000,0
VCS935;2018;5646,0;96055,0;25371,0
VCS937;2013;122405,0;47116,0;47691,0
VCS937;2014;51438,0;47691,0;56363,0
VCS937;2015;26626,0;56363,0;60359,0
VCS937;2016;29110,0;60359,0;46387,0
VCS937;2017;77855,0;42549,0;42978,0
VCS937;2018;896,0;46816,0;36829,0
VCS941;2015;5500,0;19730,0;22069,0
VCS943;2013;12276,0;35034,0;14811,0
VCS943;2014;10938,0;34091,0;17383,0
VCS944;2012;433677,0;2842849,0;2842849,0
VCS944;2018;675364,0;1227770,0;1028498,0
VCS946;2012;18107,0;18107,0;18107,0
VCS947;2013;87114,0;96507,0;98632,0
VCS947;2014;89726,0;25691,0;91157,0
VCS947;2015;141366,0;91157,0;105911,0
VCS947;2019;137732,0;462007,0;98866,0
VCS947;2020;267404,0;141913,0;89204,0
VCS947;2021;17553,0;46157,0;78469,0
VCS947;2022;49086,0;78469,0;65494,0
VCS959;2017;18290,0;352917,0;662259,0
VCS959;2018;114110,0;43690,0;702036,0
VCS960;2020;311271,0;2624256,0;717339,0
VCS961;2018;8715,0;1103673,0;1103673,0
VCS963;2014;183361,0;60562,0;60387,0
VCS963;2015;30617,0;60387,0;90921,0
VCS963;2016;56297,0;90921,0;98882,0
VCS963;2018;30956,0;98882,0;77342,0
VCS963;2019;108821,0;105177,0;99848,0
VCS973;2013;17633,0;56746,0;55633,0
VCS974;2018;66815,0;64014,0;23438,0
VCS974;2022;38891,0;38626,0;1720,0
VCS977;2015;14401,0;1366965,0;950820,0
VCS985;2014;276,0;5772071,0;2374091,0
VCS985;2018;296326,0;4145528,0;6472949,0
VCS985;2019;471072,0;15322772,0;4737495,0
VCS986;2019;97451,0;234277,0;52196,0
VCS987;2019;1015,0;347515,0;140183,0
VCS987;2022;307099,0;414333,0;185931,0
VCS994;2021;43129,0;98536,0;102337,0
VCS1001;2020;113886,0;163963,0;76772,0
VCS1001;2022;146593,0;146593,0;68356,0
VCS1019;2021;1818,0;583539,0;46883,0
VCS1020;2019;72879,0;69647,0;22628,0
VCS1021;2021;25,0;34931,0;9614,0
VCS1021;2022;44627,0;9721,0;1233,0
VCS1022;2021;828,0;30265,0;1166,0
VCS1023;2016;32216,0;24102,0;1839,0
VCS1023;2021;1839,0;72758,0;22483,0
VCS1023;2022;47848,0;39022,0;3703,0
VCS1024;2021;1026,0;42653,0;12008,0
VCS1024;2022;14155,0;11937,0;1722,0
VCS1026;2019;56227,0;24078,0;8112,0
VCS1026;2022;554,0;19423,0;7197,0
VCS1026;2023;2069,0;5066,0;5718,0
VCS1030;2013;22012,0;22012,0;7939,0
VCS1032;2014;2389,0;28896,0;33458,0
VCS1036;2014;12000,0;33383,0;52844,0
VCS1045;2015;19000,0;26350,0;28070,0
VCS1045;2022;173393,0;312987,0;39158,0
VCS1045;2023;8743,0;39158,0;37843,0
VCS1052;2019;564,0;56209,0;101519,0
VCS1060;2013;22027,0;22027,0;24589,0
VCS1060;2014;24589,0;24589,0;26466,0
VCS1060;2015;26466,0;26466,0;32401,0
VCS1060;2019;38206,0;33668,0;20745,0
VCS1060;2021;32393,0;49530,0;31464,0
VCS1067;2013;15935,0;190796,0;620872,0
VCS1067;2015;17340,0;620872,0;209048,0
VCS1067;2016;70779,0;416745,0;395524,0
VCS1067;2018;31831,0;418096,0;617226,0
VCS1067;2019;34364,0;1700599,0;745894,0
VCS1069;2015;17369,0;29198,0;9734,0
VCS1075;2014;21349,0;21349,0;27858,0
VCS1081;2020;69871,0;52311,0;14979,0
VCS1082;2015;19050,0;8204,0;8047,0
VCS1082;2017;5860,0;8082,0;4907,0
VCS1082;2018;5356,0;9528,0;844,0
VCS1089;2020;850,0;20801,0;3548,0
VCS1090;2013;750,0;32158,0;41613,0
VCS1090;2014;27500,0;41272,0;40241,0
VCS1094;2015;10059,0;775580,0;61061,0
VCS1094;2016;161668,0;550307,0;31017,0
VCS1094;2017;72862,0;259271,0;23019,0
VCS1100;2021;665355,0;2282048,0;271702,0
VCS1100;2023;162177,0;1460318,0;254735,0
VCS1112;2015;53088,0;140450,0;179634,0
VCS1112;2019;33642,0;162177,0;188983,0
VCS1112;2020;113759,0;538080,0;188984,0
VCS1113;2015;60886,0;306774,0;220892,0
VCS1113;2018;4583,0;180586,0;165885,0
VCS1113;2020;93545,0;371012,0;147765,0
VCS1114;2014;40376,0;23792,0;16196,0
VCS1115;2013;22,0;202003,0;170778,0
VCS1115;2017;8606,0;334557,0;284595,0
VCS1122;2014;40174,0;614104,0;234519,0
VCS1127;2022;2857,0;438602,0;4997,0
VCS1128;2022;12263,0;501498,0;49973,0
VCS1134;2014;33936,0;132892,0;73338,0
VCS1135;2014;43134,0;43134,0;36025,0
VCS1136;2014;59923,0;61924,0;47662,0
VCS1137;2014;43473,0;43473,0;33839,0
VCS1138;2014;18407,0;18407,0;15291,0
VCS1139;2014;41352,0;41352,0;21315,0
VCS1140;2017;10238,0;73034,0;101051,0
VCS1140;2021;27182,0;454707,0;34849,0
VCS1141;2021;372910,0;644011,0;31766,0
VCS1141;2022;156979,0;143480,0;25990,0
VCS1142;2016;2846,0;11379,0;5208,0
VCS1142;2017;1112,0;5208,0;12907,0
VCS1142;2018;2039,0;8924,0;3172,0
VCS1142;2019;4914,0;7155,0;6446,0
VCS1142;2020;5396,0;6446,0;2122,0
VCS1143;2015;2500,0;38706,0;47620,0
VCS1143;2021;108763,0;286218,0;10732,0
VCS1144;2014;12474,0;12474,0;11412,0
VCS1144;2015;28564,0;28564,0;11207,0
VCS1144;2020;2693,0;10504,0;2938,0
VCS1163;2015;107300,0;143512,0;82272,0
VCS1163;2019;484663,0;494296,0;171183,0
VCS1163;2020;16165,0;82810,0;75617,0
VCS1168;2015;34488,0;1052022,0;202867,0
VCS1174;2014;14095,0;21288,0;29352,0
VCS1174;2021;85144,0;242293,0;8566,0
VCS1175;2014;16235,0;245936,0;16724,0
VCS1181;2018;37200,0;85942,0;108405,0
VCS1181;2019;49698,0;61196,0;93418,0
VCS1182;2019;26684,0;41784,0;237397,0
VCS1185;2017;23079,0;23513,0;11003,0
VCS1185;2020;23202,0;33673,0;12194,0
VCS1185;2022;7641,0;17566,0;6559,0
VCS1186;2017;22949,0;96119,0;202993,0
VCS1187;2014;10600,0;15839,0;34519,0
VCS1188;2021;97205,0;335659,0;15085,0
VCS1189;2015;1648,0;130992,0;83996,0
VCS1189;2017;49400,0;49013,0;83439,0
VCS1190;2021;114992,0;84173,0;27159,0
VCS1191;2021;166573,0;143444,0;67578,0
VCS1191;2022;243781,0;66202,0;11274,0
VCS1194;2014;27954,0;87057,0;129060,0
VCS1194;2019;529262,0;513733,0;111911,0
VCS1194;2021;13297,0;220809,0;122205,0
VCS1194;2022;360,0;213420,0;7045,0
VCS1195;2016;13413,0;21074,0;53924,0
VCS1195;2018;9580,0;121073,0;54927,0
VCS1195;2019;229147,0;200754,0;54326,0
VCS1195;2021;2789,0;104378,0;25908,0
VCS1197;2014;52000,0;76534,0;62121,0
VCS1197;2019;169641,0;291241,0;68888,0
VCS1197;2021;50334,0;120493,0;58486,0
VCS1199;2013;750,0;51177,0;42153,0
VCS1200;2014;59282,0;133583,0;112260,0
VCS1200;2019;7594,0;524929,0;137615,0
VCS1201;2016;6143,0;142798,0;411990,0
VCS1201;2018;40944,0;832225,0;459234,0
VCS1202;2014;6000,0;412185,0;132994,0
VCS1202;2015;199932,0;132865,0;117963,0
VCS1202;2016;210211,0;151673,0;143862,0
VCS1202;2017;152916,0;143862,0;161628,0
VCS1202;2019;352567,0;330842,0;209106,0
VCS1202;2020;209100,0;209106,0;189663,0
VCS1202;2021;3336,0;189663,0;208194,0
VCS1202;2022;199261,0;208194,0;260011,0
VCS1202;2023;3156,0;260011,0;190633,0
VCS1202;2024;213455,0;190633,0;192361,0
VCS1203;2017;19470,0;12112,0;11290,0
VCS1203;2021;41003,0;59726,0;8259,0
VCS1205;2021;492345,0;1222788,0;86768,0
VCS1206;2015;84915,0;84915,0;35719,0
VCS1207;2019;29333,0;85844,0;23781,0
VCS1207;2021;11000,0;42178,0;20611,0
VCS1207;2022;34850,0;37762,0;2496,0
VCS1209;2014;28520,0;31020,0;12401,0
VCS1209;2019;12761,0;25162,0;14110,0
VCS1209;2020;12401,0;69440,0;10306,0
VCS1210;2019;98565,0;281631,0;48681,0
VCS1210;2020;132943,0;56223,0;39535,0
VCS1211;2019;59817,0;351568,0;62324,0
VCS1211;2020;236875,0;73490,0;49967,0
VCS1211;2021;72682,0;49954,0;53792,0
VCS1211;2022;32148,0;55590,0;5745,0
VCS1214;2019;363811,0;411584,0;93241,0
VCS1214;2021;18305,0;175417,0;74192,0
VCS1214;2022;134277,0;136451,0;10351,0
VCS1216;2015;13006,0;22094,0;17766,0
VCS1216;2017;15237,0;75991,0;45809,0
VCS1216;2018;58438,0;45809,0;60050,0
VCS1216;2020;131451,0;154217,0;62717,0
VCS1216;2022;9485,0;93939,0;82784,0
VCS1216;2023;2845,0;103650,0;7031,0
VCS1229;2014;8986,0;27832,0;6562,0
VCS1232;2024;10000,0;72691,0;5496,0
VCS1238;2017;33766,0;59644,0;48865,0
VCS1238;2019;3000,0;27415,0;59767,0
VCS1238;2020;115832,0;95539,0;43084,0
VCS1238;2021;211635,0;181635,0;43898,0
VCS1240;2022;275155,0;275155,0;196280,0
VCS1240;2024;476043,0;476043,0;234103,0
VCS1240;2025;206392,0;206392,0;184039,0
VCS1241;2017;250,0;16610,0;15059,0
VCS1254;2021;56930,0;206094,0;29045,0
VCS1257;2014;7806,0;394180,0;317127,0
VCS1257;2015;162956,0;164731,0;312540,0
VCS1257;2016;320741,0;332165,0;277925,0
VCS1257;2017;466611,0;224170,0;284168,0
VCS1257;2018;293734,0;192493,0;277275,0
VCS1257;2019;111890,0;329800,0;282246,0
VCS1257;2020;119298,0;438620,0;264134,0
VCS1257;2022;134758,0;348978,0;281855,0
VCS1258;2017;17038,0;55915,0;278312,0
VCS1258;2018;137219,0;251925,0;250573,0
VCS1258;2019;105400,0;270700,0;229460,0
VCS1258;2020;74246,0;355824,0;270489,0
VCS1258;2021;386307,0;1151085,0;265811,0
VCS1286;2020;26800,0;23537,0;30653,0
VCS1289;2020;19500,0;126103,0;97270,0
VCS1289;2022;3643,0;311855,0;88922,0
VCS1289;2023;184191,0;64338,0;14443,0
VCS1291;2018;57761,0;169155,0;683638,0
VCS1301;2014;48261,0;88413,0;91550,0
VCS1301;2020;250000,0;557798,0;58235,0
VCS1308;2023;74350,0;483557,0;89701,0
VCS1310;2015;4793,0;181249,0;116534,0
VCS1315;2020;2000,0;121083,0;29337,0
VCS1317;2019;1358,0;1358,0;606,0
VCS1318;2017;43116,0;123906,0;123906,0
VCS1319;2015;23000,0;32512,0;46688,0
VCS1319;2016;55000,0;38980,0;40704,0
VCS1319;2017;77311,0;42728,0;34460,0
VCS1319;2018;14991,0;36682,0;29050,0
VCS1319;2020;5721,0;16219,0;4773,0
VCS1319;2022;25520,0;25520,0;44917,0
VCS1329;2015;27568,0;52108,0;70057,0
VCS1329;2020;200,0;70257,0;73079,0
VCS1330;2021;2592,0;31320,0;9835,0
VCS1330;2022;30055,0;183208,0;25605,0
VCS1340;2019;450000,0;1233546,0;4438780,0
VCS1340;2020;2352078,0;3468965,0;1454054,0
VCS1342;2021;305,0;185615,0;9111,0
VCS1345;2021;98179,0;497174,0;238003,0
VCS1345;2022;292613,0;1681349,0;146413,0
VCS1349;2017;33000,0;125466,0;58993,0
VCS1349;2021;228095,0;216931,0;75059,0
VCS1349;2022;21723,0;118740,0;69496,0
VCS1352;2015;87000,0;187696,0;81375,0
VCS1352;2016;296978,0;251185,0;82516,0
VCS1353;2016;724482,0;1426815,0;438346,0
VCS1353;2020;230052,0;2204842,0;56066,0
VCS1354;2015;80486,0;80486,0;27805,0
VCS1354;2016;27805,0;27805,0;35756,0
VCS1354;2017;11679,0;35756,0;32952,0
VCS1354;2018;16115,0;32952,0;26342,0
VCS1354;2020;34031,0;56096,0;39378,0
VCS1355;2017;756,0;6064,0;6059,0
VCS1355;2019;4254,0;6800,0;6785,0
VCS1355;2020;12922,0;30232,0;4580,0
VCS1360;2019;3369,0;1991064,0;321623,0
VCS1360;2020;185788,0;321623,0;284494,0
VCS1362;2021;9599,0;165786,0;68148,0
VCS1364;2020;87372,0;87372,0;72868,0
VCS1377;2018;21936,0;11373,0;15027,0
VCS1377;2022;16109,0;1047,0;10071,0
VCS1382;2016;5200,0;1923866,0;2311131,0
VCS1382;2017;884163,0;2006058,0;2394725,0
VCS1382;2018;288619,0;2084635,0;315706,0
VCS1382;2020;599438,0;5021562,0;318046,0
VCS1386;2018;25000,0;159614,0;51348,0
VCS1386;2019;165564,0;51348,0;52447,0
VCS1386;2020;68517,0;52447,0;50137,0
VCS1386;2021;79212,0;50137,0;52116,0
VCS1387;2016;109179,0;39888,0;10798,0
VCS1395;2019;85001,0;1256040,0;530794,0
VCS1404;2016;58482,0;102835,0;98221,0
VCS1404;2022;172905,0;620983,0;79328,0
VCS1404;2023;261936,0;79328,0;10999,0
VCS1406;2020;25000,0;549946,0;118996,0
VCS1406;2021;82800,0;121754,0;129773,0
VCS1407;2015;166577,0;166577,0;102991,0
VCS1407;2016;102991,0;102991,0;56118,0
VCS1407;2017;18330,0;56118,0;95689,0
VCS1407;2018;37788,0;95689,0;39810,0
VCS1408;2017;19800,0;176488,0;831453,0
VCS1408;2019;376981,0;1237111,0;770389,0
VCS1408;2020;481604,0;619404,0;736986,0
VCS1413;2017;8500,0;42626,0;39024,0
VCS1413;2018;5500,0;39927,0;38799,0
VCS1413;2020;98609,0;151106,0;37175,0
VCS1413;2021;21195,0;42434,0;35824,0
VCS1413;2022;99033,0;37574,0;1750,0
VCS1418;2016;31250,0;46320,0;41690,0
VCS1418;2017;25070,0;10338,0;39776,0
VCS1418;2018;74200,0;100794,0;35823,0
VCS1418;2020;60654,0;74871,0;32822,0
VCS1419;2016;15000,0;20795,0;18275,0
VCS1436;2015;1712,0;1712,0;783,0
VCS1436;2016;783,0;783,0;686,0
VCS1436;2017;224,0;686,0;807,0
VCS1437;2024;69667,0;87145,0;6090,0
VCS1439;2024;23987,0;83040,0;5596,0
VCS1444;2016;34247,0;68840,0;49940,0
VCS1444;2017;33240,0;105953,0;82087,0
VCS1444;2018;24632,0;49940,0;71559,0
VCS1444;2019;7000,0;82087,0;40737,0
VCS1444;2022;194166,0;151995,0;84396,0
VCS1445;2015;19401,0;54640,0;26214,0
VCS1447;2018;58321,0;481580,0;403027,0
VCS1447;2021;517307,0;2283165,0;304579,0
VCS1448;2015;34599,0;129685,0;34599,0
VCS1463;2018;16734,0;119139,0;119139,0
VCS1464;2020;283452,0;1172984,0;377199,0
VCS1465;2017;124532,0;422256,0;97764,0
VCS1465;2018;109985,0;90107,0;92927,0
VCS1465;2019;183008,0;107230,0;99275,0
VCS1465;2020;124811,0;100491,0;89578,0
VCS1477;2017;23000,0;14165124,0;4830311,0
VCS1477;2018;34639,0;4339233,0;5133319,0
VCS1477;2019;578793,0;9963630,0;5646054,0
VCS1479;2017;66958,0;141715,0;115458,0
VCS1479;2018;107348,0;108410,0;109218,0
VCS1479;2019;181203,0;116266,0;118157,0
VCS1479;2020;87148,0;199680,0;94542,0
VCS1479;2022;99980,0;100139,0;91208,0
VCS1480;2015;42088,0;107162,0;98421,0
VCS1480;2016;65074,0;63903,0;94927,0
VCS1480;2017;63410,0;141698,0;184641,0
VCS1480;2018;130983,0;210622,0;108712,0
VCS1480;2019;184622,0;177658,0;104650,0
VCS1480;2020;313005,0;108882,0;83321,0
VCS1480;2021;87,0;104366,0;93220,0
VCS1480;2022;109325,0;33006,0;94700,0
VCS1480;2024;85363,0;113000,0;78988,0
VCS1481;2016;15029,0;177746,0;97490,0
VCS1481;2017;143335,0;111887,0;185691,0
VCS1481;2018;177748,0;213525,0;109429,0
VCS1481;2020;35789,0;282956,0;78861,0
VCS1481;2022;264009,0;129184,0;91840,0
VCS1481;2024;38219,0;108223,0;90250,0
VCS1482;2015;185000,0;225307,0;85077,0
VCS1482;2016;136350,0;270381,0;24360,0
VCS1482;2017;54130,0;75855,0;137557,0
VCS1482;2018;89256,0;61702,0;12463,0
VCS1482;2019;123106,0;102563,0;90100,0
VCS1482;2020;231820,0;84476,0;156284,0
VCS1483;2016;1515,0;33405,0;21799,0
VCS1483;2017;4695,0;20472,0;21827,0
VCS1483;2018;14159,0;9039,0;21348,0
VCS1483;2019;29129,0;55046,0;21423,0
VCS1483;2023;2281,0;62637,0;19029,0
VCS1483;2024;24082,0;32407,0;2163,0
VCS1495;2020;56,0;37760,0;20317,0
VCS1496;2020;8553,0;123768,0;25170,0
VCS1497;2019;16000,0;565556,0;252996,0
VCS1497;2020;266585,0;340942,0;251694,0
VCS1497;2022;325966,0;272745,0;237566,0
VCS1497;2023;186335,0;333062,0;207448,0
VCS1519;2017;89161,0;89514,0;66834,0
VCS1519;2018;130967,0;130967,0;66209,0
VCS1519;2019;62901,0;62548,0;71246,0
VCS1519;2020;44057,0;78256,0;63394,0
VCS1519;2021;10337,0;61990,0;62205,0
VCS1519;2022;112048,0;51949,0;60375,0
VCS1520;2017;26313,0;26313,0;107746,0
VCS1520;2018;183126,0;192463,0;106136,0
VCS1520;2019;21199,0;94546,0;116829,0
VCS1520;2020;74546,0;130174,0;86774,0
VCS1520;2021;8138,0;85533,0;92790,0
VCS1520;2022;129579,0;79579,0;96492,0
VCS1521;2017;196387,0;556341,0;322223,0
VCS1521;2018;278733,0;701051,0;337070,0
VCS1521;2019;209900,0;487697,0;327592,0
VCS1521;2021;235779,0;168371,0;296893,0
VCS1521;2022;237850,0;561329,0;283336,0
VCS1522;2021;83956,0;3007783,0;691737,0
VCS1522;2022;122436,0;342725,0;818203,0
VCS1522;2023;33716,0;704667,0;449676,0
VCS1523;2016;11602,0;187744,0;135127,0
VCS1523;2017;207626,0;127519,0;113618,0
VCS1523;2018;20758,0;109799,0;142903,0
VCS1523;2020;134940,0;298225,0;113330,0
VCS1523;2021;191903,0;101861,0;83668,0
VCS1523;2022;86714,0;83668,0;75646,0
VCS1535;2016;6921,0;15077,0;25638,0
VCS1535;2017;29626,0;42637,0;25983,0
VCS1535;2020;6320,0;52229,0;70705,0
VCS1535;2022;9966,0;33214,0;23082,0
VCS1538;2018;99816,0;109816,0;47246,0
VCS1538;2019;23641,0;47246,0;45777,0
VCS1538;2020;23605,0;45777,0;136146,0
VCS1539;2016;24000,0;86412,0;48187,0
VCS1539;2018;40535,0;29776,0;60021,0
VCS1539;2019;54121,0;25162,0;45056,0
VCS1541;2017;2197,0;216722,0;226613,0
VCS1546;2020;950,0;64422,0;41982,0
VCS1547;2021;57000,0;67151,0;24659,0
VCS1549;2018;1124,0;21216,0;28609,0
VCS1549;2020;20812,0;19479,0;26754,0
VCS1549;2021;18759,0;119115,0;21727,0
VCS1549;2024;51971,0;52866,0;14051,0
VCS1553;2017;27577,0;27577,0;61922,0
VCS1560;2017;190200,0;383890,0;357254,0
VCS1560;2018;285200,0;464176,0;394335,0
VCS1560;2019;230827,0;253346,0;369475,0
VCS1560;2020;147607,0;741924,0;345061,0
VCS1560;2021;300209,0;247721,0;358669,0
VCS1560;2023;434364,0;498683,0;142858,0
VCS1560;2024;128486,0;261891,0;300372,0
VCS1566;2017;1710278,0;10712889,0;6404775,0
VCS1566;2019;6314327,0;6404775,0;6800812,0
VCS1569;2022;21486,0;143289,0;59055,0
VCS1571;2018;207033,0;395220,0;188174,0
VCS1571;2019;234417,0;95934,0;275450,0
VCS1571;2022;58898,0;445475,0;214558,0
VCS1574;2017;60592,0;60592,0;101518,0
VCS1577;2021;50000,0;78402,0;28893,0
VCS1579;2018;40366,0;64806,0;29288,0
VCS1580;2017;383977,0;475380,0;724492,0
VCS1580;2018;79147,0;614147,0;666086,0
VCS1580;2019;869284,0;557764,0;639708,0
VCS1580;2020;366253,0;626415,0;660368,0
VCS1580;2021;563731,0;839190,0;647147,0
VCS1580;2023;593585,0;189602,0;56350,0
VCS1582;2018;65355,0;160061,0;199800,0
VCS1582;2020;2612,0;684278,0;190174,0
VCS1582;2021;395,0;108683,0;203911,0
VCS1582;2023;107959,0;271146,0;145176,0
VCS1622;2018;11072,0;560886,0;907920,0
VCS1622;2019;226736,0;3471594,0;704418,0
VCS1622;2020;257246,0;704418,0;795043,0
VCS1622;2022;711551,0;795043,0;689651,0
VCS1644;2020;1000,0;50655,0;217377,0
VCS1644;2023;106136,0;217377,0;201848,0
VCS1650;2017;23116,0;2168043,0;1804031,0
VCS1650;2018;40000,0;1804031,0;439129,0
VCS1650;2019;118500,0;3854572,0;955477,0
VCS1650;2021;7225023,0;6741668,0;2437137,0
VCS1654;2021;313009,0;170766,0;134638,0
VCS1660;2017;53009,0;58907,0;52421,0
VCS1660;2018;46140,0;43702,0;71678,0
VCS1660;2019;19096,0;65742,0;73224,0
VCS1660;2020;55143,0;82122,0;64265,0
VCS1660;2021;34649,0;61292,0;70751,0
VCS1660;2022;90697,0;59114,0;68466,0
VCS1663;2019;4333,0;29239,0;11355,0
VCS1663;2020;12464,0;138053,0;11355,0
VCS1669;2017;19509,0;131593,0;144200,0
VCS1669;2018;74631,0;144200,0;179704,0
VCS1669;2019;76844,0;235074,0;203731,0
VCS1669;2020;251315,0;148361,0;156871,0
VCS1669;2021;107936,0;156871,0;158870,0
VCS1669;2022;240113,0;83279,0;30512,0
VCS1670;2017;100114,0;145393,0;99704,0
VCS1670;2018;18257,0;81970,0;102642,0
VCS1670;2019;92939,0;75015,0;98101,0
VCS1670;2020;21279,0;142753,0;94925,0
VCS1670;2021;220798,0;126703,0;94018,0
VCS1671;2017;23981,0;127168,0;124497,0
VCS1671;2018;102647,0;124497,0;137227,0
VCS1671;2019;97716,0;148958,0;128476,0
VCS1671;2020;77006,0;123864,0;107592,0
VCS1671;2021;77726,0;100473,0;66398,0
VCS1671;2022;5460,0;66398,0;94949,0
VCS1675;2018;5210,0;4125,0;1910,0
VCS1679;2018;54000,0;62037,0;116343,0
VCS1679;2019;2040,0;14343,0;117204,0
VCS1679;2020;150622,0;248171,0;104048,0
VCS1679;2021;12880,0;91255,0;99615,0
VCS1683;2024;63961,0;29143,0;18316,0
VCS1684;2020;30334,0;51882,0;7686,0
VCS1686;2019;4516,0;75523,0;445946,0
VCS1686;2020;467825,0;1721746,0;397013,0
VCS1709;2019;120000,0;368248,0;281092,0
VCS1709;2020;541292,0;303044,0;293640,0
VCS1709;2021;10000,0;318091,0;289043,0
VCS1712;2020;9831,0;23922,0;13122,0
VCS1716;2019;752,0;9152,0;15941,0
VCS1716;2020;8986,0;15941,0;29823,0
VCS1716;2021;41349,0;29823,0;43147,0
VCS1716;2023;1273,0;43147,0;59906,0
VCS1716;2024;22630,0;55332,0;29200,0
VCS1718;2019;47363,0;227909,0;182940,0
VCS1718;2020;78690,0;165595,0;90569,0
VCS1720;2021;5375,0;209305,0;72875,0
VCS1720;2022;4095,0;78853,0;54766,0
VCS1721;2021;22065,0;374322,0;90870,0
VCS1721;2022;213753,0;96850,0;67525,0
VCS1723;2021;32000,0;65143,0;104650,0
VCS1723;2023;3465,0;130062,0;67065,0
VCS1728;2018;331167,0;1271028,0;1053564,0
VCS1728;2020;212227,0;65993,0;756534,0
VCS1728;2021;582791,0;2214687,0;768896,0
VCS1728;2022;1100125,0;1431314,0;701584,0
VCS1728;2023;529742,0;43848,0;396894,0
VCS1728;2024;48206,0;973770,0;188688,0
VCS1732;2020;1500,0;17090,0;102225,0
VCS1732;2021;90803,0;300438,0;92564,0
VCS1733;2018;30300,0;153401,0;78671,0
VCS1733;2019;102690,0;69706,0;78588,0
VCS1733;2020;71038,0;79367,0;78407,0
VCS1733;2021;49957,0;86593,0;75366,0
VCS1733;2022;46605,0;75366,0;70358,0
VCS1733;2023;40620,0;70358,0;58021,0
VCS1733;2024;82617,0;58021,0;45909,0
VCS1734;2020;12251,0;54897,0;51724,0
VCS1734;2021;35572,0;56143,0;43836,0
VCS1734;2022;53630,0;43836,0;36513,0
VCS1734;2023;75726,0;36513,0;34705,0
VCS1734;2024;62330,0;34705,0;37018,0
VCS1735;2018;19000,0;104351,0;62773,0
VCS1735;2020;29588,0;155337,0;22387,0
VCS1736;2019;1000,0;57991,0;202851,0
VCS1736;2021;5869,0;576680,0;243482,0
VCS1736;2022;17400,0;565595,0;215693,0
VCS1740;2019;12043,0;66108,0;104340,0
VCS1740;2020;72979,0;50519,0;121675,0
VCS1740;2022;252937,0;344072,0;144871,0
VCS1742;2018;673934,0;7985332,0;3163013,0
VCS1742;2020;2570417,0;7254300,0;3505143,0
VCS1742;2022;1413123,0;4878965,0;3010154,0
VCS1745;2018;32670,0;55985,0;79920,0
VCS1745;2019;97301,0;74039,0;72422,0
VCS1745;2020;53,0;144907,0;73542,0
VCS1745;2021;91348,0;87943,0;72266,0
VCS1745;2024;15104,0;108739,0;71085,0
VCS1745;2025;2420,0;58171,0;12461,0
VCS1746;2018;20085,0;146250,0;219464,0
VCS1746;2019;23500,0;202894,0;204769,0
VCS1746;2020;70000,0;414877,0;181363,0
VCS1748;2019;382829,0;3982378,0;3946277,0
VCS1748;2021;1995519,0;11838831,0;3841272,0
VCS1752;2019;28179,0;135784,0;135784,0
VCS1753;2020;52000,0;3278486,0;2106282,0
VCS1753;2021;103797,0;2546833,0;2083363,0
VCS1753;2022;150616,0;911456,0;753030,0
VCS1759;2022;19541,0;46336,0;42489,0
VCS1762;2018;27037,0;72537,0;207754,0
VCS1762;2019;106037,0;65925,0;203420,0
VCS1762;2021;1450,0;549453,0;213094,0
VCS1762;2022;66777,0;354540,0;218429,0
VCS1762;2023;79531,0;103405,0;181405,0
VCS1764;2018;18873,0;31744,0;31744,0
VCS1764;2019;12273,0;26615,0;26615,0
VCS1764;2020;15607,0;53369,0;53369,0
VCS1764;2021;37386,0;54137,0;79217,0
VCS1764;2023;26383,0;45771,0;50641,0
VCS1766;2020;653,0;5649,0;7678,0
VCS1766;2022;5785,0;15094,0;11140,0
VCS1766;2024;3900,0;20744,0;11363,0
VCS1766;2025;6896,0;20217,0;2511,0
VCS1767;2019;246836,0;463699,0;399456,0
VCS1767;2020;430641,0;611586,0;413215,0
VCS1767;2021;292283,0;521852,0;381575,0
VCS1767;2022;138933,0;189309,0;125301,0
VCS1768;2018;155269,0;374893,0;378368,0
VCS1768;2019;241984,0;456478,0;298587,0
VCS1770;2018;81418,0;193548,0;225768,0
VCS1770;2019;104142,0;116685,0;193667,0
VCS1770;2020;370872,0;290710,0;169752,0
VCS1770;2021;229991,0;226692,0;177413,0
VCS1770;2023;9260,0;290199,0;188501,0
VCS1770;2025;62789,0;295745,0;33864,0
VCS1771;2019;50000,0;189532,0;143446,0
VCS1771;2020;10000,0;281872,0;128233,0
VCS1774;2018;10950,0;36925,0;22692,0
VCS1774;2020;33118,0;27770,0;25276,0
VCS1774;2021;34615,0;31462,0;26406,0
VCS1774;2022;28102,0;26406,0;28130,0
VCS1774;2023;27461,0;28130,0;28372,0
VCS1775;2019;4,0;3634940,0;1355238,0
VCS1775;2020;1673516,0;1355238,0;1458359,0
VCS1775;2021;2261722,0;1458359,0;1765037,0
VCS1775;2022;1603137,0;1765037,0;1385414,0
VCS1776;2023;3689,0;71325,0;80580,0
VCS1776;2024;433,0;124153,0;62639,0
VCS1781;2019;77237,0;129672,0;3028,0
VCS1782;2020;50000,0;551111,0;172320,0
VCS1784;2019;15,0;557667,0;578461,0
VCS1784;2021;25000,0;609256,0;633723,0
VCS1784;2022;90076,0;1222364,0;544516,0
VCS1786;2021;121824,0;477711,0;275895,0
VCS1786;2022;497670,0;191567,0;277289,0
VCS1787;2019;169389,0;179889,0;153619,0
VCS1787;2020;222759,0;222047,0;122492,0
VCS1787;2021;6460,0;135284,0;144242,0
VCS1788;2019;148049,0;123471,0;188071,0
VCS1788;2020;12612,0;252640,0;145158,0
VCS1788;2021;294752,0;164185,0;180553,0
VCS1789;2019;122446,0;122446,0;94086,0
VCS1790;2021;257579,0;203168,0;217782,0
VCS1791;2019;59827,0;59827,0;150874,0
VCS1791;2021;17618,0;185923,0;148508,0
VCS1792;2019;387672,0;1187969,0;1074124,0
VCS1792;2020;350059,0;1431477,0;1121895,0
VCS1792;2021;433514,0;1339537,0;1141135,0
VCS1792;2022;709302,0;712923,0;951968,0
VCS1793;2020;178561,0;333937,0;232397,0
VCS1793;2021;359957,0;268604,0;241925,0
VCS1794;2021;49569,0;49569,0;9187,0
VCS1800;2022;10,0;38464,0;32128,0
VCS1800;2023;96,0;32128,0;34893,0
VCS1803;2020;12208,0;26127,0;19375,0
VCS1803;2023;2500,0;35805,0;2456,0
VCS1804;2021;30000,0;69323,0;13261,0
VCS1805;2019;378460,0;1331623,0;626090,0
VCS1805;2022;3130410,0;3142587,0;2514594,0
VCS1805;2023;1507526,0;1788472,0;1576896,0
VCS1812;2020;71929,0;340502,0;1197102,0
VCS1812;2021;10071,0;1108053,0;370656,0
VCS1812;2023;404102,0;459705,0;382112,0
VCS1812;2024;495411,0;409442,0;215791,0
VCS1815;2020;300000,0;2394094,0;1944499,0
VCS1817;2020;120832,0;120832,0;46618,0
VCS1817;2021;41237,0;41237,0;46192,0
VCS1817;2024;98293,0;98870,0;46104,0
VCS1820;2021;34429,0;601698,0;259333,0
VCS1820;2022;39153,0;259333,0;261415,0
VCS1822;2021;21024,0;63605,0;28757,0
VCS1822;2022;47430,0;28757,0;27140,0
VCS1823;2019;30547,0;203799,0;48616,0
VCS1823;2020;140301,0;54419,0;38094,0
VCS1823;2022;32951,0;41555,0;38520,0
VCS1830;2019;17216,0;17216,0;15532,0
VCS1830;2022;16118,0;35254,0;16570,0
VCS1830;2023;9277,0;21864,0;5294,0
VCS1831;2019;92128,0;168542,0;46398,0
VCS1831;2020;33706,0;52805,0;39174,0
VCS1847;2021;132730,0;764004,0;119245,0
VCS1851;2021;1130000,0;4531882,0;1691105,0
VCS1851;2022;2698838,0;944387,0;1731715,0
VCS1851;2023;2715618,0;1731715,0;1763858,0
VCS1851;2024;1367687,0;1763858,0;1637081,0
VCS1851;2025;1363012,0;1785811,0;148730,0
VCS1853;2019;16000,0;23374,0;25764,0
VCS1853;2020;3698,0;24752,0;21285,0
VCS1853;2021;26428,0;61125,0;22719,0
VCS1853;2023;29088,0;10312,0;23270,0
VCS1854;2020;12345,0;14909,0;34671,0
VCS1854;2021;83,0;100551,0;35678,0
VCS1856;2019;156000,0;221026,0;191327,0
VCS1856;2022;65026,0;188886,0;181568,0
VCS1856;2024;62989,0;299501,0;181709,0
VCS1856;2025;38980,0;155226,0;22269,0
VCS1857;2019;2943,0;2943,0;2245,0
VCS1857;2020;3647,0;3647,0;4568,0
VCS1859;2020;15073,0;256592,0;164383,0
VCS1860;2019;5549,0;155641,0;155250,0
VCS1860;2020;75155,0;103640,0;163504,0
VCS1862;2021;42054,0;118336,0;18111,0
VCS1865;2020;259,0;551461,0;261083,0
VCS1865;2021;316495,0;576342,0;315259,0
VCS1867;2019;535000,0;1535572,0;809686,0
VCS1867;2020;583000,0;780389,0;756932,0
VCS1867;2021;358725,0;624588,0;768432,0
VCS1867;2022;366616,0;581127,0;746296,0
VCS1882;2020;71311,0;223991,0;46111,0
VCS1883;2021;24148,0;42990,0;11444,0
VCS1884;2022;1238,0;2309,0;1015,0
VCS1885;2020;27500,0;26503,0;25999,0
VCS1885;2021;10592,0;45093,0;25221,0
VCS1885;2022;17201,0;25221,0;24869,0
VCS1885;2023;28008,0;24869,0;24861,0
VCS1885;2024;28886,0;24861,0;23430,0
VCS1890;2019;284585,0;317780,0;324621,0
VCS1890;2020;227500,0;524426,0;317371,0
VCS1890;2021;227321,0;248936,0;297954,0
VCS1890;2023;220505,0;391632,0;99991,0
VCS1893;2019;106754,0;108170,0;9856,0
VCS1897;2020;250,0;781218,0;798220,0
VCS1897;2021;86903,0;504852,0;943855,0
VCS1897;2022;1783788,0;1514742,0;386228,0
VCS1897;2023;430130,0;365535,0;340907,0
VCS1898;2020;170351,0;307725,0;235825,0
VCS1898;2021;1166,0;146367,0;163282,0
VCS1898;2023;4365,0;148874,0;34322,0
VCS1899;2019;50000,0;492325,0;486832,0
VCS1899;2020;767820,0;1263412,0;882336,0
VCS1900;2020;2200,0;150425,0;182318,0
VCS1900;2022;27499,0;366639,0;224483,0
VCS1900;2024;64529,0;246811,0;83748,0
VCS1903;2023;433637,0;450765,0;221062,0
VCS1903;2024;159317,0;249042,0;279596,0
VCS1904;2020;25299,0;706167,0;697972,0
VCS1904;2021;5205,0;806985,0;675358,0
VCS1904;2022;31300,0;667108,0;633136,0
VCS1904;2024;223946,0;1271920,0;675012,0
VCS1904;2025;897637,0;845230,0;322335,0
VCS1905;2024;13,0;105733,0;62784,0
VCS1906;2023;5500,0;201200,0;72881,0
VCS1908;2024;829,0;174401,0;103639,0
VCS1911;2020;26317,0;26317,0;14258,0
VCS1911;2022;12999,0;37375,0;29029,0
VCS1915;2020;900,0;38729,0;23223,0
VCS1915;2021;11488,0;40587,0;21982,0
VCS1915;2022;25479,0;28104,0;21598,0
VCS1915;2024;34579,0;22250,0;21767,0
VCS1915;2025;18198,0;21338,0;10997,0
VCS1918;2019;6000,0;143833,0;66303,0
VCS1931;2019;300000,0;687095,0;735425,0
VCS1931;2020;148468,0;493604,0;886685,0
VCS1931;2021;36299,0;733563,0;869791,0
VCS1931;2022;320920,0;869791,0;916208,0
VCS1931;2023;105617,0;686829,0;900407,0
VCS1943;2019;14425,0;270403,0;23171,0
VCS1946;2022;102824,0;41313,0;57431,0
VCS1947;2020;4926,0;532558,0;107815,0
VCS1947;2022;163148,0;153443,0;102757,0
VCS1949;2021;4895,0;906090,0;283286,0
VCS1949;2022;22490,0;283286,0;251421,0
VCS1949;2023;111920,0;251421,0;304155,0
VCS1950;2021;10000,0;1428835,0;465395,0
VCS1950;2022;218114,0;465395,0;409302,0
VCS1950;2023;140273,0;409302,0;490954,0
VCS1958;2021;85900,0;85900,0;61025,0
VCS1958;2023;107198,0;139940,0;62485,0
VCS1958;2024;36697,0;3977,0;24627,0
VCS1959;2022;17419,0;23348,0;14332,0
VCS1959;2024;4203,0;14332,0;14628,0
VCS1964;2021;30000,0;108925,0;56202,0
VCS1964;2023;12793,0;125444,0;55620,0
VCS1964;2024;9156,0;84600,0;59384,0
VCS1965;2021;70935,0;91933,0;52741,0
VCS1965;2023;70891,0;62977,0;55756,0
VCS1970;2023;62774,0;18902,0;93291,0
VCS1970;2024;28289,0;86621,0;81639,0
VCS1970;2025;98538,0;95447,0;24307,0
VCS1971;2021;1000,0;23952,0;22956,0
VCS1971;2023;8,0;23110,0;23956,0
VCS1972;2021;10813,0;134315,0;99494,0
VCS1974;2021;7523,0;119936,0;56025,0
VCS1974;2022;57946,0;69077,0;58189,0
VCS1974;2023;86057,0;52674,0;56887,0
VCS1974;2024;44971,0;3861,0;24030,0
VCS1975;2021;6973,0;59191,0;74145,0
VCS1975;2022;84577,0;117189,0;76071,0
VCS1975;2023;157478,0;101776,0;72618,0
VCS1985;2020;10666,0;110988,0;48427,0
VCS1985;2021;33370,0;52078,0;67230,0
VCS1987;2021;1800,0;671364,0;393884,0
VCS1987;2023;372959,0;824230,0;402681,0
VCS1990;2021;205377,0;96819,0;75115,0
VCS1993;2021;5000,0;313130,0;274843,0
VCS1996;2022;185244,0;185244,0;93910,0
VCS1996;2023;3841,0;91407,0;91398,0
VCS1996;2024;7742,0;93910,0;91674,0
VCS1997;2021;168398,0;172706,0;149537,0
VCS1997;2022;35143,0;222283,0;137345,0
VCS1998;2023;187756,0;160485,0;74078,0
VCS1999;2021;120730,0;151587,0;134586,0
VCS1999;2023;4057,0;197268,0;49939,0
VCS2000;2021;164613,0;167920,0;141765,0
VCS2000;2023;9000,0;210275,0;62000,0
VCS2001;2021;88500,0;148431,0;132083,0
VCS2002;2021;16905,0;175036,0;151964,0
VCS2002;2022;13505,0;223564,0;136284,0
VCS2003;2022;25909,0;118553,0;58447,0
VCS2004;2023;10000,0;556706,0;338175,0
VCS2007;2022;32000,0;121975,0;56641,0
VCS2017;2021;1100,0;270510,0;206569,0
VCS2040;2022;5000,0;100581,0;57936,0
VCS2042;2022;7336,0;652424,0;329047,0
VCS2042;2023;149279,0;364385,0;327482,0
VCS2043;2020;110000,0;116037,0;461519,0
VCS2052;2022;200,0;108158,0;196036,0
VCS2057;2023;88884,0;51541,0;75135,0
VCS2059;2021;255,0;617351,0;467085,0
VCS2059;2022;15468,0;227075,0;172477,0
VCS2065;2020;12000,0;352015,0;295334,0
VCS2069;2023;200000,0;544539,0;548937,0
VCS2069;2024;340441,0;971713,0;287746,0
VCS2070;2021;5512,0;1202180,0;525714,0
VCS2079;2020;609,0;112185,0;112185,0
VCS2082;2021;154429,0;461385,0;555255,0
VCS2083;2020;2500,0;325884,0;213681,0
VCS2083;2021;142668,0;54802,0;277586,0
VCS2092;2021;106865,0;479318,0;5989,0
VCS2097;2021;23064,0;417351,0;42598,0
VCS2250;2022;69441,0;3147440,0;1241414,0
VCS2259;2023;99613,0;39174,0;52788,0
VCS2261;2022;36146,0;46503,0;30334,0
VCS2291;2021;14,0;627061,0;95328,0
VCS2292;2021;70,0;793277,0;183182,0
VCS2303;2022;35552,0;91563,0;18281,0
VCS2307;2021;1303,0;37847,0;17438,0
VCS2307;2022;4638,0;31766,0;23126,0
VCS2307;2025;10145,0;105430,0;9129,0
VCS2308;2021;29681,0;29681,0;39578,0
VCS2308;2023;44093,0;63135,0;21847,0
VCS2309;2022;2532,0;38751,0;26741,0
VCS2309;2023;6882,0;29263,0;20737,0
VCS2309;2024;8886,0;29648,0;6394,0
VCS2310;2021;277462,0;579051,0;346792,0
VCS2311;2024;53,0;90847,0;32846,0
VCS2311;2025;1557,0;17115,0;28692,0
VCS2335;2023;139553,0;101816,0;26979,0
VCS2336;2022;2272,0;20672,0;9985,0
VCS2340;2022;2960,0;266225,0;393480,0
VCS2340;2023;16399,0;514056,0;185617,0
VCS2342;2022;3970,0;871192,0;1771121,0
VCS2342;2023;20006,0;915838,0;380185,0
VCS2349;2023;4054,0;202437,0;113463,0
VCS2349;2024;190396,0;217768,0;8777,0
VCS2361;2022;1567,0;158816,0;149657,0
VCS2365;2023;3000,0;15912,0;13595,0
VCS2366;2022;9603,0;79365,0;627628,0
VCS2366;2023;22938,0;962349,0;291296,0
VCS2371;2022;11454,0;94271,0;582471,0
VCS2371;2023;2676,0;857565,0;195205,0
VCS2372;2022;10329,0;366444,0;2955081,0
VCS2372;2023;298912,0;4078198,0;798535,0
VCS2384;2021;125001,0;126587,0;243072,0
VCS2384;2023;80299,0;180075,0;192274,0
VCS2384;2024;90201,0;183434,0;193113,0
VCS2401;2022;27000,0;126297,0;95374,0
VCS2402;2022;33304,0;436309,0;400216,0
VCS2402;2023;397757,0;598129,0;71477,0
VCS2409;2023;1087,0;146182,0;70488,0
VCS2409;2025;8721,0;224788,0;32979,0
VCS2410;2022;21700,0;178535,0;84361,0
VCS2412;2023;9803,0;12685,0;11334,0
VCS2414;2022;162029,0;48570,0;60886,0
VCS2414;2023;16706,0;49291,0;58596,0
VCS2414;2024;8432,0;119482,0;51238,0
VCS2449;2021;3000,0;23657,0;23657,0
VCS2452;2022;10500,0;55570,0;55913,0
VCS2452;2023;94990,0;70640,0;18138,0
VCS2455;2022;110484,0;110484,0;75212,0
VCS2464;2021;124000,0;246932,0;257519,0
VCS2464;2023;166512,0;327282,0;195547,0
VCS2468;2023;119518,0;235966,0;110628,0
VCS2473;2022;1300,0;190034,0;51230,0
VCS2505;2022;103847,0;103847,0;805990,0
VCS2505;2023;918187,0;918187,0;2575966,0
VCS2505;2024;2728384,0;2728384,0;3569698,0
VCS2505;2025;3563519,0;3563519,0;4315597,0
VCS2508;2022;94005,0;1734791,0;332154,0
VCS2512;2022;30,0;482168,0;52598,0
VCS2521;2023;1,0;94224,0;77960,0
VCS2532;2023;82119,0;358094,0;247971,0
VCS2548;2024;4938,0;432119,0;53632,0
VCS2557;2023;4701,0;95318,0;560248,0
VCS2557;2024;5650,0;603308,0;274174,0
VCS2558;2023;17899,0;421510,0;233480,0
VCS2581;2023;19439,0;634093,0;1255146,0
VCS2581;2024;74327,0;811127,0;1798359,0
VCS2581;2025;156980,0;2737359,0;290535,0
VCS2588;2024;13412,0;217484,0;212837,0
VCS2588;2025;123796,0;455193,0;171414,0
VCS2601;2022;76505,0;76505,0;46383,0
VCS2601;2024;89187,0;89187,0;78525,0
VCS2601;2025;77574,0;77574,0;81887,0
VCS2614;2024;92331,0;54838,0;54567,0
VCS2664;2022;7682,0;404947,0;215035,0
VCS2690;2024;1500,0;98174,0;11041,0
VCS2746;2022;682,0;332556,0;312451,0
VCS2751;2024;1583,0;6763,0;7648,0
VCS2780;2025;1415,0;57722,0;30514,0
VCS2794;2025;8280,0;692366,0;502462,0
VCS2837;2023;21491,0;148258,0;55878,0
VCS2839;2023;3000,0;19578,0;14645,0
VCS2864;2024;174,0;40870,0;17068,0
VCS2878;2024;1668930,0;1752414,0;581681,0
VCS2897;2023;71300,0;177835,0;197022,0
VCS2923;2023;65702,0;1020903,0;3259472,0
VCS2923;2024;6500,0;5051602,0;2871420,0
VCS2939;2023;53000,0;62977,0;196002,0
VCS2960;2025;2247,0;140363,0;130422,0
VCS2998;2023;501,0;55246,0;53143,0
VCS3005;2023;118309,0;219206,0;116897,0
VCS3056;2023;294,0;55244,0;51765,0
VCS3161;2023;283,0;72867,0;29167,0
VCS3207;2023;4190,0;36270,0;32027,0
VCS3207;2024;22870,0;32027,0;29483,0
VCS3350;2023;21854,0;279168,0;101735,0
VCS3448;2024;10392,0;354124,0;36575,0
VCS3616;2024;8347,0;28915,0;28887,0
VCS3699;2024;1190,0;59473,0;984099,0
VCS3699;2025;38228,0;1911382,0;722111,0
VCS3889;2023;30821,0;30821,0;17865,0
VCS4000;2025;225514,0;543966,0;195580,0
VCS4015;2025;32125,0;27820,0;1502,0
VCS4018;2024;5534,0;32005,0;29464,0
VCS4020;2025;210,0;8147,0;5271,0
VCS4150;2024;163593,0;5068621,0;2812257,0
VCS4150;2025;3012735,0;1885894,0;1209664,0
VCS4223;2024;29966,0;38422,0;105266,0
VCS4225;2025;59180,0;73371,0;56296,0
VCS4226;2025;60699,0;75269,0;57361,0
VCS4268;2024;64551,0;66708,0;157239,0
VCS4268;2025;29751,0;88496,0;13924,0
VCS4423;2024;212030,0;281946,0;51033,0
VCS4457;2024;1,0;91875,0;135270,0
VCS4531;2025;1348958,0;3849288,0;5812939,0
