Unique ID;Instrument name;Type;Status;Jurisdiction covered;Share of jurisdiction emissions covered;Price on 1 April;2021;2022;2023;2024;2025;2026;Change;Government revenue;2020;2021.1;2022.1;2023.1;2024.1;2025.1;Change.1;Gases covered;Electricity and heat;Industry;Mining and extractives;Transport;Aviation;Buildings;Agriculture, forestry and fishing fuel use;Agricultural emissions;Waste;LULUCF;Fuels covered;Allocation approaches;Price or market management;Point of Regulation;Offset eligibility;Description;Recent developments;Coverage;Pricing and allocation;Compliance;Relation to other instruments;Sectors Covered;Share of global emissions covered;Start Year;Start Year derived;End Year;Region;Income group;Subtype;lat;lon
Tax_AL;Albania carbon tax;Taxas de Carbono;Implementado;Albania;0,73;US$17 (ALL1,400);;;;13,111355068777607;13,691904865808423;16,92661105065893;0.2909886859037693;US$36 million (2025) (ALL2,975 million);;;;;;35,88661037394451;;;No;No;No;No;No;No;No;No;No;No; Covered fuels are: diesel, gasoline, coal, solar oil, heavy fuel oil, kerosene, petroleum coke. Please see above. ;;;;; ;Albania has postponed the entry into force of the increase of its tax on coal until January 1, 2026. ; ;;; ;;9,774627396506348e-05;2008,0;False;;Europe & Central Asia;Upper middle income;Nacional;5,7587654;-73,9151617
ETS_AL;Albania ETS;Sistema  de comércio de licenças de emissão (ETS);Em consideração;Albania;;;;;;;;;;;;;;;;;;;;;;;;;;;;;;;;;;;;;;;;;;;False;;Europe & Central Asia;Upper middle income;Nacional;5,7587654;-73,9151617
Tax_CA_Alberta;Alberta carbon tax;Taxas de Carbono;Extinto;Alberta;;;;;;;;;;;;;;;;;;;;;;;;;;;;;;;;;;;;;;;;;;2017,0;False;2019,0;North America;High income;Subnacional - Estado/Província;55,001251;-115,002136
ETS_CA_Alberta;Alberta TIER;Sistema  de comércio de licenças de emissão (ETS);Implementado;Alberta;0,63;US$68 (CAN$95);31,834460803820136;39,9616368286445;48,030739673390975;58,94488653109343;66,21131865068301;68,40437788018433;1.1487525201612903;US$333 million (2025) (CAN$466 million);354,9931413028568;436,7254864262805;386,84503316366875;640,0433139622468;411,9443363163245;333,3796677096011;-0.06088420050576843;CO2, CH4, N2O, HFCs, SF6, PFCs, Other;Yes;Yes;Yes;No;No;No;No;No;Yes;No;"Diesel; Other oil products; Gasoline; Kerosene; LPG; Natural gas; Coal";Free allocation (Intensity-based), Set price;Set price trajectory;Point Source;Yes, with quantitative limit;"The Technology Innovation and Emissions Reduction (TIER) Regulation is a baseline-and-credit ETS. It covers large emitting facilities, with the ability for lower emitting facilities to opt in to the regulation. 
 
Covered entities must reduce their emissions intensity (emissions per unit of production) by a set percentage each year. The reduction requirement is based on a facility’s average emissions intensity over a three-year historic period or compared to a sector-specific benchmark. Covered entities that outperform their targets generate emissions performance credits (EPCs), which can be sold or used in future compliance years. Those that exceed their limits are required to provide compensation by either (1) purchasing EPCs from other covered facilities, (2) paying into the TIER fund to purchase a fund credit for each tonne of excess emissions, or (3) purchasing emission offset credits generated within Alberta under an approved offset protocol or sequestration credits. ";"In May 2025, Alberta's government announced  TIER Fund price would remain at CAD 95 per tCO2e rather than the scheduled annual increases expected to reach CAD 170 per tCO2e by 2030. 
";"Alberta’s TIER Regulation applies to all greenhouse gas emissions from facilities that emit 100 ktCO2-e/year or more, including industry, power, food processing, waste and other sectors. Smaller conventional oil and gas facilities can aggregate and opt-in to the regulation. Lower emitting facilities (those emitting 2,000 tonnes CO2e or more per year) can opt-in to the regulation.

Alberta’s TIER system directly covers approximately 60% of Alberta’s emissions. The ETS extends the price signal to broader sectors.";Baselines (Intensity-based);Annual;Facilities covered by the TIER Regulation are exempt from paying the Canadian federal carbon tax.;Electricity and heat, Industry, Mining and extractives, Waste;0,0030071458377916;2007,0;False;;North America;High income;Subnacional - Estado/Província;55,001251;-115,002136
Tax_AN;Andorra carbon tax;Taxas de Carbono;Implementado;Andorra;0,95;US$35 (€30);;33,156;32,625;32,247;32,364;34,815000000000005;0.05003619254433605;US$11 million (2025) (€10 million);;;;;;10,866152709633347;;CO2;No;No;No;No;No;No;No;No;No;No;"Diesel; Gasoline; Kerosene; Natural gas; LPG"; NA; ;;;;Under the Energy Transition and Climate Change Law, an environmental, economic, and social impact audit has been carried out on the actions financed by the Green Fund established by the same Law. The report focuses mainly on the years 2022 and 2023, and the main conclusions and recommendations are now available.;The tax targets energy use across sectors, including transport and heating, with no facility-level emissions thresholds, and revenues are dedicated to the Green Fund.; NA;; Andorra’s carbon pricing is not linked to other carbon pricing systems (e.g. the EU ETS), with no inter-jurisdictional trading and no mandatory use of offsets. Nevertheless, since 2021, Andorra operates a voluntary national GHG offset market that complements the CPI by supporting mitigation in diffuse sectors and corporate social responsibility initiatives. This voluntary market uses €30/tCO₂ as a minimum reference price, consistent with the carbon tax, and allows prices to rise up to €45/tCO₂, with credits governed by a dedicated regulation to ensure transparency and environmental integrity.;;8,245950797437754e-06;2025,0;True;;Europe & Central Asia;High income;Nacional;42,5407167;1,5732033
Tax_AR;Argentina carbon tax;Taxas de Carbono;Implementado;Argentina;0,38;US$4 (ARS5,716);5,321599371354527;4,995626443680344;3,218257022685184;0,8115542659391076;5,327914693710153;4,027280669616436;-0.2432198689561711;US$323 million (2025) (ARS400,826 million);0,6762200668659262;318,27312293329663;267,0947900553184;139,3710691116264;222,6381755387904;323,0252699507697;477x;CO2, CH4, N2O, HFCs, SF6, PFCs;In principle;Yes;Yes;Yes;Yes;In principle;Yes;No;No;No;"Coal; Diesel; Gasoline; Kerosene; Other oil products (crude oil, etc); Jet fuel";Set price;;Upstream;Not permitted;"The government of Argentina implemented a carbon tax (impuesto al dióxido de carbono) on January 1, 2018 for most liquid fuels, replacing previous fuel taxes. The carbon tax is also levied on some solid products (mineral coal and petroleum coke).

Although the Law that created the tax (Law 27.430) entered into force in January 2018, the carbon tax is applicable since March 2018 for most of the leviable products. 
For fuel oil, mineral coal, and petroleum coke, the tax rate has been applicable gradually. It became operational in January of 2019, at 10% of the full tax rate, and is set to increase annually by 10% to reach 100% in 2028.";The carbon tax increased 44% (gasoline) and 52% (gasoil) between December 2024 and December 2025;"The Argentina carbon tax applies to CO2 emissions from all sectors with some exemptions for certain sectors.
The tax covers most liquid fuels (except fossil gas) and some solid products (mineral coal and petroleum coke).";Set price;Monthly;;Industry, Mining and extractives, Transport, Aviation, Agriculture, forestry and fishing fuel use;0,002673558462663;2018,0;False;;Latin America & Caribbean;Upper middle income;Nacional;-34,9964963;-64,9672817
ETS_AR;Argentina ETS;Sistema  de comércio de licenças de emissão (ETS);Em consideração;Argentina;;;;;;;;;;;;;;;;;;;;;;;;;;;;;;;;;;;References to an ETS were removed from a revised framework law in April 2024. However, In September 2024 Argentina partnered with the InterAmerican Development Bank to commission an ETS blueprint that includes an impact cost assessment;;;;;;;2024,0;False;;Latin America & Caribbean;Upper middle income;Nacional;-34,9964963;-64,9672817
ETS_AU1;Australia CPM;Sistema  de comércio de licenças de emissão (ETS);Extinto;Australia;;;;;;;;;;;;;;;;;;;;;;;;;;;;;;;;;;;;;;;;;;2012,0;False;2014,0;East Asia & Pacific;High income;Nacional;-24,7761086;134,755
ETS_AU2;Australia Safeguard Mechanism;Sistema  de comércio de licenças de emissão (ETS);Implementado;Australia;0,26;US$25 (A$36);;;;21,90375;21,81612;24,676225;0.12657535810078166;US$ million (2025) (A$ million);;;;;;;;CO2, CH4, N2O, SF6, HFCs, PFCs;In principle;Yes;Yes;Yes;Yes;No;No;No;In principle;No;"Diesel; Other oil products; Gasoline; Kerosene; LPG; Natural gas; Jet fuel; Coal";Free allocation (Intensity-based);;Point Source;Yes, unlimited;"The Safeguard Mechanism assigns mandatory emissions baselines for over 200 large facilities in Australia. Facility-level baselines are calculated using output-based benchmarking based on emissions intensity.  
 
Facilities emitting above their baseline must offset excess emissions by surrendering Safeguard Mechanism Credits (SMCs) or Australian Carbon Credit Units (ACCUs). In some cases, facilities can also apply to average their emissions over a longer period or borrow from a future year.  
 
The Safeguard Mechanism was introduced in 2016 but had not been classified as a baseline-and-credit system as no tradeable permits were issued. However, as of July 2023, the government issues SMCs to facilities that over-achieve on their baseline. This reform was accompanied by a tightening of baselines and a default decline rate of 4.9% per year, to align the outcome with Australia’s 2030 targets.
";"Covered emissions in the Safeguard Mechanism decreased by nearly 2 percent between FY2023 and FY2024, according to data published by the Clean Energy Regulator in April 2025
";The Safeguard Mechanism covers all direct (scope 1) GHG emissions from facilities emitting over 100kt CO2-e/year in electricity, mining, oil and gas production, manufacturing, transport and waste. Grid-connected electricity facilities are covered by one combined ‘sectoral’ baseline and it is not expected that the sectoral baseline will ever be breached. ;Baselines (Intensity-based);Annual;ACCUs issued under Australia’s Emissions Reduction Fund are eligible offsets under the Safeguard. ;Industry, Mining and extractives, Transport, Aviation;0,0028902060136299;2023,0;False;;East Asia & Pacific;High income;Nacional;-24,7761086;134,755
ETS_AT;Austria ETS;Sistema  de comércio de licenças de emissão (ETS);Implementado;Austria;0,47;US$64 (€55);;;35,34374999999999;48,3705;48,546;63,82750000000001;0.8059062776304161;US$1,578 million (2025) (€1,400 million);;;;911,9619597599884;1272,8704407263558;1578,0973606210914;0.7304420910675021;CO2;In principle;No;In principle;Yes;No;Yes;Yes;No;No;No;"Diesel; Other oil products; Gasoline; Kerosene; LPG; Natural gas; Coal";Set price;Fixed price;Upstream;Not permitted;"Austria launched its national emissions certificate trading system (Nationales Emissionszertifikatehandelsgesetz – NEHG) for fossil fuels not already covered by the EU ETS in October 2022.  
 
Although the NEHG does not establish a carbon tax, the carbon pricing instrument follows in central parts the logic of existing energy taxes (fuel tax, coal tax, and natural gas tax). Thus, if a certain event is taxable under the existing energy taxes regime, an obligation to buy allowances arises under the NEHG. Taxable events are the production, import, or release of energy products from a tax warehouse in Austria or the supply of coal and natural gas to consumers. In practice, only a limited number of energy distributors and oil companies are subject to the NEHG 2022.
 
The NEHG aims to cover emissions outside the EU ETS, encompassing predominantly emissions in the buildings and transport sectors. Between 2022 and 2025, the system operated with an annually increasing fixed price and a flexible cap, such that more allowances will be available for entities if needed. The NEHG is being phased in gradually. The system has been designed in line with the reduction targets for non-EU ETS sectors as defined by the “European Effort Sharing Regulation” (ESR). The system may eventually transfer into the EU ETS 2. ";Due to the postponement of EU ETS until the end of 2027, announced in November 2025, Austria's ETS will continue through 2027 before being replaced by EU ETS 2 from January 2028 onwards.;The Austria ETS applies to fossil fuels used in the transport, buildings, agriculture, and energy sectors, as well as from small industries. This essentially concerns the following fossil energy sources: petrol, gasoil (diesel), heating oil, natural gas, liquefied gas, coal, and kerosene. Fuels in admixture with biogenic fuels receive a lower emissions factor than purely fossil fuels. ENtities that would be liable for less than 1 tonne of CO2e per year are excluded. In practice it covers mostly buildings and road transport.;Set price;Annual;Facilities covered by the EU ETS are exempt from the Austria ETS.;Transport, Buildings, Agriculture, forestry and fishing fuel use;0,0006271770014482;2022,0;False;;Europe & Central Asia;High income;Nacional;47,59397;14,12456
Tax_BH;Bahrain carbon tax;Taxas de Carbono;Em consideração;Bahrain;;;;;;;;;;;;;;;;;;;;;;;;;;;;;;;;;;;;;;;;;;;False;;Middle East & North Africa;High income;Nacional;26,030093;50,55333678912323
Tax_MX_BC;Baja California carbon tax;Taxas de Carbono;Extinto;Baja California;;;8,317025440313111;;;;;;;;;1,188462643601383;;;;;;;;;;;;;;;;;;;;;;;;;;;;;;2020,0;False;2021,0;Latin America & Caribbean;Upper middle income;Subnacional - Estado/Província;30,0338923;-115,1425107
ETS_CN_Beijing;Beijing pilot ETS;Sistema  de comércio de licenças de emissão (ETS);Implementado;Beijing;0,17;US$15 (RMB106);4,323279666433333;6,527961250550418;12,957705466986967;14,512183323428191;12,15260580045127;15,410784641553873;3x;US$1 million (2025) (RMB8 million);;;;;1,1519881085098491;1,1519881085098491;0;CO2;In principle;Yes;Yes;Yes;No;Yes;No;No;No;No;"Diesel; Other oil products; Gasoline; Kerosene; LPG; Natural gas; Coal";Free allocation (Grandfathering), Free allocation (Intensity-based);Price corridor;Point Source;Yes, with quantitative limit;The Beijing pilot ETS is a cap-and-trade system. The total amount of emission allowances and cap-setting is determined bottom-up. Covered entities must surrender allowances for all their covered emissions.;In June 2025, the Beijing Carbon Inclusive Management Measures were issued by the Beijing Municipal Ecology and Environment Bureau (short for BEE). These included measures related to the provincial offset mechanism.;"The ETS covers  around 45% of the city’s total emissions, including those from: heat, petrochemicals, and other industrial enterprises; manufacturers; the service sector; and public transport. The coverage threshold is 5,000 tCO2 per year, considering both direct and indirect emissions.";Free allocation (Grandfathering), Free allocation (Intensity-based), Auctioning;Annual;The Beijing Pilot ETS is not linked with any other system.  Coverage of power and cement sector emissions was transferred to the Chinese national ETS. ;Industry, Mining and extractives, Transport, Buildings;0,0004694798848266;2013,0;False;;East Asia & Pacific;Upper middle income;Subnacional - Município;40,190632;116,412144
Tax_BW;Botswana carbon tax;Taxas de Carbono;Em consideração;Botswana;;;;;;;;;;;;;;;;;;;;;;;;;;;;;;;;;;The Government of Botswana is exploring the feasibility of developing a wide range of carbon pricing instruments to support Botswana meet its mitigation goals. In particular, Botswana’s National Climate Change Policy, which was approved by Parliament in 2021, outlines the government’s commitment to adopt and enforce carbon taxes. The National Climate Change Policy also highlights the potential to use carbon offsets and the potential to adopt a cap-and-trade ETS. The 2021 National Climate Change Policy builds on the 2018 National Climate Change Strategy, which also highlights the goal of implementing a carbon tax.  ;The Ministry of Environment and Tourism say they are actively working on a framework to introduce a carbon tax. Specifically, the government is exploring both carbon pricing and carbon trade (carbon markets). There is still no legislation in force yet for a carbon tax: the framework is under development.;While no formal carbon-pricing law exists yet in Botswana, the country’s NDC, climate strategy, and policy documents provide a strong indication that a future carbon tax (or carbon-pricing regime) would likely cover stationary energy (power), transport, agriculture, waste, and possibly extractives/mining.;;;The initial design is likely to emphasize direct emissions (Scope 1), but detailed rules (thresholds, facility coverage, exemptions) remain to be seen.;;;2022,0;False;;Sub-Saharan Africa;Upper middle income;Nacional;-23,1681782;24,5928742
ETS_BR;Brazil ETS;Sistema  de comércio de licenças de emissão (ETS);Em desenvolvimento;Brazil;;;;;;;;;;;;;;;;;;;;;;;;;;;;;;;;;;"In 2009, Brazil adopted the “National Policy on Climate Change” (Política Nacional sobre Mudança do Clima, PNMC), aiming to identify, plan, and coordinate actions and measures for GHG abatement and to adapt to climate change. The PNMC lays out the basis for a carbon pricing regulation. Law No. 15042/2024 was approved in 2024, which formally established the regulatory framework for Brazil's ETS for implementation. 
 
Between 2016 and 2020, as part of its activities under the World Bank’s Partnership for Market Readiness, the government carried out studies on the possible implementation of market instruments to meet its emissions targets and reduce overall mitigation costs.  The federal government's proposal for the establishment of the Brazilian Greenhouse Gas Emissions Trading System (Sistema Brasileiro de Comércio de Emissões de Gases de Efeito Estufa, SBCE) was guided by the recommendations of the PMR Brazil project, which indicated the adoption of a cap-and-trade scheme as the most desirable carbon pricing option within the PNMC. 
 
Under draft bill (Projeto de Lei, PL) “PL 412/2022” the government proposal was approved with minor modifications by the Senate in October 2023. Under draft bill “2148/2015”, the Chamber of Deputies modified and approved the establishment of the SBCE in late December 2023. The reviewed proposal will be sent back to the Senate for new appreciation under PL 2148/2015, and the National Congress is expected to approve it in 2024. 
 
PL 2148/2015 would establish the governance framework and the legal foundation for obligations by covered entities, with key design elements (such as scope, cap, and allocation) to be determined in the coming years.
";Law No. 15042/2024 was approved in 2024, which formally establishes Brazil's ETS for implementation within 5 to 6 years. Implementation occurs over five phases, after which the SBCE will be fully operational;;;;;;;2022,0;False;;Latin America & Caribbean;Upper middle income;Nacional;-10,3333333;-53,2
Tax_CA_BC;BC carbon tax;Taxas de Carbono;Extinto;British Columbia;;;35,813768404297655;39,9616368286445;48,030739673390975;58,94488653109343;;;;;1185,9201664402306;2288,1033976570466;1689,1336750949863;1963,0958124999468;1887,1958006124116;;0.5913346058337097;;;;;;;;;;;;;;;;;;;;;;;;;2008,0;False;;North America;High income;Subnacional - Estado/Província;55,001251;-125,002441
ETS_CA_BC;BC OBPS;Sistema  de comércio de licenças de emissão (ETS);Implementado;British Columbia;0,26;US$68 (CAN$95);19,896538002387587;19,98081841432225;18,47336141284268;58,94488653109343;66,21131865068301;68,40437788018433;2.438004032258064;US$ million (2025) (CAN$ million);;;;;;;;CO2, CH4, N2O, HFCs, SF6, PFCs;No;Yes;Yes;No;No;No;No;No;No;No;"Diesel; Other oil products; Gasoline; Kerosene; LPG; Natural gas; Jet fuel; Coal";Free allocation (Intensity-based), Set price;Set price trajectory;Point Source;Yes, with quantitative limit;"Starting in April 2024, the B.C. Output-Based Pricing System (B.C. OBPS) replaced the province’s carbon pricing mechanism for industrial operators, which had included the provincial carbon tax and a baseline-and-credit system under the CleanBC Program for Industry. The CleanBC Program for Industry had been in place since April 2019 and included the CleanBC Industrial Incentive Program (CIIP) and the CleanBC Industry Fund (CIF); the CIIP will be discontinued, and the CIF is under review and will continue under the new mechanism. The B.C. OBPS follows the Canadian federal carbon price path and ensures a price incentive for industrial emitters to reduce GHG emissions through a performance-based system. Facilities that emit under their annual emission limit earn credits. For facilities that emit over their emission limit, the B.C. OBPS provides flexible compliance options to meet compliance obligations. Flexible payment options include using earned credits, B.C. offsets, or making a direct payment. Banking is allowed. Borrowing is not allowed. 
";" British Columbia approved two new offset protocols in 2025. In August, the Carbon Capture and Sequestration Protocol (CCSP) was finalized. In November, the Refrigerants Offset Protocol (BCROP) was finalized. A review of all programs under CleanBC, including the OBPS, was finalized in November 2025 and recommended extending the policy to 2040.
";"Participation is mandatory for producers of certain regulated industrial products under the “Greenhouse Gas Industrial Reporting and Control Act” (GGIRCA) emitting ≥10,000 tCO2e/year. Industrial operations within regulated sectors under this threshold with annual emissions of <10,000 tCO2e/year are permitted to opt-in to the B.C. OBPS on a voluntary basis.

The BC OBPS covers energy utilities, electricity import operations, greenhouses, waste management, and remediation services";;Annual;A subset of B.C. OBPS offset types are recognized as compliance units under the Canadian (federal) output-based pricing system;Industry, Mining and extractives;0,0002883101071982;2016,0;False;;North America;High income;Subnacional - Estado/Província;55,001251;-125,002441
UND_BN;Brunei Darussalam Undecided;Sistema  de comércio de licenças de emissão (ETS);Em consideração;Brunei Darussalam;;;;;;;;;;;;;;;;;;;;;;;;;;;;;;;;;;;;;;;;;;2021,0;False;;East Asia & Pacific;High income;Nacional Indeciso;4,4137155;114,5653908
ETS_US_California;California CaT;Sistema  de comércio de licenças de emissão (ETS);Implementado;California;0,76;US$29 (US$29);17,94;30,82;29,84;38,59;29,27;29,05;0.6192865105908584;US$3,130 million (2025) (US$3,130 million);1698,31558631;3993,214129990001;4027,3622363700006;4720,55963813;4400,71319119;3130,0;0.8430025757466428;CO2, CH4, N2O, HFCs, SF6, PFCs, Other;Yes;Yes;Yes;Yes;No;Yes;Yes;No;No;No;"Diesel; Other oil products; Gasoline; Kerosene; LPG; Natural gas; Coal";Free allocation (Intensity-based), Auctioning;Price floor, Market stability reserve;Point Source, Upstream;Yes, with quantitative limit;"The California Cap-and-Invest Program requires covered entities to surrender allowances for all their covered emissions. Allowances are distributed via a combination of auction, free allocation, and free allocation with consignment. 
";California's Cap and Invest (formerly Cap-and-Trade) program was extended through 2045, through Assembly Bill 1207 (AB1207) passed in September 2025.  The bill reforms the program in various ways, including a change to usage limits for offsets and the removal of future allowances at an amount equal to offset usage. A formal rulemaking process to implement AB1207 commended in January 2026;"The scheme applies to GHG emissions (CO2, CH4, N2O, SF6, HFCs, PFCs, NF3, and other fluorinated GHGs) from the industry, power, transport, mining/extractives and buildings sectors, and includes industrial process emissions and fuel use in agriculture/forestry.

Facilities emitting ≥25,000 tCO2e per year are covered. All electricity imported from specified sources connected to a specific generator with emissions >25,000 tCO2e per year is covered. 

The program covers ~75% of the state’s GHG emissions, and around 400 facilities. ";Free allocation (Intensity-based), Auctioning;Other;California has been part of the Western Climate Initiative (WCI) since 2007 and formally linked its program with Québec’s in January 2014. ;Electricity and heat, Industry, Mining and extractives, Transport, Buildings, Agriculture, forestry and fishing fuel use;0,0056186460084237;2012,0;False;;North America;High income;Subnacional - Estado/Província;36,7014631;-118,755997
ETS_CA2;Canada ETS;Sistema  de comércio de licenças de emissão (ETS);Em desenvolvimento;Canada;;;;;;;;;;;;;;;;;;;;;;;;;;;;;;;;;;;"Draft regulations for ""Oil and Gas Sector Greenhouse Gas Emissions Cap"" were released in November 2024, proposing to establish a cap-and-trade system for upstream oil and gas and LNG production.";;;;;;;2024,0;False;;North America;High income;Nacional;61,0666922;-107,991707
Tax_CA;Canada federal fuel charge;Taxas de Carbono;Extinto;Canada;;;31,834460803820136;39,9616368286445;48,030739673390975;58,94488653109343;;;;;3191,657511755679;4787,351924114965;5667,452606021455;5733,721354245127;8854,502885721386;2420,6641446314584;-0.24156519434947446;;;;;;;;;;;;;;;;;;;;;;;;;2019,0;False;;North America;High income;Nacional;61,0666922;-107,991707
ETS_CA;Canada federal OBPS;Sistema  de comércio de licenças de emissão (ETS);Implementado;Canada;0,03;US$68 (CAN$95);31,834460803820136;39,9616368286445;48,030739673390975;58,94488653109343;66,21131865068301;68,40437788018433;1.1487525201612903;US$ million (2025) (CAN$ million);122,28287161030984;189,81129614582676;226,65200552786945;;;;;CO2, CH4, N2O, HFCs, SF6, PFCs;In principle;Yes;Yes;No;No;No;No;No;No;No;"Diesel; Other oil products; Gasoline; Kerosene; LPG; Natural gas; Coal";Free allocation (Intensity-based);Set price trajectory;Point Source;Yes, with quantitative limit;"The pan-Canadian approach to carbon pricing was adopted in 2016. The approach requires all Canadian provinces and territories to have a carbon pricing system in place that aligns with the federal standard. A federal carbon pricing backstop system comes into effect, in whole or in part in any province or territory that requested it or that does not have a price on carbon in place that meets the federal standard. The federal consumer fuel charge was eliminated on April 1, 2025, and currently a baseline-and-credit ETS for emissions-intensive and trade-exposed industrial facilities called the Output-Based Pricing System (OBPS) is the only federal backstop for large industrial emitters.

To comply with the national system, provinces need to implement systems that meet the minimum national carbon price. The minimum national carbon price was set at CAD 65 (USD 48.15) in 2023, increasing by CAD 15 (USD 11.11) each year to reach CAD 170 (USD 125.93) in 2030.  As cap-and-trade systems set maximum emissions levels rather than minimum carbon prices, for these systems the minimum carbon pollution price is translated into an equivalent cap on emissions.";The Canadian government is currently undertaking a process to update the carbon pricing benchmark, and to consult on potential changes to federal OBPS Regulations.;Coverage is mandatory for facilities in the EITE industrial and electricity sectors that emit equal to or more than 50,000 tCO2e per year. Smaller facilities with annual emissions equal to or more than 10,000 tCO₂e from sectors at risk of carbon leakage and adverse competitiveness impacts can opt in to participate voluntarily.;Set price ;Annual;The federal OBPS only applies in those jurisdictions that requested it or do not have a system in place that meets minimum national stringency criteria.;Industry, Mining and extractives;0,0004330622226951;2019,0;False;;North America;High income;Nacional;61,0666922;-107,991707
Tax_CAT;Catalonia carbon tax;Taxas de Carbono;Em consideração;Catalonia;;;;;;;;;;;;;;;;;;;;;;;;;;;;;;;;;;Catalonia introduced provisions in the Catalan Law on Climate Change in August 2017 for a carbon tax, which would apply to GHG emissions from large installations in the power, industry, agriculture and waste sectors, including EU ETS installations. Income from the tax would go to a Climate Fund to be used for climate-change mitigation and adaptation policies.;;Catalonia’s active carbon‑pricing instrument is the CO₂‑vehicle tax. Sectoral carbon budgets proposed by the Committee of Experts on Climate Change may guide future policy, potentially enabling new environmental taxes or expanded carbon-pricing beyond vehicles. Revenues continue funding the Climate Fund and Natural Heritage Fund for mitigation, adaptation, and sustainable mobility projects.;;;;;;2018,0;False;;Europe & Central Asia;High income;Subnacional - Estado/Província;41,8523094;1,5745043
Tax_CL;Chile carbon tax;Taxas de Carbono;Implementado;Chile;0,22;US$5 (US$5);5,0;5,0;5,0;5,0;5,0;5,0;0;US$89 million (2025) (US$116 million);165,0;168,0;171,0;139,0;140,0;88,98;-0.4607272727272727;CO2 ;Yes;Yes;Yes;No;No;No;Yes;No;No;No;"Coal; Diesel; Gasoline; Kerosene; Other oil products (crude oil, etc); Natural gas; LPG; Emissions not from fuel use; Non-fuel emissions ";Set price, no allocation of allowances.;;Downstream;Yes, unlimited, elegible offset type domestic, eligible standards CDM, Gold Standard, VCS, Cercarbono and Biocarbon. CAR is close to being recognized ;"The Chile carbon tax is a part of the tax on air emissions from contaminating compounds (impuesto destinado a gravar las emisiones al aire de compuestos contaminantes or ‘impuesto verde’). Chile established a carbon tax in 2014 as part of wider tax reforms to increase taxes for big businesses and lowering them for individuals. The carbon tax went into effect in 2017 and was later updated through amendments in 2020. Following this broader tax reform, which went into effect on January 1, 2023, the carbon tax applies to installations emitting 25,000 tCO2 or more, as well as to those that release more than 100 tons of particulate matter into the air each year. 
In October 2023, the Ministry of Environment launched an Emissions Offsets System (Sistema de Compensación de Emisiones del Impuesto Verde) to offset emissions under the carbon tax. Implementation started in 2023.";;Chile’s carbon tax applies to CO2 emissions from mainly the power and industry sectors. It applies to installations that emit 25,000 tCO2 or more, as well as to those that release more than 100 tons of particulate matter into the air each year. An exemption is provided to biomass energy generation. ;Set price, no allocation of allowances.;Annual;An emissions Offsets System is in place to offset emissions under the carbon tax.;Electricity and heat, Industry, Mining and extractives, Agriculture, forestry and fishing fuel use;0,0004972893925617;2017,0;False;;Latin America & Caribbean;High income;Nacional;-31,7613365;-71,3187697
ETS_CL;Chile ETS;Sistema  de comércio de licenças de emissão (ETS);Em desenvolvimento;Chile;;;;;;;;;;;;;;;;;;;;;;;;;;;;;;;;;;"In June 2022, Chile enacted its “Framework Law on Climate Change”, which sets a 2050 carbon neutrality goal and describes the national, regional, and local climate policies that Chile will implement to achieve it. These include Chile’s NDC, Long-Term Climate Strategy, Climate Change Financial Strategy, and sectoral mitigation and adaptation plans. 

Article 14 of the law mandates the Ministry of Environment to specify GHG emissions limits set by technology, sector, or activity. GHG emissions limits may be set as emissions benchmarks for individual installations or in aggregate, for a group of installations or a sector. If set in aggregate, GHG emissions limits could be akin to a cap. According to Article 15, installations that perform better than their benchmark will have their surplus emissions reductions certified, which may then be used by other regulated entities for compliance with their respective emissions limits. 

The specific design of the emissions limits system is not yet defined and could be implemented either as an ETS or a tradable performance standard. In November 2023, the Ministry of Environment published the “Draft Rules for the Development of GHG Emissions and Short-Lived Climate Pollutant Limits” for public consultation. The document specifies procedures and characteristics of the emission limits to be developed under the Framework Law. The draft law was approved in March 2024 and published in July 2025 as Supreme Decree DS No 12/2025

Based on Article 37 of the Law, which provides a basis for the development of market-based, fiscal, and financial instruments to address the negative impacts of GHG emissions, the country’s “2022-2026 Energy Agenda” states that a pilot ETS project for the energy sector will be developed. Work around this will be supported by the World Bank’s Partnership for Market Implementation.

Chile has had a carbon tax in place since 2017. The country’s “Long-Term Climate Strategy”, presented in October 2021, specifies that Chile will set an increasing trajectory for its carbon price between 2025 and 2030. It also specifies that the country seeks to have an integral carbon pricing portfolio to deliver coherent and predictable price signals. In line with this, the government launched its “National Energy Policy by 2050”, which states that carbon prices in Chile should reach USD 35/tCO2e by 2030 and USD 80/tCO2e by 2040.";Chile is expected to start a pilot ETS for the energy sector in  2026 or 2027, with initial participation being voluntary only.;;;;;;;2016,0;False;;Latin America & Caribbean;High income;Nacional;-31,7613365;-71,3187697
ETS_CN;China national ETS;Sistema  de comércio de licenças de emissão (ETS);Implementado;China;0,52;US$12 (RMB80);;9,199849028118514;8,153162990463711;12,573079208878692;11,764624951846349;11,56390387159618;0.2569666998069364;US$ million (2025) (RMB million);;;;;;;;CO2;Yes;Yes;No;No;No;No;No;No;No;No;"Diesel; Other oil products; Gasoline; Kerosene; LPG; Natural gas; Waste as fuel; Coal";Free allocation (Intensity-based);;Point Source;Yes, with quantitative limit;"China’s national ETS began operating in 2021. It regulates more than 3300 companies from the power (including combined heat and power, as well as captive power plants in other sectors), steel, cement, and aluminum sectors with annual emissions of more than 26,000 tCO2e. Covered entities must surrender allowances for all their covered emissions, and allocation is based on intensity, with allowances freely allocated using benchmarks and based on actual production levels. Compliance obligations are currently limited and vary between different types of power generation. The system’s coverage will expand to  key industrial emitters by 2027. 
 
The national ETS builds on the experience of pilot and subnational carbon markets implemented in eight regions. These systems continue to operate in parallel with the national ETS, covering sectors and entities not included in the national system. As the national system expands, entities covered by regional systems are expected to be integrated into it.";"In August, China released new Guidelines for GHG Inventory Compilation, replacing the previous version that had been in place for 15 years and laying the groundwork for the new NDC and ETS expansion in additional sectors.

In November, China released 2024-2025 Allowance Allocation Plan for Steel, Cement, Aluminum Sectors in the National ETS, providing clarity for 1,334 covered entities on participation and full integration into the national ETS compliance cycle.

From November to December, China released eight more methodologies for the Voluntary Greenhouse Gas Emission Reduction Projects (the CCER) for oilfield gas, biogas, agricultural waste,  NbS projects and relative areas.";The ETS  initially only applied to CO2 emissions from the power sector, including combined heat and power and captive power plants from other sectors. Since 2025, China ETS covers power (including CHP and captive plants), steel, cement, and aluminum smelter sectors including compliance year 2024 emissions.;"Baselines (Intensity-based)
";Annual;Under the national ETS work plan, the eight pilot ETSs operating in China will gradually be integrated into the national ETS. ;Electricity and heat, Industry;0,1522367580382017;2021,0;False;;East Asia & Pacific;Upper middle income;Nacional;35,0000663;104,999955
ETS_CN_Chongqing;Chongqing pilot ETS;Sistema  de comércio de licenças de emissão (ETS);Implementado;Chongqing;0,14;US$5 (RMB36);3,7145813677450774;5,661445555765239;4,658950280264977;5,9886943181347005;5,510153541357107;5,2134975211898285;0.4035222290351019;US$3 million (2025) (RMB23 million);;;;;3,136655793660629;3,136655793660629;0;CO2, CH4, N2O, HFCs, SF6, PFCs;No;Yes;No;No;No;No;No;No;Yes;No;"Diesel; Other oil products; Gasoline; Kerosene; LPG; Natural gas; Coal";Free allocation (Grandfathering), Free allocation (Intensity-based);;Point Source;Yes, with quantitative limit;The Chongqing pilot ETS  is a cap-and-trade emissions trading scheme. Auctioning was introduced in 2021. While the scheme implemented absolute caps until 2021, a revision of the scheme in 2022 changed the allocation approach such that there are no longer absolute caps and allocation is determined on a bottom up intensity basis.;"In September 2024, Chongqing EEB published the allocation plan for the compliance year 2023. In this plan, it introduced a “synergies mechanism for reducing pollution and carbon emissions,” rewarding entities that achieve emission reduction and air pollution control with a 0.3 to 0.5% increase in their allowance allocation. 

In addition, Chongqing became the fifth city in China to implement the “electricity and carbon synergy” policy and allowed entities to offset up to 8% of the shortfall in allowance with eligible non-fossil energy purchases outside of the city (see ‘Offset Credits’ section). ";The coverage threshold for the scheme is 26,000 tCO2 per year or energy consumption of 10,000 tonnes of coal equivalent (tce) per year. The scheme applies to GHG emissions (CO2, CH4, N2O, HFCs, PFCs, SF6) from the industrial sectors.;Free allocation (Grandfathering), Auctioning;Annual;The Chongqing pilot ETS is to be merged into the national ETS under unified rules and a detailed transition plan is under development.;Industry, Waste;0,0005526637361661;2014,0;False;;East Asia & Pacific;Upper middle income;Subnacional - Município;30,05518;107,8748712
Tax_MX_Colima;Colima carbon tax;Taxas de Carbono;Implementado;Colima;0,54;US$33 (MXN587);;;;;27,7866464951102;32,93060179544906;0.18512328579283835;US$0 million (2025) (MXN0 million);;;;;;;;CO2, CH4, N2O, HFCs, SF6, PFCs, Other ;Yes;Yes;Yes;No;No;Yes;Yes;No;No;No; Not specified;Set price;Formula- based price ;Point source;Yes, with quantitative limits;"In November 2023, the Director General of IMADES (Institute for the Environment and Sustainable Development of the State of Colima) announced the government’s interest in developing a ‘green tax’ with the aim of encouraging a low-carbon economy and reducing emissions of greenhouse gases in the State.

On December 3, 2024, the Congress of Colima approved the implementation of the carbon tax to take effect in 2025. 

The tax applies to facilities in the state whose production processes generate greenhouse gases and compounds. 

The tax rate is set to be the equivalent to five times the daily value of the Unit of Measurement and Update (UMA) per ton of carbon dioxide equivalent (CO2e) emitted. 

The measure targets fixed sources of emissions within the state, allowing up to 50% of the tax to be offset with emission reductions from projects certified under recognized carbon standards.

Tax incentives will be granted to entities that achieve up to a 20% reduction in emissions during a fiscal year. 

This initiative aims to discourage environmentally harmful behaviors and activities.";No changes;The tax applies at the time that the subjects make emissions into the atmosphere of Greenhouse Gases and Compounds. The determination will be made through a direct measurement or estimation of the emissions into the atmosphere of greenhouse gases and compounds that are generated. The tax applies to natural and legal persons, as well as federal, state, municipal government institutions and decentralized and deconcentrated organizations, whose processes derived from their economic activity generate emissions of Greenhouse Gases and Compounds into the atmosphere.;Set price;Annual;Subjects participating in the National ETS are exempted from the tax.;Electricity and heat, Industry, Mining and extractives, Buildings, Agriculture, forestry and fishing fuel use;0,0;2024,0;False;;Latin America & Caribbean;Upper middle income;Subnacional - Estado/Província;19,166667;-104,0
Tax_CO;Colombia carbon tax;Taxas de Carbono;Implementado;Colombia;0,2;US$8 (COP29,070);4,60567688277213;5,013271991970245;5,0353416213237825;6,6785467441529365;6,536619116808505;7,910337414965987;0.7175189698077129;US$85 million (2025) (COP345,537 million);29,6660755774402;89,20358425699195;99,59695996012104;132,9819658318221;135,470405808905;85,25176905206942;1.87371239345523;CO2, CH4, N2O;In principle;Yes;Yes;Yes;Yes;Yes;Yes;No;No;No;"Coal; Diesel; Other oil products; Gasoline; Kerosene; Natural Gas; LPG; Jet fuel.";Set price;The price is set by the Government, with the price fixed, except for coal where the rate is set to increase gradually.;Upstream;Yes, with quantitative limits;"The Colombia carbon tax (Impuesto Nacional al Carbono) was adopted as part of a structural tax reform and launched in 2017. It is a tax on the carbon content of liquid and gaseous fossil fuels, including all petroleum derivatives, used as propellant, in stationary combustion, or for heating. Apply to solid fuels including coal (with exceptions) and applies to natural gas only when used in refineries or the petrochemical industry. The tax is recalculated annually (on February 1st) to take inflation into account.
 
A December 2022 Law change (Law 2277) expanded the taxable base to include the domestic sale, import, and consumption of thermal coal excluding coal exports and coal used in coking plants, with a gradual implementation period until 2028. The percentage of allowable offsets included in the carbon tax reform is 50%.";"In September 2024, the Ministry of Finance introduced a draft bill proposing a nearly threefold increase in the tax rate. Under the proposal, the rate would rise to COP 75,000.00, significantly exceeding the current practice of annual adjustments by one percentage point above inflation.  The bill has not been approved by Congress.

One of the considerations in 2025 is the gradual inclusion of coal in the tax system. Coal will be taxed at 25% of the full statutory rate, gradually increasing to 50% in 2026, 75% in 2027 and the full rate from 2028. This represents a broadening of the tax base. ";The Colombia carbon tax applies to GHG emissions from all sectors with some exemptions. The tax covers all liquid, gaseous fossil fuels used for combustion, and coal.;Set price;Other;The law that established Colombia’s carbon tax (Law 1819 from 2016, modified by Law 2277 from 2022) also established a Carbon Tax Exemption Mechanism (Mecanismo de No Causación) for those who offset emissions, limited to 50% of fuel consumption.;Industry, Mining and extractives, Transport, Aviation, Buildings, Agriculture, forestry and fishing fuel use;0,0008178900283127;2017,0;False;;Latin America & Caribbean;Upper middle income;Nacional;4,099917;-72,9088133
ETS_CO;Colombia ETS;Sistema  de comércio de licenças de emissão (ETS);Em desenvolvimento;Colombia;;;;;;;;;;;;;;;;;;;;;;;;;;;;;;;;;;"In 2018, Colombia adopted a law for climate change management, which outlines basic provisions for the establishment of an ETS, or the “National Program of Tradable GHG Emission Quotas” (Programa Nacional de Cupos Transables de Emisión de Gases de Efecto Invernadero – PNCTE).
Covered entities will have to surrender allowances for all their covered emissions. The Ministry of Environment and Sustainable Development (Minambiente) will determine the number of allowances in line with Colombia’s national mitigation targets. Minambiente is also in charge of allocation, which will take place primarily via auctions. Non-compliance is to be punishable by a fine of up to double the auction price. Auction revenues, as updated by Article 262 of Law 2294 of 2023, will now be allocated to the “Fund for Life and Biodiversity” (formerly the “Fund for Sustainability and Climate Resilience”). These funds are designated for purposes set by the national carbon tax, as well as for administering the PNCTE and the Mandatory Emissions Report under Law 2169 of 2021. The Climate Change law also includes crediting provisions: voluntary actions of non-regulated entities that generate GHG emissions reductions or removals may be issued allowances if they are verified, certified, and registered in the National Emission Reductions Registry (Registro nacional de reducción de emisiones de GEI – Renare), and deemed eligible for the program.
The PNCTE will complement Colombia's revised carbon tax, according to Resolution 12 of 2023 by the National Directorate of Taxes and Customs. The 2018 “Climate Change Management Law” states that the government may recognize tonnes paid through the carbon tax as part of the compliance obligation of regulated entities under the PNCTE. 
The ETS design is currently being analyzed by the government. The 2021 “Climate Action Law” (Ley de Acción Climática) sets a goal to fully implement the ETS by 2030. This has also set an obligation for legal persons to report direct and indirect GHG emissions, following criteria to be set by Minambiente. It also appoints an independent group of experts (the Study Commission) to provide recommendations and promote and develop carbon markets in Colombia. These recommendations are to be considered by the environment and finance ministries.  ";"Colombia's ETS, known as the “National Program of Tradable GHG Emission Quotas” (Programa Nacional de Cupos Transables de Emisión de Gases de Efecto Invernadero – PNCTE), is expected to commence a preliminary phase in 2027, with full implementation by 2030.

 PNCTE regulatory framework remains under development following the 2024 public consultation.";;;;;;;2016,0;False;;Latin America & Caribbean;Upper middle income;Nacional;4,099917;-72,9088133
ETS_US_CO;Colorado GHG crediting trading system;Sistema  de comércio de licenças de emissão (ETS);Implementado;Colorado;0,03;US$25 (US$25);;;;;;24,91;;US$0 million (2025) (US$0 million);;;;;;0,068739;;CO2, CH4, N2O, SF6, HFCs, PFCs, NF3;No;Yes;In principle;No;No;No;No;No;No;No;"Diesel; Gasoline; Kerosene; LPG; Natural gas; Coal";Free allocation (Output-based benchmarking);None (baseline-and-credit structure, no price corridor);Point Source;Not permitted;"In October 2023, the Colorado Air Quality Control Commission (AQCC) adopted regulations establishing an ETS covering large in-state manufacturers, beginning with the first compliance year in 2024

The GHG credit trading system is established by the start of December 2024. The first auction took place on 30 June 2025. ";Colorado adopted a rule in December 2024 which expanded the coverage of its Greenhouse Gas Emissions and Energy Management (GEMM) regulation to include oil and gas midstream fuel combustion equipment, such as engines, turbines, and heaters. In May 2025 facilities were issued their first credits based on their GHG emissions relative to 2030 emission reduction obligations. A first auction for all regulated entities was held in June 2025, with a total of 2,760 credits auctioned.;"EITE manufacturers ≥25k tCO₂e with intensity-based limits; GEMM 2 for manufacturing facilities ≥25k tCO₂e with absolute reduction targets";Free allocation, Output-based benchmarking;Annual;;Industry;7,214537397999133e-08;2025,0;True;;North America;High income;Subnacional - Estado/Província;38,7251776;-105,607716
Tax_CD;Côte d’Ivoire carbon tax;Taxas de Carbono;Em consideração;Côte d’Ivoire;;;;;;;;;;;;;;;;;;;;;;;;;;;;;;;;;;Côte d’Ivoire is developing a carbon pricing strategy aimed at reducing greenhouse gas emissions and mobilizing climate finance. While no formal carbon tax is currently in place, the initiative includes fuel excise adjustments, preparation for a carbon tax framework, and participation in international carbon credit programs—particularly through forestry-based emissions reduction projects—allowing the country to generate revenue while supporting its climate goals.;"•	Côte d’Ivoire received a US$15 million carbon payment in June 2025 from the World Bank’s Forest Carbon Partnership Facility, bringing total payments to US$50 million for verified emissions reductions.
•	The country signed a US$23 million private-sector deal with Emergent for high-integrity REDD+ forest carbon credits, managed through its Carbon Market Bureau (BMC).
•	A pilot biodiversity credit market was launched in April 2025, expanding the country’s climate-finance strategy beyond carbon.
•	IMF-backed reforms continued, supporting the planned carbon tax framework and strengthening climate-finance governance.";"
Côte d’Ivoire’s carbon pricing initiative is expected to target primarily fossil fuel combustion (transport fuels, diesel, gasoline, heavy fuel oil), energy generation, and large industrial facilities, focusing on Scope 1 CO₂ emissions. Small-scale facilities and households are likely to be exempt, while forestry and nature-based projects generate carbon credits rather than being taxed. Future expansions may include other greenhouse gases (CH₄, N₂O) and indirect emissions (Scope 2).";;;;;;2018,0;False;;Sub-Saharan Africa;Lower middle income;Nacional;7,9897371;-5,5679458
Tax_DK;Denmark carbon tax;Taxas de Carbono;Implementado;Denmark;0,64;US$116 (DKK (Øre)750);27,9197055570662;26,367407209304513;26,293066547354577;28,399509980543343;1,0843478009426597;116,475905017782;3x;US$2,054 million (2025) (DKK13,600 million);557,9203733100761;547,787188576643;476,9541504115116;476,3776025323189;506,92717679261807;2053,814443729456;3x;CO2, CH4, N2O, HFCs, SF6, PFCs ;Yes;Yes;Yes;Yes;In principle;Yes;Yes;No;No;No;"Diesel; Other oil products; Gasoline; Kerosene; LPG; Natural gas; Waste as fuel; Jet fuel; Coal ";Set Price ;Set Price ;Upstream, Point source ;Not permitted ;The Danish carbon tax was introduced to provide an economic incentive to consume less energy from carbon-intensive sources. It was introduced gradually as part of a package, which includes subsidies for green investments. The tax complements the EU ETS, covering both the fuel-use captured and not captured under the ETS. The tax rate for each fuel is calculated based on volume, weight or calorific value of fuel used, with rates for each fuel set to align with the nominated /tCO2-e price. The tax is indexed annually to take inflation into account.     ;"Denmark’s 2022 green tax reform introduced a new, higher carbon tax from 2025 covering fuels and industry. Non ETS companies pay DKK 750/t CO₂ and ETS covered companies DKK 375/t CO₂e (2022-prices). The reform represents the first phase of a broader plan to cover most emissions (~89% of total GHGs) by 2035. Revenues from the tax support Denmark’s climate policy objectives and emissions reduction targets. In November 2024, Denmark approved a new carbon tax on livestock emission to be effective by 2030. Denmark will implement CO2 emission taxes starting at 300 DKK (approx. $42) per tonne of CO2e in 2030, rising gradually to 750 DKK (approx. $106) by 2035. Farmers will receive a 60% tax reduction calculated using average emission levels for different livestock categories, rewarding those who reduce their emissions. With this tax reduction applied, farmers will effectively pay 120 DKK (about $17) per tonne of CO2e in 2030, increasing to 300 DKK by 2035. The money collected from this tax will be used to support the deployment of environmentally friendly technologies and programs throughout Denmark's farming industry.  From 1 January 2025, Denmark implements a new air passenger tax on flights departing Danish airports. The tax rate depends on flight distance: for 2025, intra Europe flights carry a rate of DKK 30 per passenger; medium  and long haul flights are subject to higher, distance based rates. Airlines are required to register for the tax by 15 January 2025 and to report and pay the tax monthly.  Revenue from the tax is earmarked to support Denmark’s climate and “green aviation” goals under the policy framework that approved the tax.";The Danish carbon tax applies to all GHG emissions from fossil fuels in all sectors. ;Set Price ;Monthly ;;Electricity and heat, Industry, Mining and extractives, Transport, Buildings, Agriculture, forestry and fishing fuel use;0,0003164351321342;1992,0;False;;Europe & Central Asia;High income;Nacional;55,670249;10,3333283
ETS_DO;Dominican Republic ETS;Sistema  de comércio de licenças de emissão (ETS);Em consideração;Dominican Republic;;;;;;;;;;;;;;;;;;;;;;;;;;;;;;;;;;The Dominican Republic is currently in the design phase of a pilot ETS. The development is led through the National Council for Climate Change and Carbon Market (CNCCMC);No recent developments;;;;;;;;False;;Latin America & Caribbean;Upper middle income;Nacional;19,0974031;-70,3028026
Tax_MX_Durango;Durango carbon tax;Taxas de Carbono;Implementado;Durango;0,34;US$6 (MXN100);;;;6,035986551821963;4,911904984109988;5,614287238163679;-0.06986419039170882;US$3 million (2025) (MXN54 million);;;;;6,118594198352635;2,8298883128055876;-0.5374937083476619;CO2, CH4, N2O HFCs, SF6, PFCs ;Yes;Yes;Yes;No;No;Yes;Yes;No;No;No; Not specified;Set price;Introductory set price;Point source;Not permitted;"In 2022, the State of Durango approved a carbon tax (Impuesto de la Emisión de Gases a la Atmósfera) on the emissions of greenhouse gases. The tax applies to direct and indirect emissions of CO2, CH4, N2O HFCs, SF6, PFCs, and black carbon. The tax proposal was presented in November 2022, as part of a series of ecological taxes for the State.  

The carbon tax is set at a rate of 100 MXN per tonne of CO2e emitted. Taxpayers are required to make monthly payments on account of the tax. 
 
In 2023, the government invited companies from various sectors to complete a form declaring their emissions. Workshops were organized to address companies' questions due to limited records.  

The carbon tax entered into force in 2024.";Not specified;The carbon tax applies to direct and indirect emissions of CO2, CH4, N2O HFCs, SF6, PFCs, and black carbon emissions from all sectors. Fixed installations or sources of federal, state or municipal jurisdictions, that release emissions within the State of Durango are subject to pay the tax, including natural or legal persons, boards, committees or trusts constituted by entities of the federal, state and municipal public administration, and particulars.;Set price;Monthly;Not specified;Electricity and heat, Industry, Mining and extractives, Buildings, Agriculture, forestry and fishing fuel use;0,0;2024,0;False;;Latin America & Caribbean;Upper middle income;Subnacional - Estado/Província;24,833333;-104,833333
Tax_EE;Estonia carbon tax;Taxas de Carbono;Implementado;Estonia;0,1;US$2 (€2);2,3492;2,2104;2,175;2,1498;26,97;2,321;-0.012004086497531074;US$2 million (2025) (€2 million);1,6182793413102097;2,0227672173793545;1,6562985288239072;1,7032373848238842;2,1636417486424544;2,2544248008872736;0.3930999076228833;CO2;Yes;Yes;Yes;No;No;No;No;No;No;No;"Diesel; Other oil products; Gasoline; Kerosene; LPG; Natural gas; Coal";Set price;Set price;Point source;Not permitted;The Estonia carbon tax is part of the Environmental Charges Act (keskkonnatasude seadus), which aims to limit environmental pollution. The tax strengthens and complements incentives created under the EU ETS, adding additional carbon costs to thermal generators including district heating combustion emissions.  ;As of 1 July 2024, Estonia’s carbon/pollution charge for fuel combustion was raised to €25 per tonne CO₂, applying to non‑ETS installations, including heat producers under the District Heating Act. Installations regulated under the EU Emissions Trading System remain exempt. No further changes to the rate or coverage have been adopted in 2025, so the €25/t CO₂ charge remains in force.;The Estonia carbon tax applies to direct (scope 1) CO2 emissions from combustion of all fossil fuels used to generate thermal energy in the industry and power sectors. Fuel use in industrial installations (not thermal generators) covered by the EU ETS is exempt. ;Set price;Quarterly;Thermal energy generators covered under the EU ETS pay the carbon tax for the emission of CO2. Other operators covered by the EU ETS are exempt from the carbon tax.   From 01.07.2024 also the thermal energy generators covered under the EU ETS are exempt from the carbon tax.;Electricity and heat, Industry, Mining and extractives;2,3899820907217168e-05;2000,0;False;;Europe & Central Asia;High income;Nacional;58,7523778;25,3319078
ETS_EU;EU ETS;Sistema  de comércio de licenças de emissão (ETS);Implementado;EU27+;0,36;US$85 (€73);49,779548000000005;86,526108;96,29812499999998;61,301547;73,89779999999999;84,89057500000001;0.7053303698137235;US$48,752 million (2025) (€43,250 million);21832,40838931302;36739,27194064807;40760,85498567531;47104,629536227934;41987,047715292734;48751,93631918729;1.2330077126558059;CO2, N2O, PFCs, and additional coverage in certain industries;Yes;Yes;Yes;Yes;Yes;No;No;No;No;No;"Diesel; Other oil products; Gasoline; Kerosene; LPG; Natural gas; Jet fuel; Coal";Free allocation (Intensity-based), Auctioning;None (Market stability reserve, no direct corridor);Point Source;Not permitted;Operational since 2005, the European Union Emissions Trading System (EU ETS) is the oldest cap-and-trade system in force. It is a cornerstone instrument of the EU’s policy framework to combat climate change under the “European Green Deal” and reduce GHG emissions cost-effectively. The EU ETS is currently in its fourth trading phase (2021 to 2030). Every year, covered entities must surrender allowances for their emissions under the EU ETS. Auctioning is the main method of distributing allowances, with free allocation, based on benchmarks, used to address carbon leakage. ;The definitive phase of EU CBAM commenced in January 2026. The first payments from CBAM are due by September 30,2027. In July 2026 the European Commission will discuss potential reforms to the EU ETS, including potential changes to the Market Stability Reserve and measures to preserve competitiveness.;"The EU ETS applies to direct (scope 1) emissions from activities in the power sector, manufacturing, industry, and intra-EU aviation (including flights from the EEA to the United Kingdom). The EU ETS covers CO2 emissions, and emissions of other gases from certain activities. Each sector or activity has a specific threshold for participation.

Recent reforms to the scheme expanded its scope to maritime transport, and introduced a new, separate emissions trading system for buildings, road transport and additional sectors (EU ETS 2)";Free allocation (Intensity-based), Auctioning;Annual;The EU ETS has been linked with the Switzerland ETS since 2020. Several countries that participate in the EU ETS also have domestic mechanisms.;Electricity and heat, Industry, Mining and extractives, Transport, Aviation;0,0219703233056444;2005,0;False;;Europe & Central Asia;High income;Regional;50,0491699;1,4175744
ETS_EU2;EU ETS2;Sistema  de comércio de licenças de emissão (ETS);Em desenvolvimento;EU27+;;;;;;;;;;;;;;;;;;;;;;;;;;;;;;;;;;"In July 2021, the European Commission proposed the “Fit for 55” package of reforms to align EU climate and energy policy with the objectives of the “European Green Deal”, most importantly the ambitious 2030 climate target of reducing net emissions to at least 55% below the 1990 level. The package included important amendments to the EU ETS framework, including a proposal to extend emissions trading to new sectors. These amendments were adopted in the first half of 2023 and are now in force. 
 
A new, separate emissions trading system (ETS 2) will be established for emissions from fuels used for combustion in buildings, road transport and additional sectors (mainly small industry not covered by the existing EU ETS). The ETS 2 will complement other policies of the European Green Deal in the covered sectors, helping Member States achieve their emission reduction targets under the “Effort Sharing Regulation” (Regulation (EU) 2018/842).   
 
The ETS 2 is based on the ‘cap-and-trade’ principle. It will cover emissions upstream, meaning the obligation to surrender allowances will fall on the fuel suppliers rather than end-consumers. The ETS 2 cap will be set to bring emissions down by 42% by 2030 compared to 2005 levels.  
 
The ETS 2 is due to become fully operational in 2028, following a decision in September 2025, finalized in March 2026, to delay implementation by one year.
  
A share of revenues from the ETS 2 will be used to support vulnerable households and micro-enterprises through a dedicated Social Climate Fund, created as part of the “Fit for 55” package. Member States will be required to use the remaining ETS 2 revenues for climate action and social measures.  ";In September 2025, there was a provisional agreement by the EU Council and European Parliament to delay full operationalization of EU ETS 2 until 2028. The decision was adopted in 2026;;;;;;;2023,0;False;;Europe & Central Asia;High income;Regional;50,0491699;1,4175744
Tax_FI;Finland carbon tax;Taxas de Carbono;Implementado;Finland;0,45;US$60 (€51);90,4442;85,1004;83,7375;99,98486304394962;66,8856;59,53365;-0.3417637615236798;US$1,127 million (2025) (€1,000 million);1479,2440739582055;1656,066727679004;1650,3619749571549;2085,032914164882;1384,7307191311709;1127,2124004436366;-0.23798079012923956;CO2, CH4, N2O;No;Yes;Yes;Yes;No;Yes;Yes;No;No;No;"Diesel; Other oil products; Gasoline; Kerosene; LPG; Natural gas; Jet fuel; Coal";Set price;Fixed price;Upstream;Not permitted;Finland introduced its carbon tax (official name: Hiilidioksidivero) in 1990, making it the first country to introduce a carbon tax. The carbon tax is a component of the energy tax (official name: Energiavero), which also includes components-based energy content and a contribution to maintaining the security of supply. The base of the carbon tax is the lifetime CO2 emissions of a product. The tax strengthens incentives created under the EU ETS, adding additional carbon costs to fuel-use emissions and capturing additional emissions not captured under the ETS.  ;The carbon tax on transportation fuels was reduced from €62/tCO2 to €56.8/tCO2 from the start of 2026 . From 2027 onwards carbon tax on transportation fuels reduces to €51.3/tCO2.;The Finland carbon tax applies to direct and indirect (lifecycle) CO2 emissions from energy products in motor fuel or heating use. The tax covers all fossil fuels except for peat. Fuels used in electricity generation are exempted. ;Set price;Monthly;EU ETS and carbon taxation partly overlap in Finland. The tax reduction for Combined heat and power (CHP) plants is intended to reduce the double-taxation associated with the overlap. ;Industry, Mining and extractives, Transport, Buildings, Agriculture, forestry and fishing fuel use;0,000356813047805;1990,0;False;;Europe & Central Asia;High income;Nacional;63,2467777;25,9209164
Tax_FR;France carbon tax;Taxas de Carbono;Implementado;France;0,41;US$52 (€45);52,38716000000001;49,29192;48,5025;47,94054;48,11448;51,758300000000006;-0.012004086497531131;US$7,778 million (2025) (€6,900 million);9344,993379396989;8990,07652168602;8097,459474250213;8326,938325805657;7897,292382544958;7777,765563061093;-0.16770775031164584;CO2;No;Yes;Yes;Yes;No;Yes;In principle;No;No;No;"Diesel, Other oil products; Gasoline, Kerosene, LPG, Natural gas, Coal";Set price;The price is set by the Government ;Upstream;Not permitted;"There are two main mechanisms for effective carbon pricing in France: the excise tax on fossil fuels and the European Union Emissions Trading System (EU ETS). In addition to these, there are three other mechanisms: the European market for fluorinated gas quotas, as well as the waste and emissions components of the general tax on polluting activities (TGAP). These mechanisms sometimes overlap for the same product. 
The French carbon tax (Contribution Climat-Énergie or CCE) is attached to the domestic excise taxes on energy consumption (fraction perçue en métropole sur les produits énergétiques, l’électricité et le gaz ), increasing their overall rate. These excise taxes are added to the final price of petrol, diesel, heating oil or natural gas, so are paid by individuals and businesses. ";"The Contribution Climat-Energie (CCE) remains unchanged.
Nevertheless, the total effective carbon pricing in France has increased in early 2025, compared with the 2024 level 
 (average effective price of ≈ €91/tCO₂‑eq in 2024 and€97/ tCO₂‑eq for the first six months of 2025).  About 27% of emissions are untaxed, mainly in agriculture and international aviation. The government is also engaging in international carbon‑pricing tools like CBAM, but no domestic carbon‑tax reforms or 2025 revenue figures have been officially published.";The French carbon tax applies to CO2 emissions from all fossil fuels in mainly the industry, buildings and transport sectors, with some exemptions for these and other sectors.;Set price;Quarterly;Operators covered by the EU ETS are subject to a level of fuel excise tax rate in place before the introduction of the carbon tax scheme, except for non-commercial aviation.;Industry, Mining and extractives, Transport, Buildings;0,0029137228008371;2014,0;False;;Europe & Central Asia;High income;Nacional;46,603354;1,8883335
ETS_CN_Fujian;Fujian pilot ETS;Sistema  de comércio de licenças de emissão (ETS);Implementado;Fujian;0,16;US$3 (RMB21);1,2463097665642024;1,8258161917342897;4,658950280264977;3,746907522839413;4,727312751086897;3,009464547926086;1.4147002845227696;US$ million (2025) (RMB million);;0,1938292465253371;0,1855381719043633;;;;;CO2;No;Yes;Yes;No;Yes;No;No;No;No;No;"Diesel; Other oil products; Gasoline; Kerosene; LPG; Natural gas; Coal";Free allocation (Grandfathering), Free allocation (Intensity-based);;Point Source;Yes, with quantitative limit;"The province of Fujian launched its ETS in September 2016. It covers around half of the province’s emissions and nearly 300 entities.

Covered entities must surrender allowances for all their covered emissions, and allocation is based predominantly on free allocation, using benchmarking or grandparenting based on production levels. Auctioning may take place when considered appropriate by the ETS authorities. The Fujian ETS pilot has a special focus on carbon sinks. In 2017, the Fujian government outlined a plan to promote forestry offset projects in the province. By the end of 2024, 4.1 million forestry offset credits had been traded in Fujian pilot ETS.";In November 2025, the Department of Ecology and Environment of Fujian  Provincial (EEB) released the draft allocation plan for 2024. The draft plan slightly reduced benchmarks and changes to the base year for the grandparenting method. ;"The scheme covers the petrochemical, chemical, building materials, nonferrous metals, paper, aviation, and ceramics sectors. Electricity production was covered until 2019, after which it transitioned to the Chinese national ETS. From 2024 onwards, iron and steel cement, and aluminum sectors were integrated into the Chinese national ETS.
";"Free allocation (Grandfathering), Free allocation (Intensity-based), Auctioning,
";Annual;The Fujian pilot ETS is to be merged into the national ETS under unified rules and a detailed transition plan is under development.;Industry, Mining and extractives, Aviation;0,0009585620508997;2016,0;False;;East Asia & Pacific;Upper middle income;Subnacional - Estado/Província;26,193218;118,2208721
ETS_DE;Germany ETS;Sistema  de comércio de licenças de emissão (ETS);Implementado;Germany;0,42;US$64 (€55);29,365;33,156;32,625;48,3705;48,546;63,82750000000001;1.1735910097054318;US$18,227 million (2025) (€16,170 million);;8497,73166977672;6733,45590755698;11614,577390420429;14028,099381142183;18227,024515173605;1.144928225964156;CO2;No;In principle;Yes;Yes;No;Yes;Yes;No;Yes;No;"Diesel; Other oil products; Gasoline; Kerosene; LPG; Natural gas; Coal";Set price;Fixed price;Upstream;Not permitted;"Germany launched its national ETS (Nationales Emissionshandelssystem) for heating and transport fuels in 2021. With the introduction of the ETS, a wide range of sectors in Germany are now subject to a carbon price.  
 
The national ETS complements the EU ETS by covering all fuel emissions not covered by the bloc’s system. It is being phased in gradually, with an increasing fixed price per tCO2 from 2021 to 2025. In 2026, allowances are auctioned within a price corridor of EUR 55 to EUR 65/tCO2, with an additional fixed-price option of EUR 68/tCO2 available after the auctioning period if the cap is exceeded.

During the fixed price and price corridor phases, the cap is flexible. Covered entities must surrender allowances for all their covered emissions, and allocation is based on auctions or free allocation. 
 
The national ETS was established through the 2019 “Fuel Emissions Trading Act” 2019, which was amended in 2020, 2022 and again in 2023. 
";A law passed by the German parliament in February 2025 will transition the German ETS (nETS) into the EU ETS 2 once the supranational system enters full operation. Following the EU's November 2025 decision to postpone the EU ETS 2 start by one year, the nETS will now continue through 2027 and end in 2028. The waste sector (added to the nETS in 2024) and fuel use in agriculture and forestry are not being opted into the EU ETS 2 and will remain under the nETS until further notice.;"All main fuel types (gasoline, diesel, heating oil, natural and liquid gases) have been covered from the outset, while other fuels such as coal and the incineration of waste will gradually be phased in by the end of 2024.

 Emissions from biogenic fuels that meet the sustainability criteria as set out in national regulations transposing the “European Renewable Energy Directives 2029/28/EC” and “2018/2001” do not face compliance obligations. 

The system started with a limited scope in 2021 and 2022, including fuel oil, LPG, natural gas, gasoline, and diesel. Coal was added in 2023. Fuels used in waste incineration are covered from 2024 onwards. ";Set price;Annual;"The German national ETS is not linked with any other system. Emissions from facilities covered by the EU ETS are exempt.
";Mining and extractives, Transport, Buildings, Agriculture, forestry and fishing fuel use, Waste;0,0053232213141933;2021,0;False;;Europe & Central Asia;High income;Nacional;51,1638175;10,4478313
Tax_MX_Guanajuato;Guanajuato carbon tax;Taxas de Carbono;Implementado;Guanajuato;0,36;US$6 (MXN100);;;;2,716193948319883;4,911904984109988;5,614287238163679;1.0669684657962026;US$3 million (2025) (MXN58 million);;;;1,0135867550489328;1,8402218354598976;3,037815448206439;1.997094657240053;CO2, CH4, N2O, HFCs, PFCs, other;Yes;Yes;Yes;No;No;Yes;Yes;No;No;No;"Diesel; Other oil products; Gasoline; Kerosene; LPG; Natural gas; Jet fuel; Coal";Set price;Exemption for the first 35 tCO2e emitted/year;Point source; Not specified;"In November 2022 the State of Guanajuato approved a carbon tax set to be implemented in January 2023. In December 2022, the implementation was delayed until June 2023.

The tax rate was initially set at MXN 250 per tCO2e. In May 2023, a Decree (Decreto Legislativo 204) reduced the tax rate to MXN 45 per tCO2e.

The carbon tax applies to fixed sources that emit greenhouse gases, namely carbon dioxide, methane, nitrous oxide, black carbon, hydrofluorocarbons, and perfluorocarbons. 

Carbon Tax entered into force on June 1, 2023 after publication of Decree 204.";"Tax reduction of 25% has been cancelled for the fiscal year 2026.
Fixed tax reduction of 25% for regulated entities under the national  ETS for fiscal year 2026";The carbon tax applies to direct emissions of greenhouse gases into the atmosphere generated by fixed sources during the productive processes carried out within the State. Gases include carbon dioxide, methane, nitrous oxide, black carbon, hydrofluorocarbons and perfluorocarbons, either individually or any combination of these. Fixed sources are considered to be any installation established in a specific place whose purpose is to develop operations or productive processes that generate or could generate polluting emissions into the atmosphere.;Set price;Monthly;The carbon tax of Guanajuato establishes atax reduction of 25% for regulated entities under the national ETS.;Electricity and heat, Industry, Mining and extractives, Buildings, Agriculture, forestry and fishing fuel use;0,0;2023,0;False;;Latin America & Caribbean;Upper middle income;Subnacional - Estado/Província;20,9876996;-101,0
ETS_CN_Guangdong;Guangdong pilot ETS;Sistema  de comércio de licenças de emissão (ETS);Implementado;Guangdong (except Shenzhen);0,12;US$6 (RMB39);5,715677024682717;12,510222054475689;12,34185047681444;8,939504927231768;5,406967145451543;5,732521117136502;0.0029469986461874943;US$ million (2025) (RMB million);1,6346008435813069;;121,04510335040663;;;;;CO2;No;Yes;Yes;No;Yes;No;No;No;No;No;"Diesel; Other oil products; Gasoline; Kerosene; LPG; Natural gas; Jet fuel; Coal";Free allocation (Grandfathering), Free allocation (Intensity-based), Auctioning;;Point Source;Yes, with quantitative limit;The Guangdong ETS was launched in December 2013. It covers around 40% of the province’s emissions. It covers emissions from more than 250 entities in the petrochemicals, paper, domestic aviation, ceramics sectors. Covered entities must surrender allowances for all their covered emissions. Since its launch, its scope has expanded to include ceramics, textiles, and data centres. The ETS has an absolute cap that is announced annually.;In March 2025, the Guangdong Ecology and Environment Bureau (EEB) released the 2024 allocation plan. The emissions cap dropped from nearly 300 MtCO2 to 94 MtCO2, reflecting the transfer of the cement and steel sectors into the national ETS.;The Guangdong ETS covers CO2 emissions from petrochemicals, paper, ceramics, ports, data centers, and domestic aviation. Airports, textiles, and public buildings above the inclusion threshold participate on a voluntary basis.;Free allocation (Grandfathering), Free allocation (Intensity-based), Auctioning;Annual;The Guangdong ETS operates in parallel with China's national ETS, with covered sectors transferred over time. Power generation was transferred in 2020, and cement and steel in 2024.;Industry, Mining and extractives, Aviation;0,0017666981797025;2013,0;False;;East Asia & Pacific;Upper middle income;Subnacional - Estado/Província;23,1357694;113,1982688
Tax_US_HI;Hawaii carbon tax;Taxas de Carbono;Em consideração;Hawaii;;;;;;;;;;;;;;;;;;;;;;;;;;;;;;;;;;;"As of May 2025, bill on Green Fee was Signed into Legislation; to be implemented from January 2026. (SB1396),

‘Green Fee’ or the climate impact fee will be charged on ‘visitors’, i.e., tourists and cruise ships. This entails increasing the TAT rate by 0.75%, and levying, for the first time, the TAT on cruise ships that port in the state.

•	Tax Rate Increase: The TAT rate will increase by 0.75% to 11% beginning January 1, 2026, applied to hotel stays, vacation rentals, timeshare units, and similar living accommodations rented for less than 180 consecutive days by visitors. A new 11% tax will also be applied to cruise ships, prorated for the days docked in Hawaii ports.
•	Dedicated Climate and Natural Resource Funding: The additional revenue generated by the TAT increase will be used to 1.) protect natural resources, 2.) make infrastructure more resilient to climate-related disasters while also performing hazard mitigation, and 3.) to improve the visitor experience and mitigate the impacts of tourism on natural resources.
•	Complementary Investments: These allocations are in addition to existing TAT distributions that support natural resource protection and tourism.

Revenue use: The legislation requires the governor to request in the executive budget or supplemental budget that an amount of general funds that approximates the additional transient accommodations tax revenue generated by this Act be expended equally to advance certain climate change mitigation and tourism projects";;;;;;;2021,0;False;;North America;High income;Subnacional - Estado/Província;19,5938015;-155,42837009716908
ETS_CN_Hubei;Hubei pilot ETS;Sistema  de comércio de licenças de emissão (ETS);Implementado;Hubei;0,2;US$6 (RMB39);4,411540919743129;7,240359816317545;6,962218825070976;5,6182881152129145;5,272136921468274;5,707805707805707;0.29383492336234646;US$ million (2025) (RMB million);7,148480462222151;13,257920462333056;12,867443297911406;6,634671154712268;;;;CO2, CH4, N2O, HFCs, SF6, PFCs;No;Yes;Yes;No;No;Yes;No;No;No;No;"Diesel; Other oil products; Gasoline; Kerosene; LPG; Natural gas; Coal";Free allocation (Grandfathering), Free allocation (Intensity-based), Auctioning;None (ad-hoc auctions, market adjustment factor);Point Source;Yes, with quantitative limit;"The Hubei pilot ETS launched in April 2014 and is one of the largest Chinese pilots, with the second highest spot trading volume after Guangdong. It is one of the few Chinese pilots to use forward trading of allowances, and uses both grandparenting and benchmarking for free allocation.  Hubei has played a central role in the national ETS, hosting the National Carbon Market registry since 2017 (operated by the China Carbon Emissions Registration and Clearing Co.). 

The Hubei pilot operates in parallel with the national ETS, with covered sectors transferred to the national system over time.";"In November 2024, the Hubei EEB issued the ""Work Plan for Establishing and Implementing Carbon Inclusive System (2024–2027)"", setting the roadmap for a provincial offset credits system linked to the Hubei ETS. In June 2025, the EEB issued a Work Plan for expanding the coverage of the Hubei ETS, which lowers the inclusion threshold, brings in selected transport sub-sectors and public buildings, and adds coverage of non-CO₂ emissions in some sectors. The expansion will be implemented over compliance years 2025–2027.";"Hubei does not pre-define which sectors are covered under its ETS; rather, it sets a threshold which applies to all industrial sectors. Sub-sectors with entities above the threshold are then covered.  

 Currently covered sectors include heat supply, iron and steel, nonferrous metals, petrochemicals, chemicals, textiles, glass and other building materials, pulp and paper, ceramics, automobile manufacturing, equipment manufacturing, food and beverages, medicine producers, data centers, and water supply. Power generation was integrated into the national ETS in 2019, followed by steel, cement, and aluminum in 2024. ";Free allocation (Grandfathering), Free allocation (Intensity-based), Auctioning,;Annual;"The Hubei pilot operates in parallel with the national ETS, with covered sectors transferred over time (power in 2019; steel, cement and aluminum in 2024). Hubei also hosts the registry of the national ETS.";Industry, Mining and extractives, Buildings;0,0014422295173058;2014,0;False;;East Asia & Pacific;Upper middle income;Subnacional - Estado/Província;39,0000001;116,0
Tax_HU;Hungary carbon tax;Taxas de Carbono;Implementado;Hungary;0,32;US$42 (€36);;;;38,6964;38,8368;41,778000000000006;0.0796353149130154;US$208 million (2025) (€73,538 million);;;;114,84112160633016;183,6239479237878;208,2403579316985;0.8132908754194897;CO2, N2O, HFCs, SF6, PFCs ;Yes;Yes;Yes;Yes;Yes;No;No;No;No;No;Diesel, Gasoline, Other oil products (crude oil, etc.), Kerosene, LPG, Natural Gas, Jet fuel, Coal  ; ;Fixed price ;Point source ;Not permitted ;The Carbon Tax applies to EU ETS participants receiving at least 50% of allowances for free and where their annual greenhouse gas emission are above 25,000 tons of CO2e. It applies retrospectively from January 2023. ;As of 2025, Hungary’s CO₂ quota tax remains at €36/tCO₂, with no official changes to the rate or compliance rules since the 2023 adjustment. The updated threshold and tax structure from 2023 continue to apply, covering larger emitters retroactively from that year. ;The carbon tax applies to installations with annual greenhouse gas emissions above 25,000 tons of CO2e and where the installation receives at least 50% allowances for free. These same companies are also subject to a 15% transaction fee if they transfer any of their allowances to another account. The carbon tax covers scope 1 emissions from Hungarian EU ETS participants. The taxpayer is entitled to reduce the tax base by 50% if they meet certain conditions. ; ; ;The Hungarian carbon tax is linked to the number of free allowances received by Hungarian participants on the EU ETS. In that sense, the two mechanisms are linked. ;Electricity and heat, Industry, Mining and extractives, Transport, Aviation;0,0;2023,0;False;;Europe & Central Asia;High income;Nacional;47,1817585;19,5060937
ETS_EU_IS;EU ETS;Sistema  de comércio de licenças de emissão (ETS);Implementado;Iceland;0,36;US$85 (€73);;;;;;;;US$48,752 million (2025) (€43,250 million);;;;;;;;CO2, N2O, PFCs, and additional coverage in certain industries;;;;;;;;;;;;Free allocation (Intensity-based), Auctioning;None (Market stability reserve, no direct corridor);Point Source;Not permitted;Operational since 2005, the European Union Emissions Trading System (EU ETS) is the oldest cap-and-trade system in force. It is a cornerstone instrument of the EU’s policy framework to combat climate change under the “European Green Deal” and reduce GHG emissions cost-effectively. The EU ETS is currently in its fourth trading phase (2021 to 2030). Every year, covered entities must surrender allowances for their emissions under the EU ETS. Auctioning is the main method of distributing allowances, with free allocation, based on benchmarks, used to address carbon leakage. ;The definitive phase of EU CBAM commenced in January 2026. The first payments from CBAM are due by September 30,2027. In July 2026 the European Commission will discuss potential reforms to the EU ETS, including potential changes to the Market Stability Reserve and measures to preserve competitiveness.;"The EU ETS applies to direct (scope 1) emissions from activities in the power sector, manufacturing, industry, and intra-EU aviation (including flights from the EEA to the United Kingdom). The EU ETS covers CO2 emissions, and emissions of other gases from certain activities. Each sector or activity has a specific threshold for participation.

Recent reforms to the scheme expanded its scope to maritime transport, and introduced a new, separate emissions trading system for buildings, road transport and additional sectors (EU ETS 2)";Free allocation (Intensity-based), Auctioning;Annual;The EU ETS has been linked with the Switzerland ETS since 2020. Several countries that participate in the EU ETS also have domestic mechanisms.;;;2005,0;False;;Europe & Central Asia;High income;Regional;64,9841821;-18,1059013
Tax_IS;Iceland carbon tax;Taxas de Carbono;Implementado;Iceland;0,37;US$82 (ISK10,200);35,362093850068334;35,61275839012421;36,10866608490465;36,508163849899745;60,06006006006007;82,20502901353966;1.3246652011637259;US$85 million (2025) (ISK10,971 million);49,15016890515079;48,66568602982256;52,11417140092312;55,022745753201185;54,473090251306395;85,41632654335724;0.7378643542037933;CO2, HFCs, PFCs;Yes;Yes;Yes;Yes;In principle;Yes;Yes;No;No;No;"Diesel; Other oil products; Gasoline; Kerosene; LPG; Natural gas";Set price;Set price;Upstream;Not permitted;The Iceland carbon tax (official name: Kolefnisgjald á kolefni af jarðefnauppruna) is part of the Environmental and Resource tax. The tax was introduced as part of the government's tax reform on vehicles and fuels to encourage the use of environmentally-friendly vehicles, save energy, reduce GHG emissions and increase the use of domestic energy sources. The carbon tax is levied on liquid and gaseous fossil fuels. The tax rate is indexed each year by expected inflation. ;At the beginning of 2026 a new legislation took effect with a new kilometer-based road usage tax for all vehicles. As a part of that change the fuel excise duty was abolished and carbon tax increased by approximately 25%. ;The tax applies to direct (scope 1) CO2 emissions from the use of liquid and gaseous fuels except jet fuel, and direct  F-gas emissions.;Set price;Ongoing;While there is no explicit exemption for emissions covered by the ETS-system the carbon tax has not been levied on coal, and other solid fossil fuels since those are mainly used by heavy industry subject to the EU ETS. Similarly, the carbon tax has not been levied on aviation fuel since 2012, when the domestic aviation sector became a part of the EU ETS. ;Electricity and heat, Industry, Mining and extractives, Transport, Buildings, Agriculture, forestry and fishing fuel use;2,9779989747969767e-05;2010,0;False;;Europe & Central Asia;High income;Nacional;64,9841821;-18,1059013
ETS_IN;India ETS;Sistema  de comércio de licenças de emissão (ETS);Implementado;India;0,11;US$ (INR0);;;;;;;;US$ million (2025) (INR million);;;;;;;;CO2, PFCs;No;Yes;Yes;No;No;In principle;No;No;No;No;"Diesel; Other oil products; Gasoline; Kerosene; LPG; Natural gas; Coal";Free allocation;;Point Source;Not permitted currently;"The Carbon Credit Trading Scheme (CCTS) was created through a 2022 amendment to the Energy Conservation Act, 2001, and notified by the government in June 2023. The detailed compliance regulations followed in July 2024. The scheme works as an intensity-based baseline-and-credit market where each obligated entity gets a target in tCO2e per unit of product, set for three years at a time.

The CCTS builds on the existing Perform, Achieve and Trade (PAT) scheme, a mandatory energy efficiency program covering more than 1,000 entities across 13 energy-intensive sectors. A phased transition from PAT to the compliance mechanism began in 2025, with seven sectors (aluminium, cement, chlor-alkali, pulp and paper, petroleum refining, petrochemicals, and textiles) moving to the CCTS from FY2026. Targets for these sectors were notified in two phases: the first four sectors in October 2025, the remaining three in January 2026. Approximately 490 entities are covered under the first compliance period (FY2026–FY2027), using FY2024 emissions data as the baseline.";"In July 2024, the government adopted detailed regulations for the compliance mechanism under the CCTS, formally establishing it as an intensity-based baseline-and-credit system covering eight energy-intensive industrial sectors. 

Emissions intensity targets for seven sectors (aluminium, cement, chlor-alkali, pulp and paper, petroleum refining, petrochemicals, and textiles) were subsequently notified in two phases: October 2025 (first four sectors) and January 2026 (remaining three). Targets for iron and steel had not been notified as of February 2026. The first CCC trading cycle is expected to launch by mid-2026.";;Baselines (intensity);;;Industry, Mining and extractives;0,009030834838448;2024,0;False;;South Asia;Lower middle income;Nacional;22,3511148;78,6677428
Tax_ID;Indonesia carbon tax;Taxas de Carbono;Em desenvolvimento;Indonesia;;;;;;;;;;;;;;;;;;;;;;;;;;;;;;;;;;;;;;;;;;2021,0;False;;East Asia & Pacific;Upper middle income;Nacional;-2,4833826;117,8902853
ETS_ID;Indonesia ETS;Sistema  de comércio de licenças de emissão (ETS);Implementado;Indonesia;0,21;US$1 (IDR12,000);;;;0,6121651813731643;0,7243752263672583;0,7243752263672583;0.18330027320794778;US$ million (2025) (IDR million);;;;;;;;CO2, CH4, N2O;Yes;No;No;No;No;No;No;No;No;No;Coal;Free allocation (Intensity-based);;Point Source;Yes, with quantitative limit;"Indonesia’s Economic Value of Carbon, or Nilai Ekonomi Karbon (NEK), Trading Scheme is a mandatory, intensity-based, baseline-and-credit ETS for the power sector launched in early 2023. In its first phase spanning from 2023 to 2024, it exclusively targets coal-fired power plants connected to the Perusahaan Listrik Negara (PLN) grid with a capacity of 25 MW or more99 installations in 2023 and 146 in 2024. Phase 2, which commenced in 2025, extended coverage to captive CFPPs not connected to the PLN grid and to gas-fired, gas-engine, and combined-cycle power plants. By 2025, 563 installations were covered, representing the majority of the country's regulated power generation capacity.

Covered entities receive intensity targets known as Persetujuan Teknis Batas Atas Emisi (PTBAE), which determine the number of allowances allocated per MWh of electricity generated. Entities must surrender allowances for all covered emissions; allocation is based on PTBAE benchmarks, prior-year emissions intensity, and prior-year average emissions. Additionally, entities have the option to purchase allowances via auctions.  

Presidential Regulation No. 110/2025 established the national legal framework for a domestic carbon pricing system comprising an ETS, a carbon levy functioning as a compliance backstop, and a results-based payment mechanism tied to Article 6 of the Paris Agreement.

The Indonesian Carbon Exchange (IDXCarbon), launched at the Indonesia Stock Exchange in September 2023 under the supervision of the Financial Services Authority (OJK), operates the secondary market for allowances and offset credits. In 2025, OJK and the Ministry of Environment operationalized IDXCarbon as the national carbon exchange, with participation from more than 130 entities and transactions totaling approximately 0.6 MtCO2e.

";"In 2025, Phase 2 of the NEK came into force, expanding coverage from 146 coal-fired power plants to 563 installations by adding captive CFPPs not connected to the PLN grid and gas-fired, gas-engine, and combined-cycle power plants. Presidential Regulation No. 110/2025 established the overarching national carbon pricing framework, incorporating the ETS, a carbon levy as a compliance backstop, and a results-based payment mechanism aligned with Article 6 of the Paris Agreement. Allowance allocation for 2025 was postponed due to associated regulatory revisions; as of January 2026, no allowances had been issued and no trading had occurred, though covered installations remained subject to reporting obligations.
";"Initially, coal-fired power generation facilities with a production capacity exceeding 100 MW are included. However, smaller coal and fossil fuel plants may be incorporated at a later point.

The Ministry of Environment and Forestry (MoEF) has indicated that the government plans to implement emission caps for four additional sectors in the future: forestry, industrial processes and product use, agriculture, and waste management. 
";;;"The Economic Value of Carbon NEK Trading Scheme is not linked with any other system. 
";Electricity and heat;0,005321822955527;2023,0;False;;East Asia & Pacific;Upper middle income;Nacional;-2,4833826;117,8902853
Tax_IE;Ireland carbon tax;Taxas de Carbono;Implementado;Ireland;0,34;US$74 (€64);39,67853261012551;45,69004849307136;53,18511109069554;52,568897389782656;68,5038;73,69175000000001;0.8572196387422533;US$1,326 million (2025) (€1,176 million);;579,6233546876513;831,82992780934;1011,1282252764012;1118,6027840481488;1325,601782921717;1.287005470364561;CO2;Yes;Yes;Yes;Yes;No;Yes;Yes;No;No;No;"Coal; Diesel; Gasoline; Kerosene; Other oil products (crude oil, etc.); Natural gas; LPG; Jet fuel; Peat";Set price;Set price trajectory - Rates of carbon taxation are set by the Government and increases each year based on a pre-determined trajectory up to 2030.;Point of regulation for CO2 emissions is not the same as point of taxation for carbon taxes.;Not permitted;Ireland’s carbon taxes (officially under three names: Natural Gas Carbon Tax (NGCT), Mineral Oil Tax: Carbon Charge (MOTCC) and Solid Fuel Carbon Tax (SFCT)) aim to reduce GHG emissions while using part of the revenue raised to boost energy efficiency, to alleviate fuel poverty and to encourage more sustainable farming practices. The Finance Act 2020 legislated for ten annual increases in carbon tax rates so that by 2030 all rates would be based on charging EUR100/tCO2. A series of annual increases of EUR7.50 apply to the amount charged per tCO2 emitted coming into effect from 2021 and for each year thereafter up to and including 2029 with a final increase of EUR6.50 in 2030. The tax complements the EU ETS, covering emissions from fuel combustion not covered by the ETS.;"From 1 May 2025, the basis of Ireland’s  carbon‑tax rates (carbon‑component of the Mineral Oil Tax, tNatural Gas Carbon Tax and Solid Fuel Carbon Tax) applying to non-propellant fuels increased from €56 to €63.50 per tonne CO₂. 
The basis of MOTCC rates for propellant fuels — including petrol, auto-diesel, aviation gasoline, heavy oils used for air navigation and private pleasure navigation, and substitute fuels used as propellants — increased from €63.50 to €71 per tonne of CO₂ emissions on 8 October 2025.";Ireland’s carbon tax applies to direct (scope 1) CO2 emissions from all fossil fuels mostly in the residential, commercial and road transport sectors.;Set price;;Most emissions covered by the EU ETS are either exempt or offered partial relief from the carbon taxation.;Electricity and heat, Industry, Mining and extractives, Transport, Buildings, Agriculture, forestry and fishing fuel use;0,0003409738718163;2010,0;False;;Europe & Central Asia;High income;Nacional;52,865196;-7,9794599
Tax_IL;Israel carbon tax;Taxas de Carbono;Implementado;Israel;0,73;US$2 (ILS6);;;;;1,5114709851551955;1,5114709851551955;0;US$259 million (2025) (ILS893 million);;;;;;258,69873282041056;;CO2 ;No;No;No;No;No;No;No;No;No;No;"""Coal; Natural gas; LPG, Fuel Oil 1% sulfur; Fuel Oil 0.5% sulfur, Petroleum Coke, Gasoline, Diesel. ";An industrial adaptation support scheme based on a 2022 baseline, with a 2.1% annual reduction. ;Set price trajectory ;Upstream ;None. ;;Israel's carbon tax implementation ramped up in 2025, applying gradually to fuels like coal, natural gas, and oil via excise tax adjustments, not directly raising petrol/diesel prices but internalizing carbon costs, with rates increasing yearly towards 2030 to align with climate goals, supported by government grants for industry adaptation. In essence, 2025 marked the operational start of Israel's long-term carbon pricing plan, integrating it into existing tax structures to internalize emissions costs across key sectors. In 2025, the carbon tax has different rates depending on the fuel type, ranging from  €9 per ton for natural gas to €318 per ton for fuel oil.; The excise tax rates in 2024 (prior to the new tax) per ton of fuel for coal, natural gas, LPG, heavy fuel oil with up to 0.5% sulfur, heavy fuel oil with up to 1% sulfur, and petcoke stood at 115, 19, 134, 17, 17 and 51 NIS, respectively. According to the new legislation, these are set to gradually increase from 2025 to 2030, reaching 515, 192, 658, 951, 2,028 and 783 NIS (2024 prices) per ton in 2030, respectively. ;An industrial adaptation support scheme based on a 2022 baseline, with a 2.1% annual reduction. ;Ongoing ;Fuel Excise Duty (Imposition of Excise Duty) Order (Amendment No. 2 and Temporary Order No. 2) Order, 2024 ;;0,0010512443380309;2021,0;False;;Middle East & North Africa;High income;Nacional;30,8124247;34,8594762
Tax_MX_JA;Jalisco carbon tax;Taxas de Carbono;Em consideração;Jalisco;;;;;;;;;;;;;;;;;;;;;;;;;;;;;;;;;;"The tax was presented for discussion at congress level through a law decree initiative in June 2020, but did not pass. In early 2022, Jalisco’s GHG emissions tax was redesigned. Following a revision and validation process, the initiative has been opened for dialogue with the private sector and industrial chambers in order to negotiate and receive feedback, with the State’s Congress leading the dialogue process. As of late 2025, the tax is still under review. 
 
The tax is planned to be introduced gradually through a phased approach, spanning two years for each phase, and featuring incremental price increases in each stage. 
 
The tax is planned to cover all economic units, companies or individuals that produce carbon emissions or other gases into the atmosphere generated in production processes. ";No;The tax is intended to cover emissions of greenhouse gases and compounds generated in the productive processes carried out within the State. It includes natural and legal persons or economic units resident in the State, as well as residents outside the State that have fixed facilities or sources within the State and its territorial delimitation with activities that generate emissions into the atmosphere taxed by this tax.; Set price to be updated periodically;Quarterly;"The carbon tax converges in the Jalisco Ecosystem for Decarbonization, a policy framework that contains the elements necessary to consolidate a local carbon market to promote climate action, economic development, and social inclusion. The Ecosystem consists in the tax, a Low Carbon Standard to certify offset usage, and the promotion of a regional VCM.
The proposed tax exempts from participation those subjects that are already participating in the Emission Trading System of Mexico once this mechanism enters its operating phase.";;;2020,0;False;;Latin America & Caribbean;Upper middle income;Subnacional - Estado/Província;20,3333331;-103,6666671
Tax_JP;Japan carbon tax;Taxas de Carbono;Implementado;Japan;0,8;US$2 (JPY289);2,424053077072401;2,1977155516272613;2,011993110644676;1,905075807514832;1,9292389853137517;1,8194409468647696;-0.24942198499128534;US$1,443 million (2025) (JPY216,000 million);2453,767502045015;2004,4768379411175;1673,027460750185;1589,659415442691;1545,9188303158696;1443,291407861005;-0.41180596504838407;CO2, CH4, N2O, HFCs, SF6, PFCs, Other;Yes;Yes;Yes;Yes;No;Yes;No;No;No;No;"Diesel; Other oil products; Gasoline; Kerosene; LPG; Natural gas; Coal";Set price;Set price;Upstream;Not permitted;The Japan carbon tax (official name: Tax for Climate Change Mitigation) puts an economy-wide price on the use of all fossil fuels based on their CO2 content. ;No changes from the previous year;The Japan carbon tax applies to CO2 emissions from the combustion of fossil fuels across all sectors with some exemptions for the industry, power, agriculture and transport sectors.;Set price;Monthly;No links to other carbon pricing or offsetting programs ;Electricity and heat, Industry, Mining and extractives, Transport, Buildings;0,0159880298653663;2012,0;False;;East Asia & Pacific;High income;Nacional;36,5748441;139,2394179
ETS_JP;Japan ETS;Sistema  de comércio de licenças de emissão (ETS);Implementado;Japan;0,6;US$0 (JPY0);;;;;;;;US$ million (2025) (JPY million);;;;;;;;CO2;Yes;Yes;Yes;Yes;Yes;In principle;No;No;No;No;"Diesel; Other oil products; Gasoline; Kerosene; LPG; Natural gas; Coal";Free allocation (grandfathering and fixed benchmarking);Price floor and Price ceiling;Point source;Yes, with quantitative limit;"Japan's GX-ETS ran as a voluntary baseline-and-credit system from FY2023 through FY2025, with participation from more than 700 companies accounting for over 50% of national GHG emissions. In April 2026, the GX-ETS transitioned to a mandatory baseline-and-credit system for Phase 2 (FY2026–FY2032). Companies with annual direct CO₂ emissions of 100,000 tonnes or more are covered, regardless of sector.

Under the mandatory phase, covered companies receive individual company-level emissions limits (baselines) set for the entire compliance period. The total emissions cap is the sum of these individual baselines and is fixed ex-ante. Allocation uses a combination of fixed benchmarking and grandparenting, depending on the sub-sector. From FY2033, auctioning will be introduced for high-emitting corporations in the power sector. Upper and lower price limits apply to market trading.

Japan's broader decarbonization policy combines several instruments: a carbon tax on fossil fuels in place since 2012, the GX-ETS, and a GX-Surcharge on fossil fuel importers and domestic extractors, planned from FY2028. These form part of the Basic Plan for the Green Transformation (GX) Policy, Japan's ten-year decarbonization roadmap.

Japan participates actively in international carbon markets. Its Joint Crediting Mechanism (JCM) supports decarbonizing technologies and mitigation actions in 31 partner countries. JCM credits are eligible for use in the GX-ETS. Japan also leads the Article 6 Implementation Partnership, a global capacity-building initiative with 90 partner countries and over 300 participating organizations.";The mandatory GX-ETS commenced in April 2026, following passage of the Amended GX Promotion Act by the Upper House of the Diet in May 2025. During 2025, the Ministry of Economy, Trade and Industry (METI) held a series of working group consultations on design elements for the mandatory phase, including benchmark and grandparenting methodologies for setting company baselines and the upper and lower price limits for allowance trading.;The GX-ETS covers companies with annual direct CO2 emissions of 100,000 tonnes or more across all sectors, including power generation, industry, transport (cargo road), aviation, and maritime. Sectors covered by benchmarking include paper, cement, petroleum refining, aluminium, power generation, freight road transport, domestic marine transport, and air transport, among others. All other covered sectors receive grandparented allocations.;Free allocation;Annual;The GX-ETS is not linked with any other system.;Electricity and heat, Industry, Mining and extractives, Transport, Aviation;0,0;2016,0;False;;East Asia & Pacific;High income;Nacional;36,5748441;139,2394179
ETS_KZ;Kazakhstan ETS;Sistema  de comércio de licenças de emissão (ETS);Implementado;Kazakhstan;0,44;US$1 (KZT455);1,1767751653369107;1,0808260599172224;1,1157601115760112;1,0592081691150126;0,9317262707160416;0,9514538770053476;-0.19147352439839577;US$ million (2025) (KZT million);;;;;;;;CO2;Yes;Yes;Yes;No;No;No;No;No;No;No;"Diesel; Other oil products; Gasoline; Kerosene; LPG; Natural gas; Coal";Free allocation (Intensity-based);None (auctions planned but not implemented);Point Source;Yes, unlimited;"Kazakhstan launched its ETS (KAZ ETS) in January 2013. It covered around half of Kazakhstan's CO2 emissions in 2024, stemming from 229 installations across the power, centralized heating, extractive industries, and manufacturing sectors. Covered entities must surrender compliance units for all their covered emissions. 

The cap is based on historical production volumes and established benchmarks, with a reserve available to covered entities that increase production and to new entrants. The system entered Phase 6 in 2026, covering the period through 2030. It was briefly suspended in 2016 and 2017 to address operational issues and reform allocation rules, though MRV obligations continued during the suspension.

A domestic offsetting standard, the Qazaq Green Certificate Program, was developed in 2023. Credits certified under this standard are not currently eligible for use in the KAZ ETS.";In October 2025, a draft National Allocation Plan for Phase 6 (2026–2030) was published, envisaging annual cap reductions of 10.4–23% relative to the 2025 level. The introduction of auctioning remains under development.;The Kazakhstan ETS applies to CO2 emissions from the power sector and centralized heating as well as certain industry sectors.;Free allocation (Intensity-based);Annual ;The Kazakhstan ETS is not linked with any other system. ;Electricity and heat, Industry, Mining and extractives;0,0027322376811079;2013,0;False;;Europe & Central Asia;Upper middle income;Nacional;48,1012954;66,7780818
Tax_KE;Kenya carbon tax;Taxas de Carbono;Em consideração;Kenya;;;;;;;;;;;;;;;;;;;;;;;;;;;;;;;;;;"Kenya has established a legal and institutional framework to actively participate in voluntary and compliance carbon markets, under the Climate Change (Carbon Markets) Regulations, 2024. These regulations set up a National Carbon Registry, define roles (like a Designated National Authority), and prescribe how carbon projects are approved, verified, and how benefits (e.g., social contributions) are shared. Kenya does not yet have a formal, explicit carbon tax; what exists is mostly implicit carbon pricing via fuel excise taxes.. 

In parallel, Kenya views carbon credits as a climate-finance lever: carbon projects (in forestry, clean cooking, renewable energy, etc.) are expected to generate credits that can be sold internationally, helping fund mitigation and development goals";"•	In June 2025, Kenya published the Draft Climate Change (Carbon Registry) Regulations, 2025 establishing a national carbon registry; public invited to submit feedback by July 15, 2025.
 
•	In May 2025, Kenya sets a new emissions‐reduction roadmap, targeting a 35% reduction compared to business-as-usual by 2035, backed by a goal to mobilize US$ 45 billion in international support. ";Kenya does not have a formal carbon tax, but carbon pricing implicitly exists through fuel excise taxes on petroleum products (diesel, gasoline, kerosene, etc.).;;;;;;2024,0;False;;Sub-Saharan Africa;Lower middle income;Nacional;1,4419683;38,4313975
ETS_KR;Korea ETS;Sistema  de comércio de licenças de emissão (ETS);Implementado;Korea, Rep.;0,78;US$10 (KRW15,600);15,89263641179587;18,74948376972;11,236385948765149;6,3024274367159085;6,453148374813002;10,192747468147664;-0.3586496787542199;US$133 million (2025) (KRW189,200 million);210,3677112392819;257,6891482845158;245,51012688612897;64,47319272782975;136,32288621985882;133,01080478449927;-0.36772233723070424;CO2, CH4, N2O, HFCs, PFCs, SF6;Yes;Yes;Yes;Yes;Yes;Yes;No;No;Yes;No;"Diesel; Other oil products; Gasoline; Kerosene; LPG; Natural gas; Coal";Free allocation (Intensity-based), Auctioning;None (market stabilization measures);Point Source;Yes, with quantitative limit;"The Republic of Korea launched its national ETS (Korea ETS) in 2015, the first national cap-and-trade system in operation in East Asia. The total amount of emission allowances is determined top-down. Covered entities must surrender allowances for all their covered emissions, and allocation is done via auctions or free distribution. At least 10% of allowances must be auctioned. Free allocation is provided for EITE sectors based on production cost and trade intensity benchmarks.

The K-ETS was established under the Framework Act on Low Carbon, Green Growth (2010), preceded by a two-year pilot phase and a mandatory Target Management System (TMS) launched in 2012, which still applies to smaller entities below the K-ETS threshold.";In November 2025, Korea approved the fourth National Emission Allowance Allocation Plan (2026–2030), setting the total Phase 4 cap at 2.5 billion tCO2e and introducing a quantity-based Market Stability Reserve (K-MSR) with 85 million allowances. The plan increases auctioning for the power sector and expands benchmark-based allocation to semiconductors, displays, and non-ferrous metals. Consignment trading was launched in November 2025, and the fourth Basic Plan for the ETS (2026–2035), released in December 2024, underpins the allocation plan's longer-term framework. In October 2025, legislative amendments to the K-ETS were adopted to strengthen market stability and transparency.;The Korea ETS applies to GHG emissions (CO2, CH4, N2O, PFCs, HFCs and SF6) from the industry, power, buildings, domestic aviation, public sector and waste sectors. ;Free allocation (Grandfathering), Free allocation (Intensity-based), Auctioning,;Annual;;Electricity and heat, Industry, Mining and extractives, Transport, Aviation, Buildings, Waste;0,0097712471661931;2015,0;False;;East Asia & Pacific;High income;Nacional;36,638392;127,6961188
Tax_LT;Latvia carbon Tax;Taxas de Carbono;Implementado;Latvia;0,02;US$17 (€15);14,095200000000002;16,578;16,3125;16,1235;16,182;17,407500000000002;0.23499489187808617;US$5 million (2025) (€5 million);4,851419123913776;7,156574073184266;7,952861983638602;8,175539447154645;8,178565809868477;5,389202486521027;0.11085073230560341;CO2 ;In principle;Yes;Yes;No;No;No;No;No;No;No;"Diesel; Other oil products; Gasoline; Kerosene; LPG; Natural gas; Coal ";Set price ;Set price ;Upstream ;Not permitted ;The Latvia carbon tax (official name: Nodoklis par oglekla dioksida emisiju) is part of the Natural Resources Tax Law (Dabas resursu nodokļa likums), which aims to promote economically efficient use of natural resources, to restrict pollution of the environment, to reduce manufacturing and sale of environmentally polluting substances, to promote implementation of new, environment-friendly technology, to support sustainable development in the economy, and also to ensure environmental protection measures are funded. The tax complements the EU ETS, covering fuels combustion not captured by the ETS.   ;Since April 2025, Latvia has maintained its carbon tax rate at €15 per tonne CO₂ for taxable fuels, with no expansion of coverage to additional sectorsAmendments affecting tax rates or reporting thresholds have been enacted in this period:  ;The Latvia carbon tax applies to direct (scope 1) CO2 emissions from fossil fuel combustion in the industry and power sectors that are not covered under the EU ETS.  ;Set price ;Annual ;Fuels used by operators covered by the EU ETS are exempt from the carbon tax.    ;Industry, Mining and extractives;4,376295146681649e-06;2004,0;False;;Europe & Central Asia;High income;Nacional;56,8406494;24,7537645
ETS_EU_LI;EU ETS;Sistema  de comércio de licenças de emissão (ETS);Implementado;Liechtenstein;0,36;US$85 (€73);;;;;;;;US$48,752 million (2025) (€43,250 million);;;;;;;;CO2, N2O, PFCs, and additional coverage in certain industries;;;;;;;;;;;;Free allocation (Intensity-based), Auctioning;None (Market stability reserve, no direct corridor);Point Source;Not permitted;Operational since 2005, the European Union Emissions Trading System (EU ETS) is the oldest cap-and-trade system in force. It is a cornerstone instrument of the EU’s policy framework to combat climate change under the “European Green Deal” and reduce GHG emissions cost-effectively. The EU ETS is currently in its fourth trading phase (2021 to 2030). Every year, covered entities must surrender allowances for their emissions under the EU ETS. Auctioning is the main method of distributing allowances, with free allocation, based on benchmarks, used to address carbon leakage. ;The definitive phase of EU CBAM commenced in January 2026. The first payments from CBAM are due by September 30,2027. In July 2026 the European Commission will discuss potential reforms to the EU ETS, including potential changes to the Market Stability Reserve and measures to preserve competitiveness.;"The EU ETS applies to direct (scope 1) emissions from activities in the power sector, manufacturing, industry, and intra-EU aviation (including flights from the EEA to the United Kingdom). The EU ETS covers CO2 emissions, and emissions of other gases from certain activities. Each sector or activity has a specific threshold for participation.

Recent reforms to the scheme expanded its scope to maritime transport, and introduced a new, separate emissions trading system for buildings, road transport and additional sectors (EU ETS 2)";Free allocation (Intensity-based), Auctioning;Annual;The EU ETS has been linked with the Switzerland ETS since 2020. Several countries that participate in the EU ETS also have domestic mechanisms.;;;2005,0;False;;Europe & Central Asia;High income;Regional;47,1416307;9,5531527
Tax_LI;Liechtenstein carbon tax;Taxas de Carbono;Implementado;Liechtenstein;0,72;US$150 (Sfr120);101,47455208498496;129,85607618223136;130,81157682454898;132,12221304706853;136,0389978460492;149,812734082397;0.47635767790262135;US$10 million (2025) (Sfr8 million);6,400664561511877;6,992426694874685;4,767328301037093;5,064051909314516;9,371441768280857;9,924820126680538;0.5505921348167375;CO2;In principle;Yes;Yes;Yes;No;Yes;No;No;No;No;Diesel, Other oil products, Gasoline, Kerosene, LPG, Natural gas, Coal;Set price;The price is set by the Government ;Upstream;Yes, with quantitative limits;The Liechtenstein carbon tax was implemented in line with bilateral treaty that requires Liechtenstein to adopt Swiss federal legislation on environmental taxes to maintain equivalent competitive conditions. The share of revenues calculated to be attributable to fuel use by ‘natural persons’ and one third of the amount attributable to industry is used to finance environmental policy measures. The remainder is paid to employers under the Liechtenstein old-age and survivors' insurance (AHV) policy. The tax complements the EU ETS, covering emissions from fuel combustion not captured under the ETS.;Since 1 April 2025, Liechtenstein’s CO₂ levy (carbon tax) has been updated in alignment with Switzerland. Key changes include: the revision of the levy on fuel imports, expanded eligibility for companies to participate in emission reduction commitments for potential refunds, and increased CO₂ compensation fees on vehicle and fuel imports. Future expansions are planned to cover additional sectors, and integration with international emissions reduction projects under Article 6 of the Paris Agreement is foreseen. The 2025 measures primarily strengthen and refine the existing framework rather than introducing wholly new instruments.;The tax applies to direct (scope 1) CO2 emissions from fossil fuel combustion in mainly the industry, power, buildings and transport sectors. ;Set price;Ongoing;Taxes paid on fuel use already covered by the EU ETS are refunded.;Industry, Mining and extractives, Transport, Buildings;2,8066479218881344e-06;2008,0;False;;Europe & Central Asia;High income;Nacional;47,1416307;9,5531527
Tax_LU;Luxembourg carbon tax;Taxas de Carbono;Implementado;Luxembourg;0,72;US$46 (€40);40,124336;43,345944;45,00075;49,907607;58,546476;46,42;0.15690387997947186;US$318 million (2025) (€282 million);;257,9915380762791;272,97902991245064;293,27044215262805;305,21628691399644;318,0204345371632;0.23267777272266849;CO2 ;No;Yes;Yes;Yes;No;Yes;No;No;No;No;Diesel, Other oil products, Gasoline, Kerosene, LPG, Natural gas, Coal ;Set price ;Set price trajectory ;Upstream ;Not permitted ;Luxembourg implemented its carbon tax (taxe CO2) on fossil fuels as a way to create a minimum carbon price similar to those in neighboring countries. Luxembourg's carbon tax policy complements the EU ETS, which does not cover emissions from transportation, buildings and shipping. Imposition of the tax was accompanied by increased social support for low-income earners. Some of the revenues accrue to a climate and energy fund.  ;As of 2025, the national carbon tax remains set at €40 per tonne CO2. The government has rolled out a new social-compensation mechanism alongside the carbon tax – under its draft Social Climate Plan – to offset the burden on lower-income households. ;Luxembourg's carbon tax applies to direct (scope 1) CO2 emissions from fossil fuels used for transportation and heating (gasoline, diesel, fuel oil and natural gas). Fossil fuels used for electricity generation are exempt from the carbon tax. Fuels used in industrial processes are also exempt. ;Set price ;Monthly ;;Industry, Mining and extractives, Transport, Buildings;0,000108983486074;2021,0;False;;Europe & Central Asia;High income;Nacional;49,6112768;6,129799
ETS_MY;Malaysia ETS;Sistema  de comércio de licenças de emissão (ETS);Em consideração;Malaysia;;;;;;;;;;;;;;;;;;;;;;;;;;;;;;;;;;"The Malaysian Ministry of Environment and Water (KASA) published the “National Guidance on International Voluntary Market Mechanisms” in September 2021, which indicates its intent to implement a domestic ETS.

The Malaysian government, in close cooperation with the World Bank, is conducting the Malaysia Partnership for Market Implementation (MY PMI). It is looking into the implementation of carbon pricing instruments such as a carbon tax and an ETS in Malaysia and is covering several key aspects such as policy and market design frameworks, national registry development, and alignment with international standards. On 25 September 2025, the Cabinet approved the National Climate Change Policy 2.0 (NCCP 2.0), which identifies carbon pricing instruments and carbon markets as mechanisms to unlock climate financing and positions a forthcoming Climate Change Act as the basis for regulating these mechanisms. A consultation paper for a Climate Change Bill, released in 2024, includes provisions for the legal establishment of a domestic ETS.

Under the 13th Malaysia Plan (2026–2030), the government announced it will introduce a National Carbon Market Policy and launch a domestic ETS to incentivize private sector GHG reductions. On 18 October 2025, during the Budget 2026 tabling, the Prime Minister announced the introduction of a carbon tax on the iron, steel, and energy industries by 2026, to be aligned with the National Carbon Market Policy and the forthcoming Climate Change Bill.

At the subnational level, in November 2023 the state of Sarawak passed a climate bill that includes provisions to introduce mandatory emissions thresholds for certain industrial emitters. According to Sarawak officials, covered entities will be required to report their annual emissions to the state regulator and to set themselves binding emissions thresholds. Entities that fail to do so will be subject to a carbon tax, the rate of which is still to be determined by the state Cabinet.  ";The Cabinet approved the National Climate Change Policy 2.0 on 25 September 2025, establishing carbon pricing as a strategic policy direction. The 13th Malaysia Plan (2026–2030) formally announced the introduction of a domestic ETS. A carbon tax on iron, steel, and energy industries was announced in Budget 2026 on 18 October 2025.;;;;;;;2021,0;False;;East Asia & Pacific;Upper middle income;Nacional;4,5693754;102,2656823
Tax_MY;Malaysia carbon tax;Taxas de Carbono;Em desenvolvimento;Malaysia;;;;;;;;;;;;;;;;;;;;;;;;;;;;;;;;;;;;;;;;;;;False;;East Asia & Pacific;Upper middle income;Nacional;4,5693754;102,2656823
ETS_US_Maryland;Maryland ETS;Sistema  de comércio de licenças de emissão (ETS);Em consideração;Maryland;;;;;;;;;;;;;;;;;;;;;;;;;;;;;;;;;;"In December 2023, Maryland’s Climate Pollution Reduction Plan was published, describing how economy-wide policies, such as a cap-and-invest program, could be necessary for Maryland to achieve its emissions reduction goals. Maryland’s power sector is currently regulated by the Regional Greenhouse Gas Initiative (RGGI), but the 2023 plan includes direction for the state to consider expanding to an economy-wide cap-and-invest program. It cites potential for additional revenues to be invested in clean energy projects, consumer rebates, and other decarbonization programs. The Maryland Department of the Environment (MDE) is exploring how this coverage of additional emission sources could work. 
 
In June 2023, the economy-wide cap-and-invest program was proposed by MDE and the University of Maryland’s Center for Global Sustainability as a supportive policy to achieve Maryland’s 2031 target of a 60% reduction in GHG emissions from 2006 levels. The proposal anticipated the program achieving 4.8 MtCO2e of emissions reductions by 2031. ";In its 2025 Annual Report, the Maryland Commission on Climate Change recommended that the state evaluate and propose potential designs for an economy-wide cap-and-invest program, including provisions to protect low-income households and direct a share of program revenues to them.;;;;;;;2024,0;False;;North America;High income;Subnacional - Estado/Província;39,5162401;-76,9382069
ETS_US_MA;Massachusetts ETS;Sistema  de comércio de licenças de emissão (ETS);Implementado;Massachusetts;0,09;US$30 (US$30);6,5;0,5;12,05;2,25;9,3;30,0;4x;US$78 million (2025) (US$78 million);15,77973875;44,25823375;53,76548640000001;41,42299034999999;19,246326850000003;78,4;4x;CO2;Yes;No;No;No;No;No;No;No;No;No;"Diesel; Other oil products; Gasoline; Kerosene; LPG; Natural gas; Coal";Auctioning;None (state-level quarterly auctions);Point Source;Not permitted;"The Massachusetts Limits on Emissions from Electricity Generators (regulation “310 CMR 7.74”), began operating in 2018. It covers around 8% of the state’s CO2 emissions, all from the power sector. Under this regulation, covered entities must surrender allowances for all of their covered emissions. 
 
Since 2021, 100% of allowances have been allocated in quarterly auctions. Since 2022, future vintage allowances have also been sold in the regular auctions.

Revenues are used to reduce GHG emissions and fund adaptation programs and projects targeting communities adversely impacted by air pollution. Potomac Economics monitors the market for indications of anti-competitive conduct.

The program complements RGGI where electricity generators in the state must comply with both RGGI and the Massachusetts program.
 ";In 2024 Massachussetts Department of Environmental Protection (MasDEP) opened a proposal to increase the minimum auction reserve price from its current level of $0.50.;The Massachusetts ETS applies to CO2 emissions from the power sector.;Auctioning;Annual;The program complements the Regional Greenhous Gas Initiative (RGGI): electricity generators in the state must comply (i.e., hold and surrender allowances) with both RGGI and the Massachusetts program. ;Electricity and heat;0,0;2018,0;False;;North America;High income;Subnacional - Estado/Província;42,3788774;-72,032366
Tax_MR;Mauritania carbon tax;Taxas de Carbono;Implementado;Mauritania;0,05;US$20 (US$20);;;;;;20,0;;;;;;;;27,52152183;;;No;No;No;No;No;No;No;No;No;No;;;;;;"Mauritania established a carbon tax on greenhouse gas emissions in the mining sector in 2025, as outlined in the 2025 Supplementary Finance Law. The initiative is part of broader efforts to reduce emissions while incentivizing low-carbon development, such as green hydrogen production. The tax is currently sector-specific and not yet economy-wide, with planned measures to protect vulnerable populations and promote clean energy investment.
";"The Supplementary Finance Law for 2025 was enacted on 26 August 2025. This law introduces a new carbon tax on greenhouse gas emissions specifically from the mining sector. It also adds a 1% training levy on the annual net profit (after corporate income tax) of mining companies, intended to support national training initiatives. 
In the same 2025 law, Mauritania repealed the existing carbon tax on butane gas.";Mauritania’s carbon tax is currently mining-specific (Scope 1 CO₂ emissions) with exemptions for certain fuels, while broader carbon-pricing coverage is planned but not yet implemented.;;;;;1,5334596689272816e-05;2024,0;False;;Sub-Saharan Africa;Lower middle income;Nacional;20,2540382;-9,2399263
Tax_MX;Mexico carbon tax;Taxas de Carbono;Implementado;Mexico;0,42;US$4 (MXN68);2,8902229368216728;3,196554986021443;3,78965238521885;4,3051447885494225;3,942786130745087;3,823891037913282;0.3230436272567775;US$592 million (2025) (MXN11,397 million);218,70453594324607;307,85686127573285;213,9377513681632;444,1480850249143;412,5516768544606;592,4311923624908;1.708819868812538;The tax covers all fossil fuels with carbon content, except natural gas. ;Yes;Yes;Yes;Yes;Yes;Yes;Yes;No;No;No;"Coal; Diesel; Gasoline; Kerosene; Other oil products (fuel oil, coke, crude oil, etc); LPG; Jet fuel";Set price;The price is set by the Government annually;Upstream;Yes, unlimited;"The Mexican carbon tax is an excise tax under the special tax on production and services (Ley del Impuesto Especial sobre Producción y Servicios). The tax applies to the sale throughout the national territory or the import of fossil fuels, with the exemption of natural gas. It is not a tax on the full carbon content of fuels, but on the additional CO2 emission content compared to natural gas.

Taxpayers can choose to pay this tax through the delivery of carbon credits, when they originate from projects developed in Mexico and endorsed by UNFCCC.

Revenues are allocated to the country’s general budget and no specific uses are defined";No;The Mexican carbon tax applies to CO2 emissions from all sectors. The tax covers all fossil fuels except natural gas.;Set price;Monthly;Not identified;Electricity and heat, Industry, Mining and extractives, Transport, Aviation, Buildings, Agriculture, forestry and fishing fuel use;0,0053696388782685;2014,0;False;;Latin America & Caribbean;Upper middle income;Nacional;23,6585116;-102,0077097
ETS_MX;Mexico ETS;Sistema  de comércio de licenças de emissão (ETS);Implementado;Mexico;0,36;US$0 (MXN0);;;;;;;;US$ million (2025) (MXN million);;;;;;;;CO2;Yes;Yes;Yes;No;No;No;No;No;No;No;"Diesel; Other oil products; Gasoline; Kerosene; LPG; Natural gas; Coal";Free allocation (Grandfathering);;Point Source;Yes, with quantitative limit;"The Mexico ETS, the first in Latin America, started in January 2020. It covers direct CO2 emissions from fixed sources in the energy and industry sectors emitting at least 100,000 tCO2 per year, representing around 40% of national GHG emissions and 90% of emissions reported in the National Emissions Registry (RENE).  Under the Mexico ETS, participating entities must surrender allowances for all of their covered emissions. Allowances are allocated through grandparenting based on historical emissions, which are verified annually.

The Mexican ETS started with a Pilot Program with two phases: a pilot phase between 2020 and 2021, and a transition phase in 2022. The Pilot Program aimed to test system design, contribute to national mitigation goals, and build capacity in emissions trading. The operational phase began in 2025. The pilot regulation remains in force until the regulation for the operational phase is published. Free allocation is expected to decrease from the operational phase onwards, and SEMARNAT is developing the auctioning mechanism.";"The operational phase of the ETS began in 2025, with approximately 300 entities covered. 

In March 2025, SEMARNAT was restructured, creating the Undersecretary for Sustainable Development and Circular Economy to coordinate ETS operations. In August 2025, the first meeting of the Consultative Committee of the Emissions Trading System (COCOSCE) convened, covering the operational phase regulation, allocation, electricity sector obligations, and offsets.";"Installations in the power and industry sectors with annual direct emissions from stationary sources of at least 100,000 tCO2. 
";Free allocation (Grandfathering);Annual ;"The Mexico ETS is not linked with any other system, though the General Law of Climate Change provides for linkages with other systems. 
Various cooperation activities have taken place in recent years. Mexico signed a Memorandum of Understanding with California in 2014 and with Québec in 2015 that includes cooperation on emissions trading. In August 2016, Mexico, Québec, and Ontario issued a joint declaration on carbon markets collaboration. Additionally, in December 2017, Mexico – together with four countries and seven subnational governments – issued the Paris Declaration on Carbon Pricing in the Americas for carbon pricing implementation, which creates a platform for cooperation in the region.";Electricity and heat, Industry, Mining and extractives;0,0025170182241883;2020,0;True;;Latin America & Caribbean;Upper middle income;Nacional;23,6585116;-102,0077097
Tax_US_Minneapolis;Minneapolis carbon tax;Taxas de Carbono;Implementado;Minneapolis;0,01;US$5 (US$5);;;;;;5,0;;US$ million (2025) (US$ million);;;;;;;;;No;No;No;No;No;No;No;No;No;No;;;;;;;;;;;;;4,32277214182548e-07;2026,0;True;;North America;High income;Subnacional - Município;44,9772995;-93,2654692
Tax_MX_MC;Mexico City carbon tax;Taxas de Carbono;Implementado;Mexico City;0,18;US$3 (MXN60);;;;;2,8489048907837926;3,3685723428982075;0.18240954754071964;US$3 million (2025) (MXN60 million);;;;;;3,118907031012771;;CO2, CH4, and N2O;Yes;Yes;Yes;No;No;Yes;Yes;No;No;No; Not specified;Set price;Introductory set price;Point source;Not specified;"On December 27, 2024, the Congress of CDMX approved a Decree to modify its Fiscal Code to include carbon tax to enter into force on January 1, 2025.

The tax applies to all fixed sources within
the territory of Mexico City (CDMX) that emit polluting gases into the atmosphere in amounts equal or greater than one ton of carbon dioxide equivalent (t CO2e) per month. It applies to direct emissions of carbon dioxide (CO2), methane (CH4), and nitrous oxide (N2O).

The tax rate is set at MXN 60 per ton (for year 2026), and the proportional part of the quota, to the fraction of a ton of CO2e that is emitted. ";The Fiscal Code for 2026 sets an updated price of MXN $60.00  per tCO2eq (price during 2025 was set up at MXN $58.00/tCO2eq ;The tax applies to individuals and legal entities residing in Mexico City that have fixed sources (installations in a specific place, from where pollutants are permanently emitted into the atmosphere, provided that they serve to develop industrial, commercial or service operations or processes) that emit polluting gases into the atmosphere. The objective is to tax the emission of polluting gases into the atmosphere, whose sum of emissions of carbon dioxide, methane and nitrous oxide is equal to or greater than one ton of carbon dioxide equivalent per month.;Set price;Monthly;Not specified;Electricity and heat, Industry, Mining and extractives, Buildings, Agriculture, forestry and fishing fuel use;0,0;2025,0;True;;Latin America & Caribbean;Upper middle income;Subnacional - Município;19,3207722;-99,1514678
ETS_MO;Montenegro ETS;Sistema  de comércio de licenças de emissão (ETS);Implementado;Montenegro;0,43;US$28 (€24);;;;25,7976;25,8912;27,852000000000004;0.07963531491301534;US$14 million (2025) (€13 million);;;;10,013954402202648;13,898620497659818;13,898620497659818;0.38792528300335655;CO2;Yes;Yes;Yes;No;No;No;No;No;No;No;"Diesel; Gasoline; Kerosene; LPG; Natural gas; Coal";Free allocation (Grandfathering), Free allocation (Fixed Benchmarking), Auctioning;None (about 19% auctions, min price around EUR 24);Point Source;Not permitted;"In December 2019, the Law on Protection from the Negative Impacts of Climate Change (Climate Law) entered into force, providing the legal basis for a national ETS covering the industrial and power sectors. The “Decree on Activities for which a GHG Permit is Issued” (ETS Decree), was adopted in February 2020. This regulation establishes a national ETS covering emissions from the industrial and power sectors. It includes provisions for banking allowances, a minimum reserve price of EUR 24 (USD 26.08), and a linear reduction factor for the emissions cap of 1.5% annually in the period from 2020 to 2030.  
  
The ETS formally began operations in February 2020 and applies to three installations: the Pljevlja coal plant, the KAP aluminium plant, and the Tosčelik steel mill. Covered entities must surrender allowances for all their covered emissions, and allocation is based on auctions or free allocation. They received 100% of their allowances for free in 2020 and 2021. For 2022, 64% of all allowances were auctioned. ";"Two of the three originally covered installations shut down in 2022. As of 2026, only the Pljevlja coal plant is operational. The government set up a working group in mid-2022 to review climate legislation including the ETS. 

The Draft Climate Change Law was finalized in September 2025 and adopted in December 2025, entering into force from May 2026. Following adoption of the revised law, work began on a revised ETS Decree, also anticipated by May 2026. No auctions took place in 2025 due to the temporary closure of the Pljevlja coal plant, which is the only remaining operational covered entity.";Industries listed under Appendix 1 of the “ETS Decree must participate in the system. These include power plants, oil refineries, coke production, the production or processing of iron and steel, non-ferrous metals, cement clinker, glass, ceramic products, and paper (pulp). As of 2023, 3 entities were covered by the scheme, with only 1 entity continuing operations. ;Free allocation (Grandfathering), Free allocation (Intensity-based), Auctioning;Annual;Montenegro has been an EU candidate country since 2010. It is required to bring its environmental and climate policy in line with the EU as part of accession talks that began in late 2018. Having an established national ETS helps to ensure that Montenegro has the climate policy framework in place to take part in the EU ETS should it join the EU. ;Electricity and heat, Industry, Mining and extractives;3,714752501348932e-05;2022,0;False;;Europe & Central Asia;Upper middle income;Nacional;-29,6826112;-51,4687455
Tax_MX_MO;Morelos carbon tax;Taxas de Carbono;Implementado;Morelos;0,31;US$6 (MXN103);;;;;12,27976246027497;5,798435859575449;-0.5278055354626453;US$0 million (2025) (MXN1 million);;;;;;0,0519817838502128;;CH4, N2O, HFCs, SF6, PFCs;Yes;Yes;Yes;No;No;Yes;Yes;No;No;No; Not specified;Set price;Formula- based price ;Point source; Not specified;"On December 31, 2024, the Congress of the State of Morelos approved the Decree 24 to add the Chapter Seven Quinquies titled “Del impuesto por emisión de gases a la atmósfera” to the “Ley General de Hacienda del Estado de Morelos” to enter into force on January 1, 2025. 

The tax applies to the direct and indirect emissions of fixed sources of GHG, which were taxed in 2025 with a fee of MXN $250.00 per ton of CO₂eq. For 2026 the fee has been adjusted to 0.88 UMA (equivalente to MXN $103.28.The calculation of the tax is carried out taking as reference the state and federal Pollutant Emissions and Transfer Registries (RETC). The RETC is the registry implemented by governments through which traceability is given to the emissions generated by the productive sector. 

It incorporates prerogatives for those entities that participate in the federal ETS, establishing fixed annual rates ranging from MXN $1-2 million for participants emitting more than 100,000 tCO2eq/year (see Article 58 Quinquies-4 for details). Additional incentives are not incorporated for compliance with the regulation, such as the use of compensation and incentives for the use of low GHG emission technologies.";"
-Price adjusted to 0.88 UMA (MXN $103.28) for 2026
-Payment period has been adjusted from monthly to quarterly for 2026";The tax applies to individuals and legal entities in the State of Morelos that have fixed sources emitting polluting gases into the atmosphere. The objective is to tax the emission of polluting gases into the atmosphere, whose sum of emissions of carbon dioxide, methane and nitrous oxide is equal to or greater than one ton of carbon dioxide equivalent per month.;Set price;Quarterly;"Taxpayers who participate in the Federal Emissions Trading System in accordance with the provisions of the Article 94 of the General Law on Climate Change, will be subject to the payment of a fixed annual fee, in accordance with the
following reference:

• MXN 1 million for fix sources emitting from 100,000 to 1,000,000 tCO2eq
• MXN 1.5 million for fix sources emitting from 1,000,001 to 2,000,000 tCOO2eq
• MXN 2 million for fix sources emitting 2,000,001 and above.";Electricity and heat, Industry, Mining and extractives, Buildings, Agriculture, forestry and fishing fuel use;0,0;2025,0;True;;Latin America & Caribbean;Upper middle income;Subnacional - Estado/Província;18,75;-99,0
Tax_MA;Morocco carbon tax;Taxas de Carbono;Em consideração;Morocco;;;;;;;;;;;;;;;;;;;;;;;;;;;;;;;;;;In August 2021, Morocco passed a Framework Law (Loi Cadre) on Fiscal Reform. The law flags a number of potential new fiscal measures, including the potential to introduce a carbon tax.;Morocco’s NDC 3.0 (2026-2035) notes that a national carbon tax—now under consideration—could become a major fiscal tool, encouraging low-carbon investments by pricing CO₂ emissions. A gradual rollout, especially for CBAM-exposed sectors, would support a fair transition. The policy is supported by the Framework Law on Taxation (Law No. 69-19, Art. 7, July 2021), which calls for environmental tax measures, including a carbon tax.  In September 2024, Morocco's Finance Ministry proposed a bill to introduce a carbon tax in 2025 as part of a larger tax reform and a deal with the International Monetary Fund (IMF).  Following this, the country decided to postpone its initial implementation to allow for a more accurate analysis of the design and potential impact of a carbon tax, and to conduct further consultations with stakeholders. Instead of a carbon tax, Morocco's 2025 budget law did include other measures, such as the abolition of exemptions from a domestic consumption tax and an increase in that tax on polluting products like coal.;;;;;;;2022,0;False;;Middle East & North Africa;Lower middle income;Nacional;28,3347722;-10,371337908392649
Tax_NL;Netherlands carbon tax;Taxas de Carbono;Implementado;Netherlands;0,45;US$102 (€88);35,23800000000001;46,1421;60,83474999999999;71,48084999999999;94,82652;102,00795000000002;1.8948280265622341;US$0 million (2025) (€0 million);;;;;;;;CO2, N2O;Yes;Yes;Yes;No;No;No;No;No;No;No;Diesel, Other oil products, Gasoline, Kerosene, LPG, Natural gas, Waste as fuel, Jet fuel, Coal;Set price;Set price trajectory;Point source;Not permitted;The Netherlands carbon tax comprises a CO2 levy for industry (Wet CO2-heffing industrie), a minimum carbon price for industry (Wet minimum CO2-prijs industrie) and a minimum carbon price for electricity (Wet minimum CO2-prijs elektriciteitsopwekking). The tax is intended to support the effectiveness of the EU ETS in the Netherlands. The minimum carbon price for electricity and the minimum carbon price for industry act as a floor for the EU ETS price, and rise each year. The Carbon levy is charged where operators emit above a baseline. The policy applies to over 240 companies. The minimum carbon price for electricity and the minimum carbon price for industry will increase gradually to EUR31.9/tCO2 in 2030. The tax act provides for at least two recalibrations of the tax rate, in 2022 and 2024, to ensure the desired emission reduction in 2030 is achieved.;"Since 1 April 2025, the Netherlands’ national carbon tax (CO₂-levy) remains set at €87.90 per tonne CO₂e. Earlier plans to increase the tax path beyond this level—agreed in spring 2024—were subsequently reversed by the incoming government prior to implementation. With the 2025 ETS-permit price fixed at €66.76/tCO₂, companies subject to ETS pay an extra €21.14/tCO₂ via the levy. In September 2025, the government announced that from 2026 the levy rate will drop to €78.67/tCO₂ and a higher dispensation factor will apply, meaning many ETS-installations will effectively pay only the ETS price (i.e. no extra levy) from 2027 onward.  
The price for Municipal waste incinerators will differ and rise to 303,55 in € 2030.  https://www.emissieautoriteit.nl/regelgeving/co2-heffing/tarieven-co2-heffing . The dispensation rights for municipal waste incinerators will decrease annually to 0 in 2033.";The ‘Minimum carbon price for electricity’ applies to direct CO2 emissions from all electricity generators (including co-generation in industrial facilities) that are covered by the EU ETS. The ‘Minimum carbon price for industry’ (as of 1 January 2023) applies to direct CO2 emissions from all industrial facilities also covered by the EU ETS plus waste incineration. The CO2 levy applies to direct CO2 and N2O emissions from industrial facilities covered by the EU ETS plus waste incineration.;Set price;Annual;Both the minimum carbon price for electricity, the minimum carbon price for industry and the CO2 levy on industry supplement the carbon price under the EU ETS. All instruments serve as a price floor for the EU ETS allowance (EUA) prices,  where the CO2- levy for industry has a higher price path than the current and expected ETS price.;Electricity and heat, Industry, Mining and extractives;2,725351360928543e-05;2021,0;False;;Europe & Central Asia;High income;Nacional;52,2434979;5,6343227
Tax_CA_NB;New Brunswick carbon tax;Taxas de Carbono;Extinto;New Brunswick;;;31,834460803820136;39,9616368286445;48,030739673390975;;;;;;92,68146915342386;98,69389873128598;122,92990130325124;;;;;;;;;;;;;;;;;;;;;;;;;;;;;2020,0;False;2023,0;North America;High income;Subnacional - Estado/Província;46,500283;-66,750183
ETS_CA_NB;New Brunswick OBPS;Sistema  de comércio de licenças de emissão (ETS);Implementado;New Brunswick;0,54;US$68 (CAN$95);;39,9616368286445;48,030739673390975;58,94488653109343;66,21131865068301;68,40437788018433;0.7117511520737326;US$15 million (2025) (CAN$21 million);;;;;;15,020324011803524;;CO2, CH4, N2O, SF6, HFCs, PFCs;Yes;Yes;Yes;No;No;No;No;No;No;No;"Diesel; Other oil products; Gasoline; Kerosene; LPG; Natural gas; Coal";Free allocation (Intensity-based);None (set carbon price path);Point Source;Not permitted;"New Brunswick transitioned large industrial emitters from the federal output-based pricing system (OBPS) to a provincial OBPS from January 2021. It is an intensity-based ETS in which each covered entity must surrender compliance units for emissions that exceed the facility’s annual emissions limit. The annual emissions limits are based on emissions intensity benchmarks, which are derived from historical emissions data. The system applies to the same sectors and gases as the federal system, and follows the same price trajectory, rising CAD 15 (USD 11.11) each year until 2030, resulting in a price of CAD 170 (USD 125.93) per tCO2e in 2030.   
";"In May 2025, New Brunswick published a revised Reporting and Reduction of Greenhouse Gas Emissions Standard. The revision introduces a new section on renewable natural gas reporting for calculating total regulated emissions and expands the definition of accredited verification bodies.

The Climate Change Fund's funded project list for 2025 and 2026 comprises 56 projects across 12 departments and organizations for a total of CAD 58.4 million (US$ 41.8 million)."; Coverage is mandatory for facilities with emissions exceeding 50,000 tCO2e/year. Smaller emitters (exceeding 10,000 tCO2e/year) may also be covered by the system, on an opt-in basis.;Baselines (Intensity-based);Annual;"The New Brunswick OBPS is not linked with any other system. However, covered facilities can become eligible for certain exemptions from the Canada federal fuel charge.  
";Electricity and heat, Industry, Mining and extractives;0,0001217894064305;2021,0;False;;North America;High income;Subnacional - Estado/Província;46,500283;-66,750183
ETS_US_NJ;New Jersey ETS;Sistema  de comércio de licenças de emissão (ETS);Em consideração;New Jersey;;;;;;;;;;;;;;;;;;;;;;;;;;;;;;;;;;;;;;;;;;;False;;North America;High income;Subnacional - Estado/Província;40,0757384;-74,4041622
ETS_US_NY;New York State ETS;Sistema  de comércio de licenças de emissão (ETS);Em desenvolvimento;New York State;;;;;;;;;;;;;;;;;;;;;;;;;;;;;;;;;;"New York’s Cap-and-Invest Program (NYCI) is a comprehensive initiative aimed at reducing GHG emissions across the state’s economy while maintaining economic stability and ensuring equitable investments. The program is anchored in the “Climate Leadership and Community Protection Act” of 2019, which requires a 40% reduction in GHG emissions by 2030 and at least an 85% reduction from 1990 levels by 2050. The NYCI program would cover all emitting sectors under a statewide cap. The cap would decrease over time, with the caps for 2030 and 2050 corresponding to statewide GHG emission limits. 
 
Various NYS agencies are developing the program rules, including the New York State Energy Research and Development Authority (NYSERDA) and the Department of Environmental Conservation (DEC). ";"In 2024, the New York State Energy Research and Development Authority (NYSERDA) and the Department of Environmental Conservation (DEC) continued holding stakeholder information sessions and third parties hosted an extensive set of learning sessions on the development of the economy-wide Cap-and-Invest Program.  
";;;;;;;2023,0;False;;North America;High income;Subnacional - Estado/Província;43,1561681;-75,8449946
Tax_NZ;New Zealand carbon tax;Taxas de Carbono;Em consideração;New Zealand;;;;;;;;;;;;;;;;;;;;;;;;;;;;;;;;;;;;;;;;;;2022,0;False;;East Asia & Pacific;High income;Nacional;-41,5000831;172,8344077
ETS_NZ;New Zealand ETS;Sistema  de comércio de licenças de emissão (ETS);Implementado;New Zealand;0,44;US$24 (NZ$42);25,75989;52,622400000000006;34,19875;35,105;32,007124000000005;24,04127;-0.06671689980042608;US$3 million (2025) (NZ$6 million);149,7616289915538;1684,8210397510256;1303,479872346274;21,320857470370335;291,03606469736843;3,3137447738272363;-0.977873205599185;CO2, CH4, N2O, HFCs, SF6, PFCs;Yes;Yes;Yes;Yes;Yes;Yes;Yes;No;Yes;Yes;"Diesel; Other oil products; Gasoline; Kerosene; LPG; Natural gas; Jet fuel; Coal";Free allocation (Intensity-based), Auctioning;Auction floor + cost containment reserve;Upstream + point source;No;"The New Zealand Emissions Trading Scheme (NZ ETS) was launched in 2008 and covers roughly half of the country's emissions. Covered entities must surrender allowances for all their reported emissions.  

The NZ ETS was originally designed to operate without a specific hard domestic cap as this accommodated carbon sequestration from forestry activities and a full link to the international Kyoto Protocol carbon markets, but in 2015 the allowance supply was restricted to NZUs. The NZ ETS was originally conceived as a nested system under the Kyoto Protocol, with full links to international carbon markets. However, as of June 1 2015, the NZ ETS became a domestic-only system. 

Extensive legislative reforms of the NZ ETS were implemented in 2020. Agricultural processor-level reporting obligations, along with the prospect of compliance obligations, were repealed in 2024. The agriculture sector now has no obligations under the NZ ETS.";"In August 2025, the government announced annual unit supply settings for 2026 to 2030 where base auction volumes will decline from 5.2 million units in 2026 to 1.7 million in 2030, with the overall cap falling from 16.3 million in 2026 to 9.6 million in 2030. 

The 2026 auction reserve price floor is NZD 71, and the first CCR trigger price is NZD 201.

In September 2025, Parliament restricted new NZ ETS registrations for plantation forests on high and medium productivity agricultural land. In November 2025, the government adopted amendments to the Climate Change Response Act streamlining NZ ETS governance, including removing the requirement for unit supply settings to accord with the country's NDC and making public consultation on emissions budgets discretionary rather than mandatory.

";The NZ ETS applies to GHG emissions (CO2, CH4, N2O, SF6, HFCs and PFCs) from the industry, power, waste, transport and forestry sectors and includes industrial process emissions. The agriculture sector carries no reporting or surrender obligations under the NZ ETS following the 2024 repeal of agricultural emissions provisions.;"Free allocation (Intensity-based), Auctioning  
";Annual;"The NZ ETS is not linked with any other system.  

Until June 2015, the NZ ETS was indirectly linked to other systems (e.g., the EU ETS) via the international Kyoto Protocol flexible mechanisms. Since then, the NZ ETS has been an exclusively domestic system. ";Electricity and heat, Industry, Mining and extractives, Transport, Aviation, Buildings, Agriculture, forestry and fishing fuel use, Waste, LULUCF;0,0006436877505666;2008,0;False;;East Asia & Pacific;High income;Nacional;-41,5000831;172,8344077
Tax_CA_NL;Newfoundland and Labrador carbon tax;Taxas de Carbono;Extinto;Newfoundland and Labrador;;;23,875845602865105;39,9616368286445;48,030739673390975;;;;;;43,50735096622915;78,34899887968918;84,02508455439244;25,927680542452126;;;;;;;;;;;;;;;;;;;;;;;;;;;;2019,0;False;2023,0;North America;High income;Subnacional - Estado/Província;53,8217327;-61,2295532
ETS_CA_NL;Newfoundland and Labrador PSS;Sistema  de comércio de licenças de emissão (ETS);Implementado;Newfoundland and Labrador;0,39;US$68 (CAN$95);23,875845602865105;39,9616368286445;48,030739673390975;58,94488653109343;66,21131865068301;68,40437788018433;1.8650033602150538;US$0 million (2025) (CAN$1 million);;0,0428750221882338;0,1289534664671105;0,1376389441367887;0,4375548448690872;0,3576267621857982;7x;CO2, CH4, N2O, SF6, HFCs, PFCs;Yes;Yes;Yes;No;No;No;No;No;No;No;"Diesel; Other oil products; Gasoline; Kerosene; LPG; Natural gas; Coal";Free allocation (Intensity-based);None (set carbon price path);Point Source;Not permitted;"Newfoundland and Labrador’s Performance Standards System (PSS) came into effect in 2019. It is an intensity-based ETS for large industrial emitters, in which each covered entity must surrender compliance units for emissions that exceed each facility’s annual emissions limit. Each facility’s annual emissions limit is based on a combination of historical emission intensity, actual production activity data, and an annually decreasing reduction factor. Special provisions are in place for offshore petroleum facilities which must reduce emissions by an equivalent percentage in absolute terms (regardless of production). The system applies to the same sectors and GHGs as the federal Canadian system, and follows the same price trajectory, rising CAD 15 (USD 11.11) each year until 2030, resulting in a price of CAD 170 (USD 125) per tCO2e in 2030.  
";In line with the federal OBPS pricing trajectory, the 2024 price was CAD 80 (USD 58.42) per tCO2e and increased to CAD 95 (USD 69.38) per tCO2e in 2025 .;"The mandatory inclusion threshold is set lower than in the Canadian federal system, applying to facilities in covered sectors with emissions exceeding 25,000 tCO2e/year and with a voluntary opt-in option for smaller emitters (emitting any amount greater than 15 tCO2e/year). 
";Baselines (Intensity-based);Annual;The Newfoundland and Labrador PSS is not linked with any other system. However, covered facilities can become eligible for certain exemptions from the Canada federal fuel charge.  ;Electricity and heat, Industry, Mining and extractives;6,083831923082208e-05;2019,0;False;;North America;High income;Subnacional - Estado/Província;53,8217327;-61,2295532
Tax_CA_NT;Northwest Territories carbon tax;Taxas de Carbono;Extinto;Northwest Territories;;;23,875845602865105;31,9693094629156;48,030739673390975;58,94488653109343;;;;;14,137092961777286;25,839857122373058;33,775950772922215;42,965870613206384;54,55104045883609;;3x;;;;;;;;;;;;;;;;;;;;;;;;;2019,0;False;;North America;High income;Subnacional - Estado/Província;65,0000004;-118,0
ETS_EU_NO;EU ETS;Sistema  de comércio de licenças de emissão (ETS);Implementado;Norway;0,36;US$85 (€73);;;;;;;;US$48,752 million (2025) (€43,250 million);;;;;;;;CO2, N2O, PFCs, and additional coverage in certain industries;;;;;;;;;;;;Free allocation (Intensity-based), Auctioning;None (Market stability reserve, no direct corridor);Point Source;Not permitted;Operational since 2005, the European Union Emissions Trading System (EU ETS) is the oldest cap-and-trade system in force. It is a cornerstone instrument of the EU’s policy framework to combat climate change under the “European Green Deal” and reduce GHG emissions cost-effectively. The EU ETS is currently in its fourth trading phase (2021 to 2030). Every year, covered entities must surrender allowances for their emissions under the EU ETS. Auctioning is the main method of distributing allowances, with free allocation, based on benchmarks, used to address carbon leakage. ;The definitive phase of EU CBAM commenced in January 2026. The first payments from CBAM are due by September 30,2027. In July 2026 the European Commission will discuss potential reforms to the EU ETS, including potential changes to the Market Stability Reserve and measures to preserve competitiveness.;"The EU ETS applies to direct (scope 1) emissions from activities in the power sector, manufacturing, industry, and intra-EU aviation (including flights from the EEA to the United Kingdom). The EU ETS covers CO2 emissions, and emissions of other gases from certain activities. Each sector or activity has a specific threshold for participation.

Recent reforms to the scheme expanded its scope to maritime transport, and introduced a new, separate emissions trading system for buildings, road transport and additional sectors (EU ETS 2)";Free allocation (Intensity-based), Auctioning;Annual;The EU ETS has been linked with the Switzerland ETS since 2020. Several countries that participate in the EU ETS also have domestic mechanisms.;;;2005,0;False;;Europe & Central Asia;High income;Regional;64,5731537;11,52803643954819
Tax_NO;Norway carbon tax;Taxas de Carbono;Implementado;Norway;0,65;US$170 (NOK1,639);80,3528487137679;96,30561592130849;94,4908945138014;107,78355153228917;133,92048649833671;169,70562958821276;1.112005141133657;US$1,870 million (2025) (NOK19,440 million);1591,9992919727415;1746,4493597206051;1962,0005200658763;1495,645313979178;1589,4532764637506;1869,9799599198457;0.17461104998523064;CO2, N2O, CH4, HFCs, PFCs, SF6;Yes;Yes;Yes;Yes;Yes;Yes;Yes;No;Yes;No;"Diesel; Other oil products; Gasoline; Kerosene; LPG; Natural gas; Waste as fuel; Jet fuel";Set price;The price is set yearly by the Norwegian Parliament. The government has also announced a plan to increase prices towards 2030 and 2035.  ;Upstream;Not permitted;The Norway Carbon tax aims to achieve cost-effective GHG emissions reductions. The tax consists of: a CO2 tax on mineral products (CO2-avgift på mineralske produkter), a tax on emissions from petroleum activities on the continental shelf (CO2-avgift i petroleumsvirksomheten på kontinentalsokkelen), a tax on HFC/PFC emissions (Avgift på HFK og PFK) and, a tax on emissions of CO2 from waste incineration (Avgift på avfallsforbrenning), and since 2023, a tax on sulphur hexafluoride (SF6). The tax complements and strengthens the carbon price created by the EU ETS, covering some activities not captured by the ETS and adding extra costs for some activities;"From 1 January 2026, taxes on emissions under the effort sharing regulation (non-ETS emissions, etc.) increases by 14 percent beyond inflation. This increase applies to the CO2 tax on mineral products, the tax on hydrofluorocarbons and perfluorocarbons (HFCs and PFCs), and the tax on SF6. 

 

As of the 2025 budget, the government has extended the CO₂ tax to previously untaxed sectors: from 1 January 2025 the tax now also applies to vessels engaged in fishing and catching in distant waters (beyond 250 nautical miles). The reduced tax rate for those distant-water fishing vessels is NOK 0.93 per litre (mineral oil) for 2025. This corresponds to 25 percent of the general rate for emissions under the effort sharing regulation. In the climate status and plan for 2025, it was announced that the rate will gradually increase to the general level for emissions under the effort sharing regulation during the period 2025–2028. In the 2026 budget however, the rate is kept at 25 percent of the general level due to the risk of carbon leakage. The reduced tax rate is 1,11 per liter mineral oil in 2026. 

 

As of the 2026 budget, the government has introduced a new rate for vessels engaged in fishing in both distant and near waters. The tax rate is NOK 2,76 per liter. The new rate is in between the general rate for fishing in near waters and the reduced rate for fishing in distant waters. The tax rate is NOK 1 024 per ton CO2 (62,5 percent of the general level). 

 

A separate CO₂-tax rate for international shipping was also introduced in 2025 (in the mineral-products tax framework), though its final implementation was is conditional on compliance with state-aid rules.  The tax was never implemented and in the 2026 budget it is decided to not implement the tax.  

 

As of the 2026 budget, the parliament has adopted a general exemption in the CO2 tax on mineral products for undertakings covered by the EU ETS and outside the Effort Sharing regulations, which includes domestic aviation and mainland industries covered by the EU ETS. The general exemption will enter into force from the time ESA approves the exemption.  

 

The expansion of EU ETS implies that some emissions are both regulated by EU ETS and EU Effort Sharing Regulation. As of the 2026 budget, there will be a general exemption in the CO2 tax on mineral products for emissions that are subject to EU ETS and not the effort sharing regulation.  ";The Norwegian carbon tax applies to direct (scope 1) CO2 emissions from combustion of all liquid and gaseous fossil fuels and incineration of waste, CO2 and CH4 fugitive emissions, and emissions of HFCs, PFCs and SF6. All sectors are covered, some qualifications (see competitiveness considerations and exemptions). Emissions from operators covered by the EU ETS are mainly exempt, except for those from offshore petroleum production, domestic maritime transportation, and domestic aviation.  ;Set price;Monthly;Operators covered by the EU ETS are exempt from the carbon tax, except for offshore oil production activities and maritime transport. Due to state aid regulation, some emissions from mainland industry and waste incineration and domestic aviation covered by the ETS are also covered by reduced tax rates in accordance with the Energy tax directive.  ;Electricity and heat, Industry, Mining and extractives, Transport, Aviation, Buildings, Agriculture, forestry and fishing fuel use, Waste;0,0004142616088638;1991,0;False;;Europe & Central Asia;High income;Nacional;64,5731537;11,52803643954819
ETS_CA_NS;Nova Scotia OBPS;Sistema  de comércio de licenças de emissão (ETS);Implementado;Nova Scotia;0,35;US$68 (CAN$95);19,657779546358935;23,09782608695652;20,87489839651223;58,94488653109343;66,21131865068301;68,40437788018433;2.479761166253101;US$24 million (2025) (CAN$33 million);21,43408887921146;35,742619028630955;39,96720000527798;25,25204264190235;13,000000000000094;23,60336630426268;0.1012068876487289;CO2, CH4, N2O, HFCs, SF6, PFCs, NF3;Yes;Yes;Yes;No;No;No;No;No;No;No;"Diesel; Other oil products; Gasoline; Kerosene; LPG; Natural gas; Coal";Free allocation (Intensity-based);None (set carbon price path);Point Source;Not permitted;"The Nova Scotia Output-Based Pricing System for Industry (Nova Scotia OBPS) is part of the province’s approach to reduce GHG emissions from large industrial facilities. 
 
The Nova Scotia OBPS was approved by the Canadian federal government in November 2022 and began operating in 2023. It replaced Nova Scotia’s cap-and-trade program, which had been in place since 2019 but was officially phased out after the final compliance deadline in December 2023. 
   
Covered entities must surrender allowances (compliance units) for emissions that exceed the facility’s annual emissions limit. The annual emissions limit is based on an emissions intensity benchmark. If a facility’s emissions are below its limit, it earns performance credits (compliance units), which can be banked for future use or sold.  ";"In January 2025, Canada and Nova Scotia entered into an equivalency agreement for GHG emissions from electricity producers, recognizing Nova Scotia's Greenhouse Gas Emissions Regulations. Under the agreement, total electricity sector emissions in Nova Scotia must not exceed 6 MtCO2e in 2025, with cumulative emissions of no more than 21.5 MtCO2e for the 2026–2029 period. 

On April 1, 2025, the Canadian federal government eliminated the consumer-facing federal fuel charge, refocusing carbon pollution pricing requirements on industrial emissions through systems like the Nova Scotia OBPS.";"The Nova Scotia OBPS sets facility-level emissions-intensity standards (performance standards) for electricity generators and large industrial emitters. 

The Nova Scotia OBPS is mandatory for facilities with annual emissions equal to or more than 50,000 tCO2e. Other facilities under this threshold with annual emissions of  ≥10,000 tCO2e/year have the option to voluntarily join the system. If not, they would be subject to the Canada federal fuel charge. ";;Other;The Nova Scotia Cap-and-Trade program meets the federal carbon pricing requirements and the federal backstop is therefore not applied.;Electricity and heat, Industry, Mining and extractives;9,867197280253811e-05;2019,0;False;;North America;High income;Subnacional - Estado/Província;45,1960403;-63,1653789
ETS_CA_Ontario;Ontario CaT;Sistema  de comércio de licenças de emissão (ETS);Extinto;Ontario;;;;;;;;;;;;;;;;;;;;;;;;;;;;;;;;;;;;;;;;;;2017,0;False;2018,0;North America;High income;Subnacional - Estado/Província;50,000678;-86,000977
ETS_CA_Ontario2;Ontario EPS;Sistema  de comércio de licenças de emissão (ETS);Implementado;Ontario;0,24;US$68 (CAN$95);;31,9693094629156;48,030739673390975;58,94488653109343;66,21131865068301;68,40437788018433;1.1396889400921657;US$186 million (2025) (CAN$261 million);;;;;;186,32354309880083;;CO2, CH4, N2O, SF6, HFCs, PFCs, NF3;Yes;Yes;Yes;No;No;No;No;No;No;No;"Diesel; Other oil products; Gasoline; Kerosene; LPG; Natural gas; Coal";Free allocation (Intensity-based);None (set carbon price path);Point Source;Not permitted;"Ontario’s Emissions Performance Standards (EPS) program came into effect in January 2022, replacing the federal output-based pricing system (OBPS) that was operational in Ontario from 2019 to 2021. It is an intensity-based ETS for large industrial emitters, in which each covered entity must surrender compliance units for emissions that exceed the facility’s annual emissions limit. The annual emissions limit is based on facility-specific, sectoral, or historical emissions benchmarks, depending on the facility. The system applies to the same sectors and gases as the federal OBPS.  

 

The federal fuel charge took effect in Ontario in 2019 and remains in effect, with the price rising CAD 15 (USD 11.11) each year until 2030, resulting in a price of CAD 170 (USD 125.93) per tCO2e in 2030.    ";"In August 2025, the Greenhouse Gas Emissions Performance Standards Regulation was amended to allow voluntary participants to cancel their registration and exit the EPS program. Facilities that submitted a request on or before December 31, 2025 received an effective exit date of March 31, 2025, applied retroactively. 

Corresponding changes were made to the EPS Methodology, Reporting Regulation, and the Guideline for Quantification, Reporting and Verification of Greenhouse Gas Emissions to account for the partial-year calculation of verified emissions, production, and emissions limits for departing facilities.";The intended scope of emissions coverage is similar to the federal OBPS. It covers all greenhouse gas emissions from facilities that are engaged in covered industrial activities and with emissions exceeding 50,000 tCO2e/year. Smaller emitters may also be covered by the system, on an opt-in basis.;Baselines (Intensity-based);Annual;Allocation is determined in relation to annual emissions limits based on emissions intensity benchmarks.  ;Electricity and heat, Industry, Mining and extractives;0,0006811185322598;2022,0;False;;North America;High income;Subnacional - Estado/Província;50,000678;-86,000977
ETS_US_Oregon;Oregon ETS;Sistema  de comércio de licenças de emissão (ETS);Implementado;Oregon;0,5;US$0 (US$0);;;;;;;;US$ million (2025) (US$ million);;;;;;;;CO2, CH4, N2O, SF6, HFCs, PFCs, NF3;No;Yes;Yes;Yes;No;Yes;Yes;No;Yes;No;"Diesel; Gasoline; LPG; Natural gas";Free allocation (some from second compliance), Auctioning;Auction floor + cost containment, plus “Community Climate Investment” credits;Mixed (upstream fuels + point sources);Yes, with quantitative limit;"Oregon's Climate Protection Program (CPP) was adopted by the Environmental Quality Commission (EQC) in November 2024, following the December 2023 court invalidation of a prior program, and entered into force in January 2025. The CPP is an ETS designed to reduce GHG emissions by 50% below the 2017–2019 average by 2035 and by 90% by 2050.
 
Initially launched in 2022, the CPP aimed to reduce GHGs in the state and deliver benefits to Oregon communities. The CPP established a declining cap on regulated emissions for covered entities, which included natural gas utilities (referred to as ""local distribution companies"") and non-natural gas fuel suppliers. The 2025 cap is 24.1 MtCO2e and planned to reduce each year, to reach 90% below 2017-2019 emissions levels by 2050. 
 
Covered entities were allocated yearly allowances based on their emissions. Additionally, the program permitted these companies to meet up to 10% of their emissions reduction obligations using compliance offset credits sourced from within Oregon, a threshold planned to increase to 20% over time. 

Emissions-intensive, trade-exposed (EITE) industries and direct-use natural gas (DNG) sources are registered in the program from the start but have compliance obligations only from the second compliance period (2028–2029), once DEQ has established emissions-intensity benchmarks for them. Electricity generation and aviation fuels are explicitly excluded.
 

";"In 2025, Oregon's CPP entered its first compliance period. DEQ oversaw the program's operational launch, including the first annual distribution of compliance instruments to covered entities. As a one-time measure, DEQ also distributed early reduction compliance instruments representing emissions reductions in the fuels market from 2022 to 2024. 

Throughout 2025, DEQ began preparatory rulemaking to define declining emissions-intensity benchmarks for EITE and DNG sources ahead of their entry into the program in 2028.";;;;;Industry, Mining and extractives, Transport, Buildings, Agriculture, forestry and fishing fuel use, Waste;0,000483285925456;2016,0;False;;North America;High income;Subnacional - Estado/Província;43,9792797;-120,737257
ETS_PK;Pakistan ETS;Sistema  de comércio de licenças de emissão (ETS);Em consideração;Pakistan;;;;;;;;;;;;;;;;;;;;;;;;;;;;;;;;;;"Pakistan is considering market-based climate policy instruments, including an ETS. The Ministry of Climate Change and Environmental Coordination (MoCC&EC) has received support from the UNFCCC and the World Bank in developing a MRV roadmap, establishing a domestic ETS framework, and in building a communication strategy for carbon pricing. The ongoing work on establishing a registry and MRV system has progressed to the implementation phase. 
 
Pakistan launched the National Committee on Establishment of Carbon Markets (NCEC) in December 2019, which coordinated ministerial activities on carbon pricing. Among other responsibilities, the one-year committee was tasked with assessing the role and scope of carbon markets in delivering Pakistan’s NDC and identifying opportunities for and challenges to improving emissions data. The NCEC reviewed existing carbon market designs, deliberated with national stakeholders, and coordinated information-sharing and capacity-building activities. The MoCC&EC is currently advancing the work in these areas under the World Bank’s PMI program where the initial mapping exercise has led to the implementation of activities contributing to four broad outcomes. The country will initiate work on: 1) domestic carbon pricing policy; 2) international carbon market to operationalize Article 6; 3) an MRV framework; and 4) knowledge management/capacity building under the current support in next five years. 
 
Besides a domestic ETS, Pakistan aims to launch credit-based trading mechanisms linked to international carbon markets, which would enable it to supply offset credits to partner countries. Policy guidelines are being drafted to provide a roadmap for carbon trading in international markets. This includes the guidelines for developing emission reduction projects and protocols for corresponding adjustment.";No significant recent developments.;;;;;;;2021,0;False;;Middle East & North Africa;Lower middle income;Nacional;30,3308401;71,247499
Tax_PY;Paraguay carbon tax;Taxas de Carbono;Em consideração;Paraguay;;;;;;;;;;;;;;;;;;;;;;;;;;;;;;;;;;;;;;;;;;2024,0;False;;Latin America & Caribbean;Upper middle income;Nacional;-23,3165935;-58,1693445
ETS_US_PE;Pennsylvania ETS;Sistema  de comércio de licenças de emissão (ETS);Em consideração;Pennsylvania;;;;;;;;;;;;;;;;;;;;;;;;;;;;;;;;;;"In October 2019, Pennsylvania’s Governor Tom Wolf signed an executive order directing the state’s Department of Environmental Protection (DEP) to develop and present to the Environmental Quality Board (EQB) a proposal for an ETS covering CO2 emissions from the electric power sector and its linkage to the Regional Greenhouse Gas Initiative (RGGI).
  
In April 2022, the final regulation to establish an ETS in Pennsylvania and to participate in RGGI was published. It set a base cap of 78 million short tons (70.8 MtCO2) if Pennsylvania was a participating state of RGGI as of 1 January 2022. The cap decreases by 3% annually to 58.1 million short tons (52.7 MtCO2) in 2030. Before the regulation took effect, it faced legal challenge, and in November 2023 the Commonwealth Court ruled it unconstitutional on the grounds that RGGI-related revenues constituted a tax requiring legislative approval. Governor Josh Shapiro's administration appealed the ruling.

The regulation includes the implementation of both emissions containment and cost containment reserves, as well as quarterly auctions to allocate allowances. It includes additional features such as set-aside accounts (accounts from which allowances may be transferred to the accounts of regulated units or retired on their behalf) for waste coal and cogeneration units (including combined heat and power systems), and a limited exemption for cogeneration units that supply less than 15% of their total energy to the electricity grid. 
";In June 2025, Pennsylvania formally ended its RGGI participation through the 2025–2026 budget legislation (House Bill 416). In April 2025, the Pennsylvania Climate Emissions Reduction Act (PACER) was reintroduced in both chambers as House Bill 503 and Senate Bill 503. As of the end of 2025, PACER was under legislative consideration.;;;;;;;2019,0;False;;North America;High income;Subnacional - Estado/Província;40,9699889;-77,7278831
ETS_PH;Philippines ETS;Sistema  de comércio de licenças de emissão (ETS);Em consideração;Philippines;;;;;;;;;;;;;;;;;;;;;;;;;;;;;;;;;;The LCEIA (Low Carbon Economy Investment Act) provides for a carbon pricing framework covering large and medium emitters in the energy, transportation, industry, agriculture, forestry, and waste sectors. The Climate Change Commission (CCC) would consolidate sectoral decarbonization pathways based on entities' submitted plans and determine annual allowance allocations at both the sectoral and individual levels.;"On June 4, 2025, the Philippine House of Representatives approved on third reading the Low Carbon Economy Investment Act (LCEIA), House Bill No. 11375, during the 19th Congress. The Act was transmitted to the Senate and refiled for the 20th Congress (2025–2028) as House Bill 2055. On December 10, 2025, the Senate Committee on Climate Change approved it subject to amendment. The LCEIA is now pending Senate deliberation; any differences between the House and Senate versions will be reconciled before submission to the President.";;;;;;;;False;;East Asia & Pacific;Lower middle income;Nacional;12,7503486;122,7312101
Tax_PL;Poland carbon tax;Taxas de Carbono;Implementado;Poland;0,24;US$0 (PLZ0);0,0786243278888099;0,0762304064033541;0,079191316905017;0,084980879302157;0,0983029801324503;0,1061897443062735;0.3505965285508887;US$7 million (2025) (PLZ27 million);6,347243770420702;1,245495544095119;6,236862505209449;1,284592815795736;6,883067402981831;7,28618439276258;0.1479288737447757;CO2, CH4, N2O, HFCs, SF6, PFCs, Other;In principle;Yes;Yes;Yes;In principle;Yes;Yes;No;No;No;"Diesel; Other oil products; Gasoline; Kerosene; Coal";Set price ;;Point source ;Not permitted;The Poland carbon tax (Stawki opłat za korzystanie ze środowiska, as applied to GHGs) is part of the Environmental Protection Act (Prawo ochrony srodowiska), which taxes different kinds of environmental emissions such as CO2 and other GHG emissions, dust, sewage and waste. The price increases each year in line with inflation. The tax complements the EU ETS, capturing emissions from fuel use not covered by the ETS. ;As of mid-2025, Poland’s carbon tax remains at roughly €0.09 per tonne CO₂e. ;The Poland carbon tax applies to direct (scope 1) emissions of all GHGs from all sectors. Entities are exempt if the total annual tax amount due under the Environmental Protection Act is less than PLN800.;Set price ;Annual ;Operators covered by the EU ETS are exempt from the carbon tax, except to the extent they receive free allowances.;Industry, Mining and extractives, Transport, Buildings, Agriculture, forestry and fishing fuel use;0,0015706099023274;1990,0;False;;Europe & Central Asia;High income;Nacional;52,215933;19,134422
Tax_PT;Portugal carbon tax;Taxas de Carbono;Implementado;Portugal;0,4;US$78 (€67);27,81387334925465;26,170520028602276;25,751393893507935;25,45303291598316;72,700332;78,206095;1.8117656975703371;US$1,333 million (2025) (€1,182 million);267,8138346534502;354,3982797233068;471,3352384881747;;1278,8862891061551;1332,5454113084495;4x;CO2;No;No;No;No;No;No;No;No;No;No;"Diesel; Other oil products; Gasoline; Kerosene; LPG; Natural gas; Jet fuel; Coal";Set price, Rebates;Formula-based price setting.;Upstream;Not permitted;The Portugal carbon tax is an excise tax under the special taxes on consumption (Codigo dos Impostos Especiais de Consumo). The tax rate is determined annually based on the average EU ETS allowance in the preceding year. For EU ETS-covered coal generators their carbon tax rate is based on 50% of the difference between the full carbon tax rate and a target carbon price of EUR25/tCO2. The tax was introduced as part of wider package of green tax reforms and serves as a complementary policy measure to the EU ETS. Portugal also levies a flat EUR2/ticket carbon charge on air and sea travel (Taxa de carbono sobre viagens aéreas).;As part of the State Budget Law 2025, the government has reinstated planned increases (“descongelamento”) in the carbon-tax surcharge on fossil-fuel products, ending the freeze that began in 2022. ;The Portugal carbon tax applies to direct (scope 1) CO2 emissions from all fossil fuel combustion. Facilities covered by the EU ETS are eligible for rebates, although when they were operating coal-fired generators faced a surcharge on top of EU ETS costs. In practice, it covers mainly the industry, buildings and transport sectors.;Set price, Rebates;Monthly;;;0,0003997218086557;2015,0;False;;Europe & Central Asia;High income;Nacional;39,6621648;-8,1353519
Tax_CA_PE;Prince Edward Island carbon tax;Taxas de Carbono;Extinto;Prince Edward Island;;;23,875845602865105;23,9769820971867;36,94672282568536;;;;;;9,693154456914804;24,404309504463445;23,105059105887644;10,371072216980853;;;;;;;;;;;;;;;;;;;;;;;;;;;;2019,0;False;2023,0;North America;High income;Subnacional - Estado/Província;46,3355508;-63,1466676
ETS_CA_Quebec;Quebec CaT;Sistema  de comércio de licenças de emissão (ETS);Implementado;Quebec;0,79;US$29 (US$40);17,94;38,58;29,84;38,59;41,54;29,046658986175117;0.6191002779361826;US$794 million (2025) (CAN$1,110 million);514,4039242908805;897,9299677666057;1028,0214461920252;1051,4378468940415;1054,3778936812034;793,931412052472;0.5434007684660018;CO2, CH4, N2O, HFCs, PFCs, SF6, NF3;Yes;Yes;Yes;Yes;No;Yes;Yes;No;No;No;"Diesel; Other oil products; Gasoline; Kerosene; LPG; Natural gas; Coal";Free allocation (Intensity-based), Auctioning;Price floor, Market stability reserve;Mixed (point source + upstream fuels + electricity);Yes, with quantitative limit;"Québec’s Cap-and-Trade System started in 2013 and covers ~80% of the province’s GHG emissions. 
 
The system covers fuel combustion emissions in the power, buildings, transport, and industrial sectors, as well as industrial process emissions. Covered entities must surrender allowances for all their covered emissions. Most emission units are auctioned, with a portion freely allocated to emissions-intensive, trade-exposed (EITE) sectors and to electricity producers with fixed-price sales contracts concluded before the announcement of the system. 
 
Québec has been a member of the Western Climate Initiative (WCI) since 2008 and formally linked its system with California’s in 2014.  ";"In June 2025, Québec published its 2025–2030 Implementation Plan for a Green Economy, with funding drawn primarily from carbon market revenues to support transportation electrification, energy efficiency, and clean technology programs. 

Regulatory amendments to the CaT system advanced through 2025, following stakeholder consultations in 2023 and a market notice in October 2024. The draft regulation is expected to be enacted in spring/summer 2026. Proposed amendments include changes to unit supply, offset credit limits, reserve prices, and compliance period alignment with 2030 and 2050 targets. 

In 2025, Québec, California, and Washington continued to affirm their commitment to explore potential linkage.";The Quebec CaT applies to GHG emissions from the industry, power, transport and buildings sectors and includes industrial process emissions.;Free allocation (Intensity-based), Auctioning;Other;"The Quebec CaT has linked with the California CaT since 2014 under the Western Climate Initiative (WCI).

The Quebec Cap-and-Trade system meets the federal carbon pricing requirements and the federal backstop is therefore not applied.";Electricity and heat, Industry, Mining and extractives, Transport, Buildings, Agriculture, forestry and fishing fuel use;0,0011432792582054;2013,0;False;;North America;High income;Subnacional - Estado/Província;52,4760892;-71,8258668
Tax_MX_Queretaro;Queretaro carbon tax;Taxas de Carbono;Implementado;Queretaro;0,18;US$39 (MXN692);;;32,200205082725944;36,69819463642235;32,78794814993099;38,85816626150228;0.206767663798143;US$12 million (2025) (MXN240 million);;;;15,715099533280895;15,407712797558782;12,492782112721654;-0.2050459441084118;CO2, CH4, N2O, HFCs, SF6, PFCs, Other;No;Yes;Yes;No;No;Yes;Yes;No;No;No;;Set price;Formula- based price ;Point Source;Yes, upt to 20% of certified emissions certified with the carbon Stad of Querétaro (SBC-QRO) ;"In January 2022, the state of Queretaro implemented a series of ecological taxes including a tax on emissions of gases into the atmosphere (Impuesto por la Emisión de Gases a la Atmósfera). The tax covers emissions generated in production processes, subject to reporting in the SEMARNAT Pollutant Emissions and Transfer Registers (Registro de Emisiones y Transferencia de Contaminantes, RETC), including carbon dioxide, methane, nitrous oxide, hydrofluorocarbons, perfluorocarbons and sulfur hexafluoride. It applies to any individual, legal entity, or economic unit that releases these types of emissions from fixed sources within the state, and that are obligated to report in the Registry of Emissions and Transfer of Pollutants of state jurisdiction. 

The carbon tax rate is set at 5.9 times the daily “Unit of Measurement and Update” [Unidad de Medida y Actualizacion (UMA)] per tonne of CO2e. 
In 2022 a flexibility mechanism, the Low Carbon Seal for the State of Querétaro, was created to allow companies to reduce the amount owed under the tax through direct reduction actions in their productive processes or the compensation of emissions with the use of carbon credits. In December 2023 an updated version of this mechanism was published.";No changes;The carbon tax covers substances generated in production processes, subject to reporting in the SEMARNAT Pollutant Emissions and Transfer Registers (Registro de Emisiones y Transferencia de Contaminantes, RETC), including carbon dioxide, methane, nitrous oxide, hydrofluorocarbons, perfluorocarbons, and sulfur hexafluoride.;Set price;Annual;The updated operational rules for the Low Carbon Seal for the state of Querétaro allows for entities with obligations under the Emissions Trading System of Mexico to use any carbon credits purchased for this mechanism to also be used for application for the seal as long as it fulfills the requirements established by the regulation.;Industry, Mining and extractives, Buildings, Agriculture, forestry and fishing fuel use;0,0;2022,0;False;;Latin America & Caribbean;Upper middle income;Subnacional - Estado/Província;20,8052225;-99,8837376
ETS_RGGI;RGGI;Sistema  de comércio de licenças de emissão (ETS);Implementado;RGGI;0,14;US$26 (US$26);8,69;13,89;15,3882476;17,64;23,32;26,43341766012445;2.0418202140534465;US$1,500 million (2025) (US$1,500 million);416,2655057;926,17253793;1193,61912252;1264,94111527;1456,17030204;1500,0;3x;CO2;Yes;No;No;No;No;No;No;No;No;No;"Diesel; Other oil products; Gasoline; Kerosene; LPG; Natural gas; Coal";Auctioning;Price floor, Emissions containment reserve, Cost containment reserve;Point Source;Yes, with quantitative limit;"The Regional Greenhouse Gas Initiative (RGGI) launched in 2009 and is the first mandatory GHG ETS in the United States. It started operating with ten states (Connecticut, Delaware, Maine, Maryland, Massachusetts, New Hampshire, New Jersey, New York, Rhode Island, and Vermont). RGGI’s development was based on the “2005 RGGI Memorandum of Understanding” (MOU) and on the “2006 RGGI Model Rule”. Through statutes or regulations based on the Model Rule, each state then established individual CO2budget trading programs.

New Jersey withdrew at the end of the first control period in December 2011 and rejoined in 2020. Virginia joined in 2021 and left in December 2023. Pennsylvania formally participated from 2022 but was prevented from full participation by court injunctions; it withdrew in November 2025. In February 2026, Virginia's Governor signed legislation requiring the state to refile regulations to rejoin RGGI within 90 days.
 
RGGI covers power sector emissions in participating states. In 2020, it covered around 14% of the aggregate participant states’ emissions; in 2021, 228 facilities were covered by the state regulations. The aggregate cap will decrease by 30% compared to 2020 between 2021 and 2030. Under the ETS, covered entities must surrender allowances for all their covered emissions. Covered entities obtain most of their allowances through regular auctions, while some states have “set-aside” accounts from which they may transfer a limited number of allowances to entities’ compliance accounts.  

RGGI has completed three program reviews. The third review, concluded in July 2025, introduced reforms taking effect from 2027, including a revised cap trajectory, an expanded cost containment reserve, a higher auction price floor, and a phase-out of new offset credit awards.";"In July 2025, the ten participating RGGI states released the results of the Third Program Review. Effective from 2027, the reforms include: a tightened cap declining by approximately 8.5 million short tons CO2 per year from 2027 to 2033, then by approximately 2.4 million short tons per year from 2034 to 2037; an expanded two-tier cost containment reserve of approximately 11.75 million allowances per tier, with trigger prices of USD 19.50 and USD 29.25 in 2027; a minimum reserve price rising to USD 9.00 in 2027 and increasing 7% annually thereafter; and a phase-out of new offset credit awards beginning in 2027. 

In November 2025, Pennsylvania formally ended its RGGI participation through its fiscal code budget bill (House Bill 416). In February 2026, Virginia Governor Abigail Spanberger signed House Bill 29 directing the state's Department of Environmental Quality to file regulations to rejoin RGGI within 90 days.";RGGI covers CO2 emissions from fossil fuel electric generating units (i.e., fossil fuel-fired stationary boilers, combustion turbines, or combined cycle systems). RGGI covers CO2 emissions only. ; Auctioning;Other;Operators in Massachusetts need to meet their compliance obligations under both the Massachusetts ETS and RGGI.;Electricity and heat;0,0016622885726415;2009,0;False;;North America;High income;Subnacional - Estado/Província;42,1058;-73,1969
ETS_JP_Saitama;Saitama ETS;Sistema  de comércio de licenças de emissão (ETS);Implementado;Saitama;0,16;US$1 (JPY144);5,415651232060655;3,8379705400981994;1,0788133053640996;0,949241924851681;0,9612817089452604;0,9612817089452604;-0.8224993324432577;US$ million (2025) (JPY million);;;;;;;;CO2;In principle;Yes;In principle;No;No;Yes;Yes;No;No;No;"Diesel; Other oil products; Gasoline; Kerosene; LPG; Natural gas; Coal";Free allocation (Grandfathering);None (no corridor). Baseline approach with compliance factors;Downstream;Yes, with partial limit;"The Saitama ETS is a baseline-and-credit system that sets mandatory emission reduction targets for large buildings and factories. The cap is aggregated bottom-up from annual facility-level emissions limits (‘baselines’). Covered entities must surrender allowances for emissions that exceed the facility-specific baseline, which is based on absolute historical emissions. The baselines are calculated using base-year emissions and a compliance factor, which is set for each period based on regulations established by the Governor of Saitama and expert consultation. Saitama’s ETS is linked to Tokyo’s cap-and-trade program, with credits mutually exchangeable between the two jurisdictions.
";"The fourth compliance period (FY2025–FY2029) began in April 2025. The compliance factor was raised to 50% for office buildings and 48% for factories. Off-site renewable energy, including self-consignment and power purchase agreements, is treated as zero-emissions, and renewable energy certificates may be deducted from reported energy-related CO2 emissions. Actual emission factors, rather than fixed factors, apply to electricity, heat, and city gas supplied by retailers based on facility contracts. 

From April 2025, excess emission reduction credits are awarded only for reductions achieved through energy efficiency and renewable energy measures and credits are no longer issued for certification improvements or emission factor adjustments. In June 2025, the Prefectural government reported that the Saitama ETS achieved a 42% emissions reduction below base-year levels in FY2023, and that 448 of the 564 covered facilities (79%) met their targets during the second compliance period.";The Saitama ETS applies to energy-use-related CO2 emissions from the industry, power and buildings sectors. It covers about 600 entities in the industrial and commercial buildings sectors.;Free allocation (Grandfathering);Other;The Saitama ETS is linked to the Tokyo CaT and operators can use credits from the Tokyo CaT to meet their compliance. ;Industry, Buildings, Agriculture, forestry and fishing fuel use;0,0;2011,0;False;;East Asia & Pacific;High income;Subnacional - Município;35,9754168;139,4160114
ETS_RU_Sakhalin;Sakhalin ETS;Sistema  de comércio de licenças de emissão (ETS);Em desenvolvimento;Sakhalin;;;;;;;;;;;;;;;;;;;;;;;;;;;;;;;;;;"In January 2021, the Russian Ministry of Economic Development, in cooperation with the regional government, approved the “Roadmap for the Implementation of an Experiment to Establish Special Regulation of GHG in the Sakhalin Region”. The overall aim of the roadmap is to ensure that Sakhalin achieves carbon neutrality by 2025, and includes plans for a pilot carbon trading system.  
 
In 2022, the State Duma approved a “Federal Law on Conducting an Experiment to Limit GHG Emissions in Selected Federal States of the Russian Federation”, introducing mandatory emissions reporting and verification requirements for regulated entities and obliging them to comply with the allocated emissions allowances. The law also sets a legal basis for allowance circulation between entities. 

The Sakhalin government approved a list of 50 regulated entities for the new ETS, emitting at least 20,000 tCO2 per year, in 2022, and a carbon registry started operating in test mode in September that year. The first compliance period is set to start in 2024. Covered entities will have to surrender allowances for all their covered emissions, and allocation is expected to be based on free allocation.  
 
In 2023, regulated entities submitted their first verified emissions reports for 2022, which became the basis for setting individual caps for 35 entities in September 2023.  ";;;;;;;;2021,0;False;;East Asia & Pacific;High income;Subnacional - Estado/Província;50,15947595;143,02644118600944
Tax_MX_SLP;San Luis Potosí carbon tax;Taxas de Carbono;Implementado;San Luis Potosí;0,68;US$20 (MXN352);;;;;16,67198789706612;19,75836107726944;0.18512328579283857;US$2 million (2025) (MXN41 million);;;;;1,067476166391165;2,1218964167656886;0.9877693606398917;CO2, CH4, N2O, HFCs, PFCs, and Black Carbon;Yes;Yes;Yes;No;No;Yes;Yes;No;No;No;Not defined ;Set price;Formula- based price ;Point source;Not identified;T CT (IEGA) seeks to internalize the environmental cost of pollution by assigning a price to GHG emissions measured in tons of carbon dioxide equivalent (tCO₂e), with the aim of guiding taxpayers toward less carbon-intensive production processes. The CT came into force on January 1, 2025, to grant emitting facilities the necessary administrative time to register, enable their record books, and adapt their monitoring systems. The tax rate amounts three times the daily “Unit of Measurement and Update” [Unidad de Medida y Actualización (UMA)], an economic reference for determining taxation and other payments set in legislation. The carbon tax is set to be applied to fixed sources that emit GHG. ;Fiscal Incentives for 2025;The CT taxes direct emissions (Scope 1) of CO2, methane (CH4), nitrous oxide (N2O), hydrofluorocarbons (HFCs), perfluorocarbons (PFCs), and sulfur hexafluoride (SF6) generated by stationary sources within the state. The collection and registration of taxpayers is the responsibility of the Ministry of Finance, while the Ministry of Ecology and Environmental Management (SEGAM) is in charge of monitoring, oversight, and validation of emissions reports. ;Set price;Monthly;Not identified;Electricity and heat, Industry, Mining and extractives, Buildings, Agriculture, forestry and fishing fuel use;0,0;2024,0;False;;Latin America & Caribbean;Upper middle income;Subnacional - Estado/Província;22,5000001;-100,4949145
ETS_CA_SK;Saskatchewan OBPS;Sistema  de comércio de licenças de emissão (ETS);Extinto;Saskatchewan;;;31,834460803820136;39,9616368286445;48,030739673390975;58,94488653109343;;;;;;;22,478154256523332;336,2554241908699;266,300000000002;260,9244856907584;11x;;;;;;;;;;;;;;;;;;;;;;;;;2019,0;False;;North America;High income;Subnacional - Estado/Província;55,5321257;-106,141224
Tax_SN;Senegal carbon tax;Taxas de Carbono;Em consideração;Senegal;;;;;;;;;;;;;;;;;;;;;;;;;;;;;;;;;;Senegal is in the process of designing a national carbon pricing mechanism aimed at reducing greenhouse gas emissions and supporting its climate commitments under the Paris Agreement. The initiative seeks to apply a carbon tax on key sectors such as energy, industry, and transport, with the potential for revenue-neutral design (recycling revenues to reduce other taxes or support green investments). While the framework is under development, the initiative is aligned with Senegal’s broader climate strategy, including renewable energy promotion, participation in carbon markets, and engagement in regional carbon finance initiatives. The tax is intended to complement other climate policies rather than act as the sole instrument for emissions reductions.;As of November 2025, Senegal is accelerating readiness for a national carbon market. According to Carbon Pulse, the country expects to finalize its Article 6 regulation (under the Paris Agreement) and national carbon registry “in the coming months.”;"Senegal’s carbon pricing initiative primarily targets energy, industrial, and waste sectors, covering direct (Scope 1) emissions from fossil fuels, industrial processes, and some waste/biomass sources, with CO₂ and CH₄ as the main greenhouse gases; coverage thresholds and exemptions are not yet publicly specified, and certain sectors may participate in Article 6 carbon markets.";;;;;;2019,0;False;;Sub-Saharan Africa;Lower middle income;Nacional;14,4750607;-14,4529612
ETS_CN_Shanghai;Shanghai pilot ETS;Sistema  de comércio de licenças de emissão (ETS);Implementado;Shanghai;0,21;US$9 (RMB62);6,315244848890647;9,27690759262754;8,720972555871006;10,06178043757688;10,797424467558198;9,050201357893664;0.4330721253798175;US$13 million (2025) (RMB96 million);;;;;13,289841309164997;13,289841309164997;0;CO2;No;Yes;Yes;Yes;Yes;Yes;Yes;No;No;No;"Diesel; Other oil products; Gasoline; Kerosene; LPG; Natural gas; Jet fuel; Coal";Free allocation (Grandfathering), Free allocation (Intensity-based), Auctioning;None (some auctions);Point Source;Yes, with quantitative limit;"The Shanghai pilot ETS is a cap-and-trade system that aims to promote the implementation of carbon emission control responsibilities and support the achievement of Shanghai's emission reduction targets. The pilot covers more than half of the city’s emissions, including industry and non-industrial sectors such as buildings, aviation, and shipping. The total amount of emission allowances is determined through a combined top-down and bottom-up approach based on reported emission data. 

Coverage has expanded progressively where the system began with power and industrial facilities, then extended to buildings, airports, domestic aviation, shipping, and road transport. Power sector transferred to China national ETS from 2019. The steel and cement sectors transferred to the China national ETS in 2024.

The Shanghai Environment and Energy Exchange (SEEE) operates the trading platform for both the Shanghai pilot and China's National Carbon Market, though the two markets remain separate.";"In February 2025, the Shanghai Municipal People's Government issued the Shanghai Carbon Emissions Management Measures, which took effect in April and replaced the 2013 interim measures as the legal basis for the Shanghai ETS. The new measures clarify management responsibilities, increase penalties for violations, and introduce local offset mechanisms for small-scale emission reductions.

In July 2025, the Shanghai Municipal People's Government issued an action plan for reforming the ETS from 2026 to 2030, with priorities including moving toward an absolute cap for sectors with stable emissions, lowering inclusion thresholds in 2026, expanding covered sectors in 2028, increasing the auctioned share of allowances to 8% by 2027, and developing local offset credits. ";The Shanghai pilot ETS applies to CO2 emissions from the industry,buildings and transport sectors.;Free allocation (Grandfathering), Auctioning;Annual;"The Shanghai ETS operates in parallel with the China national ETS.
";Industry, Mining and extractives, Transport, Aviation, Buildings, Agriculture, forestry and fishing fuel use;0,0010399957676856;2013,0;False;;East Asia & Pacific;Upper middle income;Subnacional - Município;31,2312707;121,4700152
ETS_CN_Shenzhen;Shenzhen pilot ETS;Sistema  de comércio de licenças de emissão (ETS);Implementado;Shenzhen;0,38;US$7 (RMB46);1,1200048695863896;0,6416304963200604;8,769017980636237;8,9560902796014;6,533762588740301;6,687698995391303;5x;US$ million (2025) (RMB million);0,3854643833267976;;3,749355377843375;;;;;CO2;No;Yes;Yes;Yes;No;Yes;No;No;Yes;No;"Diesel; Other oil products; Gasoline; Kerosene; LPG; Natural gas; Coal";Free allocation (Grandfathering), Free allocation (Intensity-based);None (two auctions historically);Downstream;Yes, with quantitative limit;The Shenzhen pilot ETS is the first Chinese pilot ETS, launching an intensity-based cap-and-trade system in the city of Shenzhen. It is the only Chinese pilot at the sub-provincial level. The Shenzhen pilot ETS is seen as a means for stable economic growth and comprehensive sustainable development. The total amount of emission allowances is the bottom-up combination of the free allowances to each covered business entity.;" From May to October 2025, the EEB published four trial methodologies for Tan Pu Hui local offset credits (STTCERs) covering distributed photovoltaic, paperless finance, second-hand electronics, and carpooling. 

The allocation plan for compliance year 2025 had not been released by year-end.";The Shenzhen pilot ETS applies to CO2 emissions from the industry, buildings and transport sectors.;"Free allocation (Grandfathering), Free allocation (Intensity-based), Auctioning
";Annual;"Coverage of power sector emissions was transferred to the the Chinese national ETS. 

Shenzhen has pioneered cross-regional cooperation. In 2014, Shenzhen and Baotou signed the 'Memorandum of Strategic Cooperation on the Construction of Carbon Trading Systems.' As a consequence of this, six companies in Baotou city of the Inner Mongolia Autonomous Region were covered in Shenzhen market on a voluntary basis as of June 2016.";Industry, Mining and extractives, Transport, Buildings, Waste;0,0003495939257091;2013,0;False;;East Asia & Pacific;Upper middle income;Subnacional - Município;22,5445741;114,0545429
Tax_SG;Singapore carbon tax;Taxas de Carbono;Implementado;Singapore;0,7;US$35 (S$45);3,7136066547831255;3,685684800235884;3,7678975131876418;18,47882326853426;18,61920011916288;34,98950314905528;8x;US$491 million (2025) (S$642 million);140,17116730789044;154,47084072498146;143,55464216634496;160,2884591515039;152,4284680819222;491,032161841753;3x;CO2, CH4, N2O, HFCs, SF6, PFCs, NF3;Yes;Yes;Yes;No;No;No;No;No;Yes;No;"Diesel; Other oil products; Gasoline; Kerosene; LPG; Natural gas; Waste as fuel; Jet fuel; Coal; Biofuels/Biogas";Auctioned at fixed price, with free allocation (intensity-based) for EITE sectors. ;Set price trajectory;Point source;Yes, with quantitative limits;The Singaporean government implemented its carbon tax on 1 January 2019. The carbon tax applies to all facilities with annual direct GHG emissions of 25, 000tCO2e or more, with no exemptions. The carbon tax rate is currently set at S$45/tCO2e for 2026 and 2027, and the carbon tax revenue supports initiatives to address climate change. In addition, as announced at Budget 2022, companies have been able to surrender high quality international carbon credits to offset up to 5% of their taxable emissions starting from 1 Jan 2024.  ;From 1 Jan 2026, Singapore raised its carbon tax rate from S$25/tCO2e to S$45/tCO2e. This increase was first announced at Budget 2022.;"The Singapore carbon tax applies to direct emissions from facilities emitting 25,000tCO2e or more in a year, covering carbon dioxide (CO2), methane (CH4), nitrous oxide (N2O), sulphur hexafluoride(SF6), hydrofluorocarbons (HFCs), perfluorocarbons (PFCs), and nitrogen trifluoride (NF3). The carbon tax is applied to all sectors, without exemption. 
Excise duties are also levied on transport fuels, and serve as a carbon price signal for transportation emissions.  ";Auctioned at fixed price, with free allocation (intensity-based) for EITE sectors. ;Annual;Not applicable;Electricity and heat, Industry, Mining and extractives, Waste;0,0010010963441341;2019,0;False;;East Asia & Pacific;High income;Nacional;1,357107;103,8194992
Tax_SL;Slovenia carbon tax;Taxas de Carbono;Implementado;Slovenia;0,46;US$36 (€31);20,320580000000003;19,11996;;18,59577;33,28098;35,801425;0.7618308630954429;US$181 million (2025) (€161 million);142,91002070443685;155,395223376455;80,99247225043229;90,10071694690258;174,17316076571757;181,4811964714255;0.2698983288705882;CO2;No;No;No;Yes;No;Yes;No;No;No;No;"Coal; Diesel; Kerosene; Other oil products; Gasoline; Natural gas; LPG; ";Set price;Fixed price;Midstream;;"Tax is payable for an atmospheric pollution by CO2 emissions from fuels (burning of liquid, gaseous and solid fuels). 
Fuels, which are subject to the environmental tax are listed in the Annex 1 to Decree on environmental tax on carbon dioxide emissions (OJ RS, number 48/2018). Tax base is 30.85 euros per unit of pollution. Units of pollution of each fuel type are presented in annex 1 to above mentioned Decree (example: petrol 2,3 units of pollution = 39,79 euros/ 1000 l, liquefied petroleum gas 2,9 units of pollution = 50,17 euros/ 1000 kg). 

Tax payers are producers, acquirers from other EU countries and importers of fuels from third countries.";On 5th June, 2025 Slovenia passed the Climate Act, which established a comprehensive framework of long-term climate and energy planning: a Long-Term Climate Strategy, Integrated Energy and Climate Plan, Adaptation Strategy, regional action plans, and a system for monitoring and reporting progress.;"The Carbon tax covers the Scope 1 emissions from the use of coal, diesel, kerosene, gasoline, natural gas, LPG and other oil products in transport and heating. It does not apply to emissions from fuels used for other purposes, for fuels used for electricity generation, for flight and ship transport (apart from that used for private purposes), for fuels used in the production of non-metallic mineral products, and fuel used for dual use. There is also an exemption for installations that have emissions of less than 25,000 tons of CO2 equivalent (for each year between 2008 and 2010) and have a nominal thermal power of less than 35 MW (“small appliances”).
 
Only CO2 emissions are covered by the mechanism.";Set price;Monthly;Installations covered by the EU ETS are exempt from the Carbon Tax ;Transport, Buildings;0,0001498869302425;1996,0;False;;Europe & Central Asia;High income;Nacional;46,1199444;14,8153333
Tax_ZA;South Africa carbon tax;Taxas de Carbono;Implementado;South Africa;0,82;US$18 (R308);9,150942751975306;9,83519223019814;8,925614267510202;10,08578223203669;12,848921725022183;18,284791565249396;0.9981320024434066;US$109 million (2025) (R1,943 million);38,53587330284152;93,52345182659649;103,26578200674857;122,92520239154906;92,15077511227766;108,59669520186156;1.818067579484541;CO2, CH4, N2O, HFCs, SF6, PFCs;Yes;Yes;Yes;Yes;Yes;Yes;Yes;No;No;No;"Diesel; Other oil products; Gasoline; Kerosene; LPG; Natural gas; Waste as fuel; Jet fuel; Coal";Set price;Set price trajectory. The Carbon Tax rate trajectory is set out in the 2022 Taxation Laws Amendment Act;Point source ;Yes, with quantitative limits;Since 2021, South Africa has made significant progress in implementing its response to climate change. In 2024, Parliament passed framework legislation, the Climate Change Act, providing a firm legal basis for climate action. The 2019 Carbon Tax Act has been implemented, and is entering a second phase with an increased tax rate trajectory. The carbon tax places a price on CO2 emissions from large businesses in the industry, power, and transport sectors.  ;". Carbon tax rate increased 
•	Rate raised in 2025 from R190 → R236 per tCO₂e. 
•	Tax rate for 2026: R308/tCO2e
•	Part of government’s plan to steadily escalate the tax toward 2030.
2. Carbon fuel levy increased (Apr 2025)
•	From 2 April 2025, fuel-related carbon levies increased by +3 cents/litre for petrol and diesel
3. Electricity price-neutrality extended to 2030
•	Government extended the measure ensuring carbon tax doesn’t increase electricity tariffs.
•	Prevents passthrough of carbon costs to consumers until 31 December 2030.";The Carbon Tax covers all types of fossil fuels combusted by large businesses across industry, power, and transport sectors. Emissions from industrial processes and fugitive emissions are covered by the tax. Partial exemptions exist. The carbon tax does not apply to the residential sector.;Set price;Annual;Carbon offset allowance of 5 to 10 per cent is available for taxpayers that participate in the carbon offset market.  ;Electricity and heat, Industry, Mining and extractives, Transport, Aviation, Buildings, Agriculture, forestry and fishing fuel use;0,0087816905522512;2019,0;False;;Sub-Saharan Africa;Upper middle income;Nacional;-28,8166236;24,991639
Tax_ES;Spain carbon tax;Taxas de Carbono;Implementado;Spain;0,02;US$17 (€15);17,619000000000003;16,578;16,3125;16,1235;16,182;17,407500000000002;-0.012004086497531125;US$116 million (2025) (€103 million);125,35966728459373;82,8033363839502;99,90372078620392;102,73495337032952;119,000296175335;116,1028772456946;-0.07384185232307772;HFCs, PFCs, SF6;No;Yes;No;No;No;No;No;No;No;No;Non-fuel emissions;Set price;Formula-based price based on the multiplication of 0,015 coefficient and fluorinate’s GWP. General rate of EUR 15/tCO2e, price floor or minimum rate of EUR 4,39/tCO2 for a few high GWP fluorinates (EUR100/kg fluorinate cap or price ceiling applies);Upstream;Not permitted;The Spanish tax on fluorinated gases (Impuesto sobre los Gases Fluorados de Efecto Invernadero) aims at curbing emissions from fluorinated greenhouse gases (F-gases). The tax complements the EU ETS, covering emissions that are not included under the ETS. ;No recent developments in the carbon tax since last report. ;The Spanish carbon tax applies to fluorinated GHG emissions (HFCs, PFCs, and SF6) from Annex I of the Regulation 2024/573. Use of fluorinated GHGs from chemical processes (production of aluminum), military use and international aviation and shipping, as well as F-gases with a global warming potential less than 150, are exempt. The export of the F-gases covered is exempt. Temporary exemptions apply to SF6 inhalators (until 2027). ;Set price;Quarterly;Not applicable;Industry;0,0001020010359082;2014,0;False;;Europe & Central Asia;High income;Nacional;39,3260685;-4,8379791
Tax_MX_SoMexico;State of Mexico carbon tax;Taxas de Carbono;Implementado;State of Mexico;0,48;US$2 (MXN43);;;2,3833938419754457;3,5008722000567385;2,8489048907837926;2,4141435124103823;0.012901632073300197;US$15 million (2025) (MXN291 million);;;;4,786832381844427;13,776670401255066;15,121500922026916;2.1589785720051498;CO2, CH4, N2O;Yes;Yes;Yes;No;No;Yes;Yes;No;No;No;Applies to fixed sources of emissions (carbon dioxide, methane, and nitrous oxide gases) that sum 1 ton of CO2e per month. ;;;;;"The 2022 state tax package proposed the creation of a tax on the emission of greenhouse gases (Impuesto a la Emisión de Gases Contaminantes a la Atmósfera), which went into effect in April 2022. It is regulated under article 69 S – 69 S Sexites of the Financial Code of the State of Mexico and Municipalities (Código Financiero del Estado de México y Municipios).

The tax applies to individuals and collective legal entities with fixed sources emitting pollutant gases, namely carbon dioxide, methane, and nitrous oxide within the State of Mexico. 

The carbon tax entered into force in April 2022, with a rate of 43 MXN per tonne of CO2e emitted.

Revenues collected will be used on actions to guarantee the right of people to a healthy environment for their development and welfare.";;;;;"I. To taxpayers who begin operations in the State during 2026, 100% for 12 months after the start of operations;";Electricity and heat, Industry, Mining and extractives, Buildings, Agriculture, forestry and fishing fuel use;0,0;2022,0;False;;Latin America & Caribbean;Upper middle income;Subnacional - Estado/Província;19,4839446;-99,6899716
Tax_SE;Sweden carbon tax;Taxas de Carbono;Implementado;Sweden;0,4;US$155 (SEK1,450);136,09954709730545;129,8881045918639;125,55655356918648;123,69607595125072;144,62469890633807;154,54863272423407;0.13555581940135555;US$2,485 million (2025) (SEK24,400 million);2168,222579543995;2482,752213688954;2175,14864879834;2120,608666647573;2308,9363597325932;2484,546500070207;0.14589088939048825;CO2;Yes;Yes;Yes;Yes;In principle;Yes;Yes;No;No;No;Diesel, Other oil products, Gasoline, Kerosene, LPG, Natural gas, Jet fuel, Coal;Set price;The price is set by the Government ;Upstream;Not permitted;The Sweden carbon tax (Koldioxidskatt) is part of the tax on energy (skatt pa energi). The tax placed on carbon-intensive fuels aims to actively reduce dependency of fossil fuels. Carbon dioxide tax was first taxed in 1991, but significant changes were made in 1994. The law from 1994 still remains in force (with adjustments). ;From 2025 onwards, the annual reduction mandate have changed for fuels under Act on reduction of greenhouse gas emissions from petrol and diesel (2017:121). The mandates for gasoline and diesel be 10%, compared to the prior mandate of 6%, and aviation kerosene will no longer have an emission reduction mandate;The Swedish carbon tax applies to direct (scope 1) CO2 emissions from the combustion of all fossil fuels except peat. Operators covered by the EU ETS are exempt. ;Set price;Monthly;Since 2022 all operators covered by the EU ETS are exempt from the carbon tax. ;Electricity and heat, Industry, Mining and extractives, Transport, Buildings, Agriculture, forestry and fishing fuel use;0,0003951825801907;1991,0;False;;Europe & Central Asia;High income;Nacional;59,6749712;14,5208584
Tax_CH;Switzerland carbon tax;Taxas de Carbono;Implementado;Switzerland;0,38;US$150 (Sfr120);101,47455208498496;129,85607618223136;130,81157682454898;132,12221304706853;136,0389978460492;149,812734082397;0.47635767790262135;US$1,377 million (2025) (Sfr1,145 million);1248,18283961596;1275,9263734309675;1564,7247030238289;1190,8869325201172;1459,4961425573747;1377,2777899708178;0.10342631404432505;CO2;In principle;In principle;In principle;No;No;Yes;In principle;No;No;No;Other oil products, Kerosene, LPG, Natural gas, Coal;Set price, Rebates;The price is set by the Government;Upstream;Yes, with quantitative limits;"The Switzerland carbon tax (official name: CO2 levy) is a central instrument in the Swiss climate policy suite under the CO2 Act. The tax complements the Switzerland ETS, covering emissions not captured under the ETS, and a separate compensation obligation on fossil transport fuels.
The compensation obligation on fossil transport fuels is implemented as follows: Importers of fossil motor fuels are required to compensate a certain amount of the CO2 emissions caused by transport. They may acquire attestations.
CO2 emissions from fossil motor fuels must be partially offset. Importers of petrol, diesel, natural gas and kerosene that exceed the threshold of 1,000 t CO2 are required to compensate for their emissions. They may group together to form compensation pools. Compensation costs may not exceed 5 centimes per litre of motor fuel.
The proportion of CO2 emissions from transport to be offset (compensation rate) is defined in the CO2 Ordinance as follows:

§ 25 % for 2025
§ 30 % for 2026
§ 35 % for 2027
§ 40 % for 2028
§ 45 % for 2029
§ 50 % for 2030
The compensation rate in Switzerland is set at at least 12% from 2025 on";A revised CO2 Act came into force at the beginning of 2025 and sets out targets and measures up to 2030.  The CO2 levy remains at the existing level.;The tax applies to CO2 emissions from fossil thermal fuels when used to generate heat, light or electricity.;Set price, Rebates;Ongoing;Fuel use already covered by the Switzerland ETS is exempt.;Buildings;0,0003070507805964;2008,0;False;;Europe & Central Asia;High income;Nacional;46,7985624;8,2319736
ETS_CH;Switzerland ETS;Sistema  de comércio de licenças de emissão (ETS);Implementado;Switzerland;0,12;US$99 (€80);46,10305;65,59362;93,80775;59,173244999999994;64,749576;99,250936329588;1.1528062965376045;US$93 million (2025) (Sfr77 million);8,343974871501999;19,167465996451803;45,916634751315705;38,85210536676809;51,13551980108202;92,62042779716415;10x;CO2, N2O, CH4, HFCs, PFCs, SF6, NF3;Yes;Yes;Yes;No;Yes;No;No;No;No;No;"Other oil products; Kerosene; Natural gas; Coal";Free allocation (Intensity-based), Auctioning;None (linked with EU ETS, no offsets);Point Source, Aviation;Not permitted;"The Switzerland Emissions Trading System is a mandatory cap-and-trade system. The total amount of emission allowances is determined top-down and decreases annually. The ETS started in 2008 with a five-year phase during which companies could voluntarily join as an alternative to facing the Switzerland carbon tax (CO2 levy on fossil fuels). Starting from 2013, the ETS became mandatory for large energy-intensive industries and medium-sized industries could voluntarily join. Participants in the ETS continue to be exempted from the CO2 levy. On January 1, 2020, the linking of the Swiss and EU ETS came into force.  Ratification of the agreement by the EU and Switzerland was announced on December 12, 2019 and followed legislative revisions required for the Swiss ETS to be compatible with the EU ETS and comply with the agreement. With the linking agreement now in effect, covered entities in the Switzerland ETS can use allowances from the EU ETS for compliance, and vice versa. However, the two systems run separate auctions. The revised ‘Ordinance on the Reduction of CO2 Emissions (CO2 Ordinance),’ was adopted in November 2020, which embedded the new legal base for the Swiss ETS into the partially revised “CO2 Act” – the core framework of Switzerland’s climate legislation – that entered into force in January 2021.

On January 1, 2025, a revised CO₂ Act entered into force, aligning the Swiss ETS with the 2023 EU ETS 1 revisions, including adoption of the same linear reduction factors and the phase-out of free allocation for aviation by 2026.
";"On January 1, 2025, the revised CO₂ Act entered into force. For stationary installations and aviation, the same linear reduction factors as in the EU ETS 1 now apply. Carbon capture and storage, and under certain conditions foreign biogas use, may now be accounted for in the ETS. Free allocation for aircraft operators is being phased out by 2026 in line with EU ETS 1 rules. 

From 2025, revenues from Swiss ETS auctions are earmarked to support decarbonization of ETS installations and the mitigation of aviation emissions.

In November 2025, the Swiss Federal Council adopted further partial revisions to the CO2 Ordinance, effective January 1, 2026, covering additional reductions in free allocation for industrial installations and a new incentive mechanism providing free allowances to aircraft operators to partially offset the costs of sustainable aviation fuel uptake.
";The Switzerland ETS applies to GHG emissions (CO2, N2O, CH4, HFCs, NF3, SF6 and PFCs) from fuel use in the industry, power and aviation sectors and industrial process emissions.;"Free allocation (Intensity-based), Auctioning
";Annual;"Switzerland's ETS has been linked with the EU ETS since January 2020. Prior to that, revisions were made to align with the EU ETS legislative framework.
 
Covered entities in the Swiss ETS can use allowances from the EU ETS for compliance, and vice versa. The two systems run separate auctions. Market participants from the EEA need an account in the Swiss Emissions Trading Register in order to participate. Allowance transfers between the EU and Swiss registries are generally executed bi-monthly on pre-announced dates. 

From 2024, allowance transfers between the EU and Swiss registries are executed on a daily basis (Monday to Friday), with specific exception dates published in the Emissions Trading Registry.";Electricity and heat, Industry, Mining and extractives, Aviation;9,696340439887651e-05;2008,0;False;;Europe & Central Asia;High income;Nacional;46,7985624;8,2319736
Tax_CN_Taiwan;Taiwan, China carbon fee;Taxas de Carbono;Implementado;Taiwan, China;0,8;US$9 (RMB300);;;;9,121943803297722;9,080402839689617;9,39261114589856;0.029672112483633977;US$ million (2025) (RMB million);;;;;;;;;No;No;No;No;No;No;No;No;No;No;;;;;;The Taiwan’s carbon fee is a national carbon pricing mechanism established under the Climate Change Response Act to put a price on greenhouse gas emissions and support Taiwan’s net-zero transition. Launched on January 1, 2025, the program initially applies to large emitters in the power, gas supply, and manufacturing sectors, with fees charged per tonne of CO₂ equivalent emissions. A standard fee rate of NT$300/tCO₂e applies, alongside preferential rates of NT$50 or NT$100/tCO₂e for entities that submit approved emissions-reduction plans, aiming to incentivize early action while gradually strengthening Taiwan’s climate policy framework.;New draft guidelines has been released by the Ministry of Environment in December 2025 on fee reductions for certain “high carbon leakage risk” industries with the goal of enhancing the carbon fee system to align with the EU’s carbon border adjustment mechanism (CBAM). Companies that get their self-determined reduction plans approved can receive significant fee discounts — in some cases up to 80 % off through a combination of preferential rate and leakage risk coefficient adjustments.;Not applicable ;;;Not applicable ;;0,0046262284052689;2025,0;True;;East Asia & Pacific;High income;Nacional;23,9739374;120,9820179
ETS_CN_Taiwan;Taiwan, China ETS;Sistema  de comércio de licenças de emissão (ETS);Em consideração;Taiwan, China;;;;;;;;;;;;;;;;;;;;;;;;;;;;;;;;;;"Taiwan, China enacted the Climate Change Response Act in 2023, amending the 2015 GHG Reduction and Management Act, to legislate a net-zero emissions target by 2050.

Covered entities are required to calculate and pay their carbon fees based on 2025 GHG emissions by May 2026.

Mandatory emissions reporting for entities with annual emissions above 25,000 tCO₂e in the energy and industry sectors has been in place since 2014. The Climate Change Response Act also provides for domestic early action and offset credits, and the recognition of international offset credits under standards to be determined.
";"The Ministry of Environment announced in October 2024 the intention to transfer Taiwan's ""carbon fee"" into an ETS within four years.

In January 2025, the Vice Premier stated that the government aims to accelerate this transition, with a pilot ETS potentially launching in the second half of 2026 and full implementation anticipated in 2027 or 2028, operating in parallel with the carbon fee scheme. MOENV is also conducting consultations on a Taiwan Carbon Border Adjustment Mechanism (CBAM).";;;;;;;2016,0;False;;East Asia & Pacific;Upper middle income;Nacional;23,9739374;120,9820179
Tax_MX_TA;Tamaulipas carbon tax;Taxas de Carbono;Implementado;Tamaulipas;0,59;US$20 (MXN352);;13,10272536687631;17,25022863952554;19,659811797939312;16,67198789706612;19,75836107726944;0.5079581174172035;US$7 million (2025) (MXN132 million);;;1,8695953515986952;;82,57534543424961;6,83560457630299;3x;CO2, CH4, N2O, HFCs, SF6, PFCs ;Yes;Yes;Yes;No;No;Yes;Yes;No;No;No; Not specified;Set price;Formula- based price ;Point source;Yes, with quantitative limit ;"In July 2020, the Mexican state of Tamaulipas passed legislation enacting a carbon tax (Derecho de Emisión de Gases a la Atmósfera). In 2022, the carbon tax was repealed and in December 2023 an updated proposal for a carbon tax was presented. The tax was relaunched in 2024, and updated in dec 2025 through the Ley de Hacienda for 2026.

The carbon tax applied to fixed sources and facilities that emit more than 25,000 metric tCO2e of GHG. Revenues will be used to finance policies and programs for climate change mitigation.

The carbon tax rate was set at three times the daily ""Unit of Measurement and Update"" [Unidad de Medida y Actualización (UMA)], an economic reference for determining taxation and other payments set in legislation.  ";The 2025 reform to the Tamaulipas CT Law eliminates the requirement to validate carbon offsets through a Low-Carbon Label (LCL) to access tax incentives. While this reduces administrative burdens, it creates a regulatory gap by removing formal certification mechanisms for offset quality and origin. The absence of clear authorities, approved methodologies, and technical guidelines generates legal and financial uncertainty for companies. To ensure transparency, scientific rigor, and consistency with national emissions inventories, administrative simplification must be accompanied by well-defined eligibility rules for carbon compensation.;"The tax must be paid by all entities and companies in the state with fixed sources that directly emit GHG emissions (CO2, CH4, N2O, HFCs, PFCs, SF6). 
The tax applies to fixed sources with activities that generate more than 25,000 tons of CO2eq per year into the atmosphere taxed in the territory of the State. 
Emissions must be directly measured or estimated. Entities may use the federal and the state Registry on Emissions and Pollution Transfers (Registro de Emisiones y Transferencias de Contaminantes, RETC) for this purpose.";Set price;Monthly;Not applicable;Electricity and heat, Industry, Mining and extractives, Buildings, Agriculture, forestry and fishing fuel use;0,0;2022,0;False;2023,0;Latin America & Caribbean;Upper middle income;Subnacional - Estado/Província;23,9891553;-98,7026825
Tax_TH;Thailand carbon tax;Taxas de Carbono;Em desenvolvimento;Thailand;;;;;;;;;;;;;;;;;;;;;;;;;;;;;;;;;;;The Cabinet greenlit the draft Climate Change Bill which creates a national policy body and legal framework for a national carbon tax and ETS.;Carbon taxation will apply to products with high greenhouse gas emissions during use, notably fossil-fuel-based products, as specified in the annex to the draft Act. The emissions trading scheme (ETS) will apply to industrial processes, covering Scope 1 and Scope 2 emissions. DCCE will study how the ETS can be used in conjunction with carbon taxation to reduce regulatory burdens and avoid overlap. ;;;Will be designed not to overlap with ETS under climate change act;;;;False;;East Asia & Pacific;Upper middle income;Nacional;14,8971921;100,83273
ETS_TH;Thailand ETS;Sistema  de comércio de licenças de emissão (ETS);Em consideração;Thailand;;;;;;;;;;;;;;;;;;;;;;;;;;;;;;;;;;"Thailand is developing a legislative framework for carbon pricing for several years. Building on the 2018 National Reform Plan and more than a decade of voluntary market infrastructure work by the Thailand Greenhouse Gas Management Organization (TGO), the Cabinet approved the Draft Climate Change Act and forwarded it to the Office of the Council of State for legal review prior to parliamentary consideration in December 2025, with enforcement anticipated in 2027.

The approved Draft Act establishes an ETS, a carbon tax, a carbon border adjustment mechanism modelled on the EU's CBAM, and a regulated market for carbon credits. It also creates a Climate Fund financed in part through ETS and CBAM revenues. Primary supervisory authority is assigned to the Department of Climate Change and Environment (DCCE), which will be charged with developing up to 50 subsidiary regulations for the ETS, carbon credit markets, and the MRV system.

The ETS will operate within industry-specific GHG ceilings set by the DCCE under the National Committee on Climate Change (NCCC). The sectors to be covered will be identified in subsidiary law following a data collection period planned for 2027 and 2028, with a pilot ETS potentially launching in 2029. Allocation plans will be updated every three to five years and will define covered activities, annual caps, offset credit limits, and the auctioned share of allowances for each sector. The DCCE will establish a registry and authorize an allowance trading center; in January 2025, the Securities and Exchange Commission announced plans for a carbon credit trading platform operated by the Stock Exchange of Thailand.";"In December 2025, the Thai Cabinet approved the Draft Climate Change Act, establishing an ETS, carbon tax, carbon border adjustment mechanism, and regulated carbon credit market. The bill was forwarded to the Office of the Council of State for legal review before submission to Parliament, with enforcement anticipated in 2027. 

In January 2025, the Securities and Exchange Commission announced a new carbon credit trading platform to be operated by the Stock Exchange of Thailand. In February 2025, the Stock Exchange signed a memorandum of understanding with the Intercontinental Exchange (ICE) to leverage financial technology and market expertise for the platform.";;;;;;;2016,0;False;;East Asia & Pacific;Upper middle income;Nacional;14,8971921;100,83273
ETS_CN_Tianjin;Tianjin pilot ETS;Sistema  de comércio de licenças de emissão (ETS);Implementado;Tianjin;0,18;US$4 (RMB30);3,804364366801595;4,4033465433729635;4,603625245686831;4,708857960278081;5,296901656485609;4,361542823081284;0.14645770030385394;US$ million (2025) (RMB million);8,225172329935726;11,732096633685602;12,682165939665827;;;;;CO2;No;Yes;Yes;No;In principle;No;No;No;No;No;"Diesel; Other oil products; Gasoline; Kerosene; LPG; Natural gas; Coal";Free allocation (Grandfathering), Free allocation (Intensity-based), Auctioning;None (ad-hoc auctions);Point Source;Yes, with quantitative limit;"Tianjin launched its pilot ETS in 2013. The Tianjin pilot ETS is a cap-and-trade system. Covered entities must surrender one allowance per tCO2e emitted for all their covered emissions. The system covers petrochemicals, chemicals, oil and gas exploration, papermaking, aviation and building materials. The Tianjin pilot ETS operates in parallel with the China national ETS. Power sector entities transferred to the China national ETS in 2019; steel and cement entities transferred in 2024.";"In February 2025, the Tianjin Ecology and Environment Bureau (EEB) published the Work Plan for Expanding the Scope of Coverage of the Tianjin Carbon Emissions Trading Market, which expanded coverage to ports and maritime transport from compliance year 2025. 

In June 2025, the Tianjin Municipal People's Government updated the Interim Measures for Management of Emissions Trading in Tianjin to align with the China national ETS and improve MRV and market oversight. 

In October 2025, the Tianjin Pilot ETS completed compliance for year 2024 with a reported 100% compliance rate, the tenth consecutive year of full compliance. 

The Tianjin EEB, the Development and Reform Commission, and the Tianjin branch of the People's Bank of China jointly issued an Action Plan for Deepening Reform of the Tianjin ETS in October 2025, setting out development priorities to 2030 including lowering inclusion thresholds, expanding sector coverage and non-CO₂ GHGs, developing output-based benchmarks, increasing the auctioned share of allowances, and cancelling free allowances for entities transferred to the China national ETS. 

In December 2025, the EEB published the 2025 allocation plan confirming 40 MtCO2 in total allowances.";"The inclusion threshold was 20,000 tCO2 per year from 2013 to 2024 and was lowered to 10,000 tCO2 per year from the 2025 compliance year, considering both direct and indirect emissions. 

Covered sectors include, petrochemicals, chemicals, oil and gas exploration, papermaking, airport, building materials, non-ferrous metals, pharmaceutical manufacturing, machinery and equipment manufacturing, agricultural and food processing, food and beverage, salt-mining, rubber and plastic products, electronic equipment manufacturing, and from compliance year 2025, ports and maritime transport. 

 Steel and cement entities transferred to the China national ETS in 2024; power sector entities transferred in 2019.";Free allocation (Grandfathering), Auctioning;Annual;Coverage of power sector emissions was transferred to the the Chinese national ETS. ;Industry, Mining and extractives;0,0006615817364259;2013,0;False;;East Asia & Pacific;Upper middle income;Subnacional - Município;39,3032619;117,4163641
ETS_JP_Tokyo;Tokyo CaT;Sistema  de comércio de licenças de emissão (ETS);Implementado;Tokyo;0,2;US$4 (JPY585);4,8740861088545895;4,4189852700491;5,244231345519928;36,91496374423204;4,005340453938585;3,682951397632838;-0.24438113825232938;US$ million (2025) (JPY million);;;;;;;;CO2;In principle;Yes;Yes;No;No;In principle;No;No;Yes;No;"Diesel; Other oil products; Gasoline; Kerosene; LPG; Natural gas; Coal";Free allocation (Grandfathering);None (baseline approach, no corridor);Downstream;Yes, with partial limit;"The Tokyo Cap-and-Trade Program is a baseline-and-credit system. Launched in April 2010, the Tokyo CaT is Japan's first mandatory carbon market and is linked to the Saitama ETS. The Tokyo CaT introduced mandatory emission reduction targets for large emitters.

Each covered facility has its own cap, which serves as the “baseline” from which it must achieve its reduction target. Facilities’ baselines are calculated using base-year emissions and a compliance factor. Compliance factors are determined based on the type of facility and factors such as expected energy efficiency gains and the extent to which they consume energy supplied by other facilities.
";"Tokyo Metropolitan Government's Cap-and-Trade Program's fourth compliance period (FY2025 to FY2029) started in April 2025. The compliance factor rose to 50% for office buildings and 48% for factories. Off-site renewable energy, including self-consignment and power purchase agreements, is treated as zero-emissions, and renewable energy certificates may be deducted from energy-related CO₂ emissions. Actual emission factors, rather than fixed factors, now apply to electricity, heat, and city gas supplied by retailers based on facility contracts. 

From April 2025, excess emission reduction credits are awarded only for reductions from energy efficiency and renewable energy measures and credits are no longer issued for certification improvements or emission factor adjustments. In March 2025, the TMG published results for FY2023 showing covered facility emissions totalled 11.32 MtCO2 which shows a 31% reduction below base-year emissions.";The Tokyo CaT applies to energy-use related CO2 emissions from the industry and buildings sectors.;Free allocation (Grandfathering);Other;"The Tokyo CaT is linked to the Saitama ETS and operators can use credits from the Saitama ETS to meet their compliance obligations. 
";Industry, Mining and extractives, Waste;0,0;2010,0;False;;East Asia & Pacific;High income;Subnacional - Município;35,6768601;139,7638947
ETS_TR;Türkiye ETS;Sistema  de comércio de licenças de emissão (ETS);Em desenvolvimento;Türkiye;;;;;;;;;;;;;;;;;;;;;;;;;;;;;;;;;;"Türkiye has been preparing for the introduction of a national ETS to support its mitigation targets, with the legal framework taking shape in 2025. In July 2025, Türkiye enacted its first Climate Law, establishing the TR ETS and creating the institutional structure to administer it. The Carbon Market Board, chaired by the Minister of Environment, Urbanization and Climate Change, is responsible for approving national allocation plans, setting free allocation volumes, and determining offset credit limits. 

The Climate Law designates the Department of Climate Change as the competent authority for MRV, which has operated at installation level for energy and industry since 2015. Over 800 facilities are covered under the MRV regulation, encompassing combustion installations with rated thermal input of 20 MW or above. Collectively, these facilities account for around half of Turkey's aggregate GHG emissions.

The ETS aligns with Türkiye's ""2053 Long-Term Climate Strategy"" and the ""Medium-Term Program 2026 to 2028"", both of which anticipate ETS implementation consistent with EU CBAM requirements. The Climate Law earmarks up to 10% of ETS revenues for just transition measures benefiting vulnerable groups and sectors.";In July 2025, Climate Law entered into force, providing the statutory basis for the ETS and establishing the Carbon Market Board and related institutional arrangements. A draft ETS regulation was published in July 2025 for stakeholder consultation, addressing implementation topics including allocation, MRV, and registry operation. The pilot phase of the ETS is expected to start in 2026. In November 2025, Turkiye submitted its updated NDC (NDC 3.0), pledging to limit national emissions to 643 MtCO2e in 2035, a reduction of 466 MtCO2e compared to the business-as-usual scenario. Turkiye will host COP 31 in 2026.;;;;;;;2016,0;False;;Europe & Central Asia;Upper middle income;Nacional;39,294076;35,2316631
Tax_UA;Ukraine carbon tax;Taxas de Carbono;Implementado;Ukraine;0,32;US$1 (UAH30);0,3594200398237404;1,0254692376319865;0,8203759509524564;0,7677562834453832;0,7304103932529558;0,6830989924289862;0.9005590026754713;US$79 million (2025) (UAH3,300 million);31,83749322807349;43,37359033075152;102,03355471770136;85,92214379141915;82,18751746982852;79,15743474860383;1.4862960843539283;CO2;Yes;Yes;Yes;No;No;Yes;No;No;In principle;No;"Diesel; Other oil products; Gasoline; Kerosene; LPG; Natural gas; Coal";Set price;Set price;Point source;Not permitted;The Ukraine carbon tax was introduced in the Ukrainian Tax Code as a part of environmental tax on air pollution from stationary sources. ;A new regulation was passed in October 2024 (Law on the Basic Principles of Climate Policy) which mandates the establishment of a national ETS to achieve the country’s climate goals. ;The Ukraine carbon tax applies to CO2 emissions from stationary sources, so mainly the industry, power and buildings sectors and all types of fuels. The coverage threshold is 500 tCO2 per year. ;Set price;Quarterly;Not applicable;Electricity and heat, Industry, Mining and extractives, Buildings;0,0011845989789202;2011,0;False;;Europe & Central Asia;Upper middle income;Nacional;49,4871968;31,2718321
ETS_UA;Ukraine ETS;Sistema  de comércio de licenças de emissão (ETS);Em desenvolvimento;Ukraine;;;;;;;;;;;;;;;;;;;;;;;;;;;;;;;;;;"Ukraine plans to establish a national ETS in line with its obligations under the “Ukraine-EU Association Agreement”, which entered into force in September 2017. Issues related to climate change are addressed in Article 365 (c) Title V and in an annex to the agreement, which outlines steps for the implementation of a national ETS 

The country has since established a national MRV system, with its scope partially covering activities similar to EU ETS activities, to provide a solid basis for the upcoming ETS. Since 2021, the MRV procedures as adopted in the framework law on MRV have been applied by regulated installations. 

In October 2024, the Parliament approved the ""Law on Basic Principles of State Climate Policy"", mandating the establishment of an ETS with an absolute cap on covered-sector emissions. Following stakeholder consultation in 2024, a governmental decree approving the ""Action Plan for the Establishment of a National GHG Trading System"" was adopted in February 2025. The action plan sets the first operational phase of the ETS to commence from 2028, with the launch of a second operational phase starting no earlier than three years after martial law is halted or cancelled. 

";"In October 2024, the Ukrainian Parliament approved the ""Law on Basic Principles of State Climate Policy"", establishing the mandate to create a national ETS with an absolute cap. In January 2025, mandatory reporting under the MRV system was reinstated. 

In February 2025, the government adopted an action plan for the national GHG ETS, setting 2028 as the start of the first operational phase and aligning key design parameters with the EU ETS Directive.";;;;;;;2016,0;False;;Europe & Central Asia;Lower middle income;Nacional;49,4871968;31,2718321
Tax_UK;UK Carbon Price Support;Taxas de Carbono;Implementado;United Kingdom;0,1;US$24 (£18);24,795;23,6538;22,2759;22,6188;23,2371;23,9427;-0.03437386569872957;US$604 million (2025) (£459 million);882,051760737207;722,0812993879891;869,8366911254128;998,8329877815816;879,3292158905728;604,3656870190185;-0.3148183429576765;;Yes;No;No;No;No;No;No;No;No;No;CO2 ;;; None - Set price;Upstream;The Carbon Price Support (CPS) is a rate is a;Great Britain tax on fossil fuels used in electricity generation in Great Britain. The CPS, together with the UK ETS price, has contributed to a rapid decline in power sector emissions. For example, coal has been driven out of the UK’s power generation – electricity generated by coal fell from 40% in 2012 just before CPS was introduced to just 1% in 2023, and the last coal fired power station closed in late 2024.;"The Carbon Price Support applies to all fossil fuels (petroleum gas or other gaseous hydrocarbon in a liquid state; coal and other solid fossil fuels) used to generate electricity in Great Britain, with some exceptions.";;Set price;"CPS applies to electricity generators in Great Britain, alongside their liability under the UK ETS. The two schemes together form the total carbon price for electricity generators in Great Britain.

Electricity generators in Northern Irelands participate in the EU Emissions Trading Scheme only. 

Following the announcement at Budget 2025 that indirect emissions will not be in scope of the UK CBAM in 2027, CPS impacts on domestic producers will not be accounted for in the calculation of the CBAM rate for imported goods.

Following the EU’s latest CBAM publication in December 2025, the EU have confirmed that CPS will be considered as part of the UK’s effective domestic carbon price (ETS +CPS). At current prices, this would mean the EU CBAM liability on electricity produced in Great Britain and exported to the EU should not face a charge. ETS linking would mean that both the UK and EU ETS prices are the same, meaning CPS would no longer serve this purpose as effective carbon prices would be equal purely on ETS terms.";Electricity and heat;0,0;2013,0;False;;Europe & Central Asia;High income;Nacional;54,7023545;-3,2765753
ETS_UK;UK ETS;Sistema  de comércio de licenças de emissão (ETS);Implementado;United Kingdom;0,25;US$55 (£41);;98,5575;88,12593549999998;45,061676;57,2278135;54,828782999999994;-0.44368736017045896;US$3,541 million (2025) (£2,689 million);;5927,684630724797;7561,198331425991;5223,949618620161;3277,1500714721783;3540,6085673074963;-0.4026995719449105;CO2, N2O, PFCs;Yes;Yes;Yes;No;Yes;No;No;No;No;No;"Diesel; Other oil products; Gasoline; Kerosene; LPG; Natural gas; Jet fuel; Coal";Free allocation (Intensity-based), Auctioning;Auction with floor (GBP22), cost containment mechanism;Point Source, Aviation;Not permitted;"The UK Emissions Trading Scheme (UK ETS) began operating in January 2021, following the departure of the UK (excluding power operators located in Northern Ireland) from the EU ETS. Verified emissions from stationary UK ETS operators currently cover around a quarter of the UK’s territorial GHG emissions. The first phase of the UK ETS runs until 2030. 
 
The UK ETS covers around 1,000 installations in the power and industrial sectors, as well as around 400 aircraft operators. Aviation activity covered includes flights within the UK as well as flights departing the UK to the European Economic Area (EEA) and Switzerland. Domestic maritime emissions will be brought under the scheme from July 1, 2026.

Covered entities must surrender allowances for all their in-scope emissions. Allowances are allocated primarily through auctioning, with a portion freely allocated based on product benchmarks to mitigate the risk of carbon leakage. The system operates a cost containment mechanism (CCM) and an auction reserve price (ARP) to support market stability.
 
The UK ETS cap trajectory is consistent with the UK's target of achieving net zero by 2050. Expansion to waste incineration and energy-from-waste (full inclusion from 2028, preceded by a mandatory MRV-only period from January 2026), domestic maritime (from July 2026), and GHG removals (from 2029) is confirmed.

A UK Carbon Border Adjustment Mechanism (CBAM) applying to emissions-intensive imports from the aluminum, cement, fertilizers, hydrogen, iron, and steel sectors will enter into force on January 1, 2027. 

In May 2025, the UK and EU governments announced their intention to work towards linking their respective systems.
";"In 2025, the UK ETS Authority focused on preparing scope expansions, refining the free allocation framework, and laying the groundwork for post-2030 operation. In February 2025, the Authority consulted on extending the UK ETS cap beyond 2030.

In May 2025, the UK and EU agreed to work towards linking their respective systems, with the envisaged arrangement enabling mutual recognition of allowances for compliance, cross-system trading, and mutual CBAM exemptions. 

In July 2025, the Authority published interim responses to the 2024 consultations on scope expansion and greenhouse gas removals, confirming domestic maritime coverage from July 2026 and a mandatory MRV-only period for waste incineration and energy-from-waste from January 2026 ahead of full inclusion from 2028. Integration of UK-based engineered removals was confirmed from 2029, subject to legislation.

In October 2025, the Authority launched a consultation on the potential impact of removing aviation free allocation on regional air connectivity. 

In November 2025, the Authority published its final maritime consultation response, confirming the expansion to domestic maritime including cap adjustments, exemptions, and a delay for offshore vessels until January 2027. The Authority also launched a separate consultation on including international maritime voyages from 2028. In November 2025, the Authority's final Free Allocation Review response confirmed allocation rules for the 2027–2030 period, maintaining carbon leakage protection for most at-risk sectors while phasing out free allocation for CBAM-covered sectors from 2027.

In December 2025, the Authority announced the Phase 2 extension of the UK ETS from 2031 to 2040 and confirmed decisions on ARP inflation-proofing (effective 2026) and maintenance of the existing CCM design. The government's UK CBAM is being legislated through the Finance Bill 2025–26 for entry into force on January 1, 2027.";The UK ETS covers emissions of CO2, N2O, and PFCs in energy-intensive industries, the power sector, and aviation within the UK and European Economic Area.;Free allocation (Intensity-based), Auctioning;Annual;In May 2025, the UK and EU governments announced their intention to work towards linking the UK ETS and EU ETS 1. The envisaged link would enable mutual recognition of allowances for compliance purposes, facilitate cross-system trading, and create conditions for mutual CBAM exemptions. Formal linkage has not yet been established and the UK ETS is not formally linked to any other system.;Electricity and heat, Industry, Mining and extractives, Aviation;0,0018169537729314;2021,0;False;;Europe & Central Asia;High income;Nacional;54,7023545;-3,2765753
Tax_UY;Uruguay CO2 tax;Taxas de Carbono;Implementado;Uruguay;0,05;US$166 (YUY6,704);;137,2954108806148;155,8683502380459;167,17381039819526;158,76474210202247;165,61264822134387;0.20625042861303144;US$317 million (2025) (YUY13,071 million);;;254,59616680801471;273,3624247939956;300,35222004940596;317,3267609665754;0.24639253192631297;CO2;No;No;Yes;Yes;No;No;No;No;No;No;;Set price;Formula-based price setting;Upstream;Not permitted;"In June 2021, a draft bill presented to parliament included a proposal for a carbon tax on gasoline, indicating an initial carbon rate of UYU 5,286 per tonne CO2. The draft bill intended to redefine part of the existing fuel excise charges applied to gasoline through the Specific Internal Tax (IMESI), with a tax based on carbon emissions. 
The bill became Law No. 19,996 (November 3, 2021), with Article 326 containing provisions on the carbon tax. The carbon tax (Impuesto a las Emisiones de CO2) was implemented on January 1, 2022, following the Presidential Decree 441/021, establishing a carbon tax rate of UYU 5,645.45/tCO2e that year. 
The tax rate is updated annually based on the variation of i) the Consumer Price Index and ii) the intensity of CO2 emissions per liter of gasoline. The Ministry of Industry, Energy and Mining provides this information to the Ministry of Economy and Finance and the Ministry of the Environment.
The Executive Branch is empowered to allocate a percentage  of the proceedings for financing policies that promote the reduction of greenhouse gas emissions, sustainable transportation, and climate change adaptation, with the option to establish a dedicated  fund for these purposes.  ";Decree No. 343/025: The value of the Specific Internal Tax is adjusted based on CO₂ emissions (UYU 7006 for 2026);The carbon tax covers CO2 emissions from gasoline combustion in any use.;Set price;Monthly;not applicable;Mining and extractives, Transport;4,1937604668162256e-05;2022,0;False;;Latin America & Caribbean;High income;Nacional;-32,8755548;-56,0201525
ETS_US_VT;Vermont ETS;Sistema  de comércio de licenças de emissão (ETS);Em consideração;Vermont;;;;;;;;;;;;;;;;;;;;;;;;;;;;;;;;;;"Vermont participates in the Regional Greenhouse Gas Initiative (RGGI), which covers CO₂ emissions from the state's power sector. In June 2024, the Vermont State Legislature passed the ""Transportation Bill"" (Act 148 of 2024), which directed the Agency of Natural Resources and the Agency of Transportation to conduct a study of a cap-and-invest program as a potential approach to meeting the state's climate emission reduction goals.

Vermont's 2025 Climate Action Plan included taking steps to join a cap-and-invest program as a priority recommendation, describing it as an overarching policy to deliver predictable GHG reductions in the transportation sector over time.

";In February 2025, the Vermont Agency of Natural Resources and Agency of Transportation completed the cap-and-invest study mandated under Act 148 of 2024. The State Treasurer's Office, in its February 2025 report to the Legislature, recommended that Vermont not establish an independent cap-and-invest program and instead monitor the development of the New York Climate Initiative (NYCI) before pursuing participation in a regional scheme.;;;;;;;;False;;North America;High income;Subnacional - Estado/Província;44,5990718;-72,5002608
ETS_VN;Viet Nam ETS;Sistema  de comércio de licenças de emissão (ETS);Implementado;Viet Nam;0,46;US$ (VND);;;;;;;;US$ million (2025) (VND million);;;;;;;;CO2, CH4, N2O, HFCs, PFCs, and SF6;Yes;Yes;No;No;No;No;No;No;No;No;;Free Allocation: Output-based Benchmarking ;None (baseline-and-credit structure, no price corridor);Point Source;The use of offset credits is allowed. Covered facilities may use domestic and international carbon credits for compliance alongside allowances.;"Vietnam's national ETS is established under the ""Law on Environmental Protection"" and ""Decree 06/2022/ND-CP"", which provide the national framework for GHG mitigation, carbon markets, and monitoring, reporting, and verification. The design and institutional arrangements for the ETS were operationalized by ""Decree 119/2025/ND-CP"", which entered into force in August 2025. The Ministry of Agriculture and Environment (MAE) serves as the competent authority for allowance allocation, MRV oversight, and ETS administration.

The ETS operates in a pilot phase covering 2025 to 2028, divided into two two-year periods. During the pilot, 110 facilities across three sectors are covered: 34 thermal power plants, 25 iron and steel facilities, and 51 cement producers. No numerical emissions threshold applies; facilities are covered if they appear on the approved list of major GHG-emitting facilities under Decree 06/2022 and Decree 119/2025. The system applies an intensity-based approach and allowances are allocated using sector-specific output-based benchmarks, and compliance obligations are determined ex post based on verified emissions. All allowances during the pilot phase are allocated for free.

In February 2026, Decision 263/QD-TTg approved aggregate allowance budgets for the first pilot period. The allowance budgets are 243.1 MtCO₂e for 2025 and 268.4 MtCO₂e for 2026. Installation-level allocation will be finalized by MAE based on these budgets.

From 2029, the ETS is expected to introduce auctioning, expand sectoral coverage, and pursue linkages under Article 6 cooperation.

";"In August 2025, Decree 119/2025/ND-CP entered into force, operationalizing the Vietnam Pilot ETS design, clarifying allocation and compliance rules, and introducing flexibility provisions including banking, borrowing, and offset use. 

In January 2026, Decree 29/2026/ND-CP designated the Vietnam Stock Exchange as the authority responsible for carbon trading platform operations and strengthened provisions on market manipulation. 

In February 2026, Decision 263/QD-TTg approved aggregate GHG emission allowance budgets for the first pilot period.

The domestic carbon trading platform is expected to become operational by the end of 2026.";The Vietnam Pilot ETS covers thermal power plants, iron and steel production facilities, and cement producers. ;Free allocation (Output-based benchmarking);Other;The Vietnam ETS is not formally linked with any other system.;Electricity and heat, Industry;0,0050444871686026;2017,0;False;;East Asia & Pacific;Lower middle income;Nacional;15,9266657;107,9650855
ETS_US_Washington;Washington CCA;Sistema  de comércio de licenças de emissão (ETS);Implementado;Washington;0,71;US$65 (US$65);;;22,2;25,75;50,0;65,27;1.94009009009009;US$1,642 million (2025) (US$1,642 million);;;;1824,52433148;810,76527846;1642,0;-0.10003940661725332;CO2, CH4, N2O, SF6, HFCs, PFCs, NF3, others;Yes;Yes;Yes;Yes;Yes;Yes;Yes;Yes;In principle;No;;Free allocation (Grandfathering, Benchmark), Auctioning;Price floor, cost containment reserve;Mixed (upstream fuels, point sources);Yes, with quantitative limit;"Washington’s cap-and-invest program began operating in January 2023. It covers around 70% of the state’s emissions, and its cap trajectory is consistent with the long-term target to reduce statewide emissions to 95% below 1990 levels by 2050. 
 
The program covers around 100 entities in the energy, industrial, buildings, and transport sectors. Many of the cap-and-invest program’s design elements are similar to those of California’s cap-and-trade program.  Covered entities must surrender allowances for all their covered emissions. Allowances are distributed through auctioning and free allocation, with the latter based primarily on benchmarking. 
 
The cap-and-invest program was established by the “Climate Commitment Act” (CCA), signed into law by Governor Jay Inslee in May 2021. The CCA directed the Department of Ecology to pursue linkage with the cap-and-invest programs of California and Québec. Senate Bill 6058, designed to facilitate linkage, took effect in January 2025.";"In July 2025, the Washington Legislature enacted HB 1975 (Chapter 320, Laws of 2025), directing the Department of Ecology to analyze and model the program's allowance markets, including potential linkage scenarios. HB 1975 also established a fixed price ceiling of USD 80 per allowance for 2026 and 2027. 

Department of Ecology refiled its ""Program Updates and Linkage"" rulemaking (CR-101) in March 2025 and published draft rule language through spring and summer 2025, targeting proposed linkage rules in spring 2026 with a view to adoption in autumn 2026 to enable potential linkage with California and Québec. ";The Washington Cap and Investment program applies to GHG emissions from the industry, power, transport, waste and buildings sectors, and include industrial process emissions. The mandatory threshold is 25,000 tCO2e per year.;Free allocation (Intensity-based), Auctioning;Other;"The Washington Cap-and-Invest Program is not currently linked with any other system. The ""Climate Commitment Act"" directed the Department of Ecology to pursue linkage with California and Québec. Senate Bill 6058, which facilitates linkage, took effect in January 2025. A joint statement was issued by California, Québec, and Washington in March 2024 on potential linkage.";Electricity and heat, Industry, Mining and extractives, Transport, Aviation, Buildings, Agriculture, forestry and fishing fuel use, Agricultural emissions;0,001149390154441;2023,0;False;;North America;High income;Subnacional - Estado/Província;47,2868352;-120,212613
Tax_MX_Yucatan;Yucatan carbon tax;Taxas de Carbono;Implementado;Yucatan;0,37;US$18 (MXN316);;;15,52531663110052;17,693830618145384;15,004887345459192;17,741147672597226;0.14272372629476196;US$3 million (2025) (MXN62 million);;;;2,987828512383132;6,397208755599048;3,2384651338682606;0.08388587914144298;CO2, CH4, N2O, HFCs, SF6, PFCs;Yes;Yes;Yes;No;No;Yes;Yes;No;No;No;;Set price;Formula- based price ;Point source;Yes, with quantitative limits;"A reform in December 2021 of the Tax Law of the State of Yucatán, added two ecological taxes including a tax on the emission of gases into the atmosphere which came into operation in 2022.

The tax on the emission of gases into the atmosphere applies to all individuals, legal entities and economic units that have fixed installations that emit the substances determined in the law (carbon dioxide, methane, nitrous oxide, hydrofluorocarbons, perfluorocarbons and sulfur hexafluoride). 

The carbon tax rate is set at 2.70 times the daily “Unit of Measurement and Update” [Unidad de Medida y Actualización (UMA)] per tonne of CO2e.

Revenues will be used to finance policies and programs for climate change, environment, health, disaster risk reduction and management, dwelling, among others.";No changes in the scope of the CT from 2024 to 2025 at Ley de Hacienda de Yucatán 2025;"The carbon tax covers substances generated in production processes such as carbon dioxide, methane, nitrous oxide, hydrofluorocarbons, perfluorocarbons, and sulfur hexafluoride.
Individuals, legal entities, and economic units with fixed installations or sources that release emissions within the State are subject to pay the tax.";Set price;Annual;Not specified;Electricity and heat, Industry, Mining and extractives, Buildings, Agriculture, forestry and fishing fuel use;0,0;2022,0;False;;Latin America & Caribbean;Upper middle income;Subnacional - Estado/Província;20,6845957;-88,8755669
Tax_MX_ZA;Zacatecas carbon tax;Taxas de Carbono;Implementado;Zacatecas;0,5;US$14 (MXN250);14,141878669275927;12,598774391227222;13,856940941717706;15,089966379554909;12,27976246027497;14,035718095409198;-0.007506822562222317;US$15 million (2025) (MXN290 million);;27,342582631812;27,539641333806983;19,192828310604344;15,842788549305928;15,074717316561726;-0.4486725149721996;CO2, CH4, N2O, HFCs, SF6, PFCs;No;No;No;No;No;No;No;No;No;No;;Set price;Set price;Point source;Not permitted;"On January 2017, the Mexican state of Zacatecas enacted a carbon tax (impuesto de emisiones de gases a la atmósfera) as part of a broader fiscal reform which included the introduction of various ecological taxes. In 2019, the Supreme Court of Justice of the Nation validated the carbon tax.
The carbon tax rate was set at MXN 250 per tCO2e. The carbon tax applies to fixed sources and facilities. 
Entities that can prove an emissions reduction of at least 20% compared to the previous fiscal year, the tax payable in the following fiscal year will be reduced by 20%. 
Revenues are used for different purposes, mainly on environmental, sustainable development, and economic programs, and climate change mitigation and adaptation programs.  ";No changes;"Zacatecas carbon tax applies to GHG emissions from fixed sources (Scope 1) from all sectors and covers all fossil fuels. It covers substances generated in production and services processes within the State.
The tax applies to any natural and legal person with fixed sources of emissions (carbon dioxide, methane, nitrous oxide, hydrofluorocarbons, perfluorocarbons, and sulfur hexafluoride).
Emissions must be directly measured or estimated. Entities may use the federal Registry on Emissions and Pollution Transfers (Registro de Emisiones y Transferencias de Contaminantes, RETC) for this. ";Set price;Monthly;;;0,0;2017,0;False;;Latin America & Caribbean;Upper middle income;Subnacional - Estado/Província;23,0916177;-102,9333954
Tax_RS;Serbia carbon tax;Taxas de Carbono;Implementado;Serbia;0,55;US$5 (RSD4);;;;;;4,642;;US$ million (2025) (RSD0 million);;;;;;;;;Yes;Yes;No;No;No;No;No;No;No;No;;;;;;"Serbia passed the Law on Greenhouse Gas Emissions Tax and the Law on the Tax on Imports of Carbon-Intensive Products in December 2025, both applicable from 1 January 2026. The framework introduces a national carbon tax on direct greenhouse gas emissions from covered industrial installations and a related tax on imports of carbon-intensive products, which functions as a border carbon adjustment mechanism.
The domestic carbon tax applies to emissions above predefined reference levels and is set at EUR 4 per tCO2e. Covered sectors include fertilizer and nitrogen compounds production, cement production, iron, steel and ferroalloy production, aluminum production, and electricity generation.";In December 2025, Serbia adopted the Law on Greenhouse Gas Emissions Tax and the Law on the Tax on Imports of Carbon-Intensive Products, establishing a national carbon pricing framework applicable from 1 January 2026.;"The carbon tax covers direct (Scope 1) greenhouse gas emissions from installations operating in fertilizer and nitrogen compounds production, cement production, iron, steel and ferroalloy production, aluminum production, and electricity generation. Covered gases include CO2, N2O and PFCs.
Compliance obligations apply at the installation level to entities holding emission permits under climate regulations. Tax liability is determined based on emissions exceeding predefined reference emission levels rather than a minimum emissions threshold.";The carbon tax does not include an allocation mechanism. Tax liability is calculated by subtracting predefined reference emissions from total verified emissions. Reference emissions are determined using technology-based benchmarks multiplied by the facility’s output level. This design functions as an intensity-based baseline.;Annual;;Electricity and heat, Industry;0,0008345985902929;2026,0;True;;Europe & Central Asia;Upper middle income;Nacional;44,02432285;21,07657433209902
Tax_NG;Nigeria carbon tax;Taxas de Carbono;Implementado;Nigeria;0,05;US$7 (US$7);;;;;;6,9;;US$ million (2025) (NGN million);;;;;;;;;No;No;Yes;No;No;No;No;No;No;No;;;;;;Nigeria gas flaring tax is levied on the volume of natural gas that is flared (burned off) or vented into the atmosphere without authorization. It is not a tax specifically on carbon emissions, although reducing emissions is an objective of the regulation. ;"Nigeria’s Climate Change Act (2021) requires the government to develop a carbon tax and carbon trading system (ETS) as part of national climate policy — but a fully implemented tax has not yet started. Policy work and stakeholder engagement on a carbon tax framework is ongoing.

Nigeria finalized its Carbon Market Activation Policy in 2025, a broad framework intended to enable carbon trading, credit issuance, and emissions reporting — enabling potential revenue from carbon pricing and credits.
The government is aiming to generate climate finance revenue (up to ~$2.5–$3 billion per year) through the new carbon market framework by 2030.";"The penalties cover upstream venting and flaring for oil and gas operations (Scope 1).

The Petroleum Industry Act (PIA) 2021 established a revised penalty for unauthorized gas flaring, venting, or wastage, with a penalty rate of  $3.50 per thousand standard cubic feet (Mscf) of gas flared.";;;;Mining and extractives;0,0003426055992662;2026,0;True;;Sub-Saharan Africa;Lower middle income;Nacional;9,6000359;7,9999721
Tax_GY;Guyana carbon tax;Taxas de Carbono;Em consideração;Guyana;;;;;;;;;;;;;;;;;;;;;;;;;;;;;;;;;;;;;;;;;;;False;;Latin America & Caribbean;High income;Nacional;4,8417097;-58,6416891
ETS_BO;Bolivia ETS;Sistema  de comércio de licenças de emissão (ETS);Em consideração;Bolivia;;;;;;;;;;;;;;;;;;;;;;;;;;;;;;;;;;Bolivia is considering the establishment of a national ETS under a draft law titled “Regulation of the Market for Greenhouse Gas Emission Credits and Quotas of the Plurinational State of Bolivia” (PL-060/25) introduced to the parliament in November 2025.;As of early 2026, the Bolivian ETS remains at the legislative proposal stage. The draft law has been formally admitted into the legislative process and is under review by specialized committees. ;;;;;;;;False;;Latin America & Caribbean;Lower middle income;Nacional;-17,0568696;-64,9912286
