Name of the initiative;Instrument Type;Year;Price;Revenue;Emissions
Albania carbon tax;Taxas de Carbono;2024;13,111355068777609;;9,774627396506347e-05
Albania carbon tax;Taxas de Carbono;2025;13,691904865808423;35,88661037394451;9,774627396506347e-05
Albania carbon tax;Taxas de Carbono;2026;16,92661105065893;;9,774627396506347e-05
Alberta carbon tax;Taxas de Carbono;2017;15,026296018031555;710,358684147905;0,002317359058300511
Alberta carbon tax;Taxas de Carbono;2018;23,266635644485806;1042,5847417808739;0,0022758104585093755
Alberta carbon tax;Taxas de Carbono;2019;22,493814201094697;;0,0022722886196291005
Alberta TIER;ETS;2007;13,010668748373666;;0,003539816722215659
Alberta TIER;ETS;2008;14,605647517039923;42,35831142096414;0,0034386230296011614
Alberta TIER;ETS;2009;11,864272720082258;77,35195907427999;0,0033682790136068536
Alberta TIER;ETS;2010;14,888337468982629;64,36188752551787;0,0032787754766455336
Alberta TIER;ETS;2011;15,577941634645343;79,75673418631112;0,0033030889213443233
Alberta TIER;ETS;2012;15,01351216094485;62,93998302747007;0,003398675198866128
Alberta TIER;ETS;2013;14,75361463558572;90,95874326964535;0,003503180801069974
Alberta TIER;ETS;2014;13,602974517094404;85,44941845354946;0,0035346497177131475
Alberta TIER;ETS;2015;11,893434823977163;65,92188730297336;0,003634141535850966
Alberta TIER;ETS;2016;15,32919445083161;102,36756768556184;0,0034022535559956398
Alberta TIER;ETS;2017;22,539444027047335;159,09877253421084;0,003420863371776945
Alberta TIER;ETS;2018;23,266635644485806;72,69539798353688;0,003359529724466221
Alberta TIER;ETS;2019;22,493814201094697;401,8711692459589;0,003354330819452482
Alberta TIER;ETS;2020;21,101498206372653;354,9931413028568;0,003216351457842207
Alberta TIER;ETS;2021;31,834460803820136;436,7254864262805;0,0031007183626496487
Alberta TIER;ETS;2022;39,9616368286445;386,84503316366875;0,0030671534086947226
Alberta TIER;ETS;2023;48,030739673390975;640,0433139622468;0,003020881244904966
Alberta TIER;ETS;2024;58,94488653109343;411,94433631632444;0,002983088671089305
Alberta TIER;ETS;2025;66,21131865068301;333,3796677096011;0,0028387456708753064
Alberta TIER;ETS;2026;68,40437788018433;;0,0030071458377916383
Andorra carbon tax;Taxas de Carbono;1999;0,0;;0,0
Andorra carbon tax;Taxas de Carbono;2000;0,0;;0,0
Andorra carbon tax;Taxas de Carbono;2001;0,0;;0,0
Andorra carbon tax;Taxas de Carbono;2002;0,0;;0,0
Andorra carbon tax;Taxas de Carbono;2003;0,0;;0,0
Andorra carbon tax;Taxas de Carbono;2004;0,0;;0,0
Andorra carbon tax;Taxas de Carbono;2005;0,0;;0,0
Andorra carbon tax;Taxas de Carbono;2006;0,0;;0,0
Andorra carbon tax;Taxas de Carbono;2007;0,0;;0,0
Andorra carbon tax;Taxas de Carbono;2008;0,0;;0,0
Andorra carbon tax;Taxas de Carbono;2009;0,0;;0,0
Andorra carbon tax;Taxas de Carbono;2010;0,0;;0,0
Andorra carbon tax;Taxas de Carbono;2011;0,0;;0,0
Andorra carbon tax;Taxas de Carbono;2012;0,0;;0,0
Andorra carbon tax;Taxas de Carbono;2013;0,0;;0,0
Andorra carbon tax;Taxas de Carbono;2014;0,0;;0,0
Andorra carbon tax;Taxas de Carbono;2015;0,0;;0,0
Andorra carbon tax;Taxas de Carbono;2016;0,0;;0,0
Andorra carbon tax;Taxas de Carbono;2017;0,0;;0,0
Andorra carbon tax;Taxas de Carbono;2018;0,0;;0,0
Andorra carbon tax;Taxas de Carbono;2019;0,0;;0,0
Andorra carbon tax;Taxas de Carbono;2020;0,0;;0,0
Andorra carbon tax;Taxas de Carbono;2021;0,0;;0,0
Andorra carbon tax;Taxas de Carbono;2022;33,156;;0,0
Andorra carbon tax;Taxas de Carbono;2023;32,625;;0,0
Andorra carbon tax;Taxas de Carbono;2024;32,247;;0,0
Andorra carbon tax;Taxas de Carbono;2025;32,364;10,866152709633349;8,614710995065986e-06
Andorra carbon tax;Taxas de Carbono;2026;34,815000000000005;;8,245950797437754e-06
Argentina carbon tax;Taxas de Carbono;2018;8,91434816078319;7,1268093533552594;0,0027993575208866395
Argentina carbon tax;Taxas de Carbono;2019;6,187569488166416;3,7231789260967534;0,002763117934970565
Argentina carbon tax;Taxas de Carbono;2020;6,342014551609308;0,6762200668659262;0,002748647705493212
Argentina carbon tax;Taxas de Carbono;2021;5,321599371354527;318,27312293329663;0,002756515738872354
Argentina carbon tax;Taxas de Carbono;2022;4,995626443680344;267,0947900553184;0,0028163903350121797
Argentina carbon tax;Taxas de Carbono;2023;3,218257022685184;139,3710691116264;0,0027315132337826357
Argentina carbon tax;Taxas de Carbono;2024;0,8115542659391076;222,6381755387904;0,002673558462663079
Argentina carbon tax;Taxas de Carbono;2025;5,327914693710153;323,0252699507697;0,002673558462663079
Argentina carbon tax;Taxas de Carbono;2026;4,027280669616436;;0,002673558462663079
Australia CPM;ETS;2012;23,9246;3380,6134973506564;0,007777961740265518
Australia CPM;ETS;2013;24,584507999999996;6489,399816033598;0,007531183362730199
Australia CPM;ETS;2014;22,370144999999997;3115,300481255765;0,007380539020821952
Australia Safeguard Mechanism;ETS;2024;21,903750000000002;;0,0028902060136299086
Australia Safeguard Mechanism;ETS;2025;21,816119999999998;;0,0028902060136299086
Australia Safeguard Mechanism;ETS;2026;24,676225;;0,0028902060136299086
Austria ETS;ETS;2023;35,34374999999999;911,9619597599883;0,0005491587154478158
Austria ETS;ETS;2024;48,3705;1272,8704407263558;0,0005377709182630431
Austria ETS;ETS;2025;48,546;1578,0973606210914;0,00048039089472629156
Austria ETS;ETS;2026;63,82750000000001;;0,000627177001448214
Baja California carbon tax;Taxas de Carbono;2021;8,317025440313111;1,188462643601383;0,0001608080320323023
Baja California carbon tax;Taxas de Carbono;2025;0,0;;0,0
Beijing pilot ETS;ETS;2013;0,0;;0,0006808424906866259
Beijing pilot ETS;ETS;2014;8,516657724013463;;0,0006937075757776617
Beijing pilot ETS;ETS;2015;8,212064980304067;;0,0006514378199560125
Beijing pilot ETS;ETS;2016;6,296021285811522;;0,0005829678455724358
Beijing pilot ETS;ETS;2017;7,39660426643448;;0,0005359431347253229
Beijing pilot ETS;ETS;2018;9,449596838448544;;0,0005284551364023695
Beijing pilot ETS;ETS;2019;10,402264600715137;;0,0005257931300635121
Beijing pilot ETS;ETS;2020;12,204220098253122;;0,001021193630252161
Beijing pilot ETS;ETS;2021;4,323279666433333;;0,0006837521591024302
Beijing pilot ETS;ETS;2022;6,527961250550418;;0,0008502693421280733
Beijing pilot ETS;ETS;2023;12,957705466986969;;0,0008686898049148118
Beijing pilot ETS;ETS;2024;14,512183323428193;1,1519881085098491;0,00046947988482662535
Beijing pilot ETS;ETS;2025;12,15260580045127;1,1519881085098491;0,00046947988482662535
Beijing pilot ETS;ETS;2026;15,410784641553871;;0,00046947988482662535
BC carbon tax;Taxas de Carbono;2008;9,737098344693282;171,49493340788533;0,00112119861417319
BC carbon tax;Taxas de Carbono;2009;7,909515146721506;462,5349308178917;0,0010707828253015072
BC carbon tax;Taxas de Carbono;2010;19,851116625310173;670,8003662161817;0,001010941652361479
BC carbon tax;Taxas de Carbono;2011;25,963236057742236;913,8160672297244;0,0009989003954774514
BC carbon tax;Taxas de Carbono;2012;30,0270243218897;1079,6858773710685;0,0010288793405996714
BC carbon tax;Taxas de Carbono;2013;29,50722927117144;1161,0102129188458;0,0009999830108755234
BC carbon tax;Taxas de Carbono;2014;27,20594903418881;1089,8421590897622;0,0009766563170076474
BC carbon tax;Taxas de Carbono;2015;23,786869647954326;932,133922480952;0,0009906792010497864
BC carbon tax;Taxas de Carbono;2016;22,993791676247415;905,994464188355;0,0010029598497800364
BC carbon tax;Taxas de Carbono;2017;22,539444027047335;956,1335434138288;0,0010024508049163209
BC carbon tax;Taxas de Carbono;2018;27,144408251900106;1087,1511879968957;0,0010125260295071258
BC carbon tax;Taxas de Carbono;2019;29,991752268126262;1227,0184987479765;0,0009915441249290621
BC carbon tax;Taxas de Carbono;2020;28,135330941830205;1185,9201664402306;0,0009640067869580402
BC carbon tax;Taxas de Carbono;2021;35,813768404297655;2288,1033976570466;0,000922088625989563
BC carbon tax;Taxas de Carbono;2022;39,9616368286445;1689,1336750949865;0,0009121071124646604
BC carbon tax;Taxas de Carbono;2023;48,030739673390975;1963,0958124999468;0,0008983467411763761
BC carbon tax;Taxas de Carbono;2024;58,94488653109343;1887,1958006124116;0,0008871080221485333
BC OBPS;ETS;2016;0,0;;0,0
BC OBPS;ETS;2021;19,896538002387587;;0,0
BC OBPS;ETS;2022;19,98081841432225;;0,0
BC OBPS;ETS;2023;18,47336141284268;;0,0
BC OBPS;ETS;2024;58,94488653109343;;0,0
BC OBPS;ETS;2025;66,21131865068301;;0,0002883101071982733
BC OBPS;ETS;2026;68,40437788018433;;0,0002883101071982733
California CaT;ETS;2012;10,0;55,76;0,003077630056670506
California CaT;ETS;2013;14,48;476,79798020000004;0,0030490852058496195
California CaT;ETS;2014;11,69;436,57146297;0,0029886381559442493
California CaT;ETS;2015;12,49;2558,1612875200003;0,006586118710745067
California CaT;ETS;2016;12,45;899,72333372;0,006498426784589063
California CaT;ETS;2017;15,08;2024,1677884800001;0,0064237306276019755
California CaT;ETS;2018;15,1;3019,3470350099997;0,006285278268208339
California CaT;ETS;2019;15,77;3064,7498607700004;0,00630371737910328
California CaT;ETS;2020;15,3;1698,31558631;0,005801680412039764
California CaT;ETS;2021;17,94;3993,214129990001;0,005840201473188536
California CaT;ETS;2022;30,82;4027,3622363700006;0,005776981899332251
California CaT;ETS;2023;29,84;4720,55963813;0,005689828302156908
California CaT;ETS;2024;38,59;4400,71319119;0,0056186460084237866
California CaT;ETS;2025;29,27;3130,0;0,0056186460084237866
California CaT;ETS;2026;29,05;;0,0056186460084237866
Canada federal fuel charge;Taxas de Carbono;2019;14,995876134063131;1469,143617128067;0,0049125676604287885
Canada federal fuel charge;Taxas de Carbono;2020;21,101498206372653;3191,657511755679;0,004612496350525672
Canada federal fuel charge;Taxas de Carbono;2021;31,834460803820136;4787,351924114965;0,004499252167126902
Canada federal fuel charge;Taxas de Carbono;2022;39,9616368286445;5667,452606021455;0,00456096857985844
Canada federal fuel charge;Taxas de Carbono;2023;48,030739673390975;5733,721354245127;0,00445603142945721
Canada federal fuel charge;Taxas de Carbono;2024;58,94488653109343;8854,502885721386;0,004474976301183564
Canada federal OBPS;ETS;2021;31,834460803820136;189,81129614582676;0,00014513716668151298
Canada federal OBPS;ETS;2022;39,9616368286445;226,65200552786945;0,00014712801870511098
Canada federal OBPS;ETS;2023;48,030739673390975;;0,00014374294933732938
Canada federal OBPS;ETS;2024;58,94488653109343;;0,00014435407423172785
Canada federal OBPS;ETS;2025;66,21131865068301;;0,0004330622226951836
Canada federal OBPS;ETS;2026;68,40437788018433;;0,0004330622226951836
Chile carbon tax;Taxas de Carbono;2017;5,0;144,5;0,0013850299400680751
Chile carbon tax;Taxas de Carbono;2018;5,0;165,5;0,0013790267342908042
Chile carbon tax;Taxas de Carbono;2019;5,0;165,5;0,0014423369722876072
Chile carbon tax;Taxas de Carbono;2020;5,0;165,0;0,0014171277990919229
Chile carbon tax;Taxas de Carbono;2021;5,0;168,0;0,0013668287309315473
Chile carbon tax;Taxas de Carbono;2022;5,0;171,0;0,001376673224505534
Chile carbon tax;Taxas de Carbono;2023;5,0;139,0;0,0012230567476706037
Chile carbon tax;Taxas de Carbono;2024;5,0;140,0;0,0012210230620934887
Chile carbon tax;Taxas de Carbono;2025;5,0;88,98;0,0012210230620934887
Chile carbon tax;Taxas de Carbono;2026;5,0;;0,0004972893925617117
China national ETS;ETS;2022;9,199849028118514;;0,09662151615091742
China national ETS;ETS;2023;8,153162990463711;;0,09706712669490504
China national ETS;ETS;2024;12,573079208878692;;0,1522367580382017
China national ETS;ETS;2025;11,764624951846349;;0,1522367580382017
China national ETS;ETS;2026;11,56390387159618;;0,1522367580382017
Chongqing pilot ETS;ETS;2014;4,99813017251191;;0,0011943556966453703
Chongqing pilot ETS;ETS;2015;3,906631506983104;;0,0011973665181130371
Chongqing pilot ETS;ETS;2016;1,5469339768578676;;0,0012179501208189841
Chongqing pilot ETS;ETS;2017;0,2205775649397765;;0,001076310443632206
Chongqing pilot ETS;ETS;2018;3,8244574051056506;;0,0010204321837114776
Chongqing pilot ETS;ETS;2019;0,5512514898688916;;0,0010304819555305648
Chongqing pilot ETS;ETS;2020;5,305387030024915;;0,0016012316122353887
Chongqing pilot ETS;ETS;2021;3,7145813677450774;;0,0016000861672343491
Chongqing pilot ETS;ETS;2022;5,661445555765239;;0,00158179736639172
Chongqing pilot ETS;ETS;2023;4,658950280264977;;0,0016160658482481326
Chongqing pilot ETS;ETS;2024;5,9886943181347005;3,136655793660629;0,0005526637361661136
Chongqing pilot ETS;ETS;2025;5,510153541357107;3,136655793660629;0,0005526637361661136
Chongqing pilot ETS;ETS;2026;5,2134975211898285;;0,0005526637361661136
Colima carbon tax;Taxas de Carbono;1990;0,0;;0,0
Colima carbon tax;Taxas de Carbono;1991;0,0;;0,0
Colima carbon tax;Taxas de Carbono;1992;0,0;;0,0
Colima carbon tax;Taxas de Carbono;1993;0,0;;0,0
Colima carbon tax;Taxas de Carbono;1994;0,0;;0,0
Colima carbon tax;Taxas de Carbono;1995;0,0;;0,0
Colima carbon tax;Taxas de Carbono;1996;0,0;;0,0
Colima carbon tax;Taxas de Carbono;1997;0,0;;0,0
Colima carbon tax;Taxas de Carbono;1998;0,0;;0,0
Colima carbon tax;Taxas de Carbono;1999;0,0;;0,0
Colima carbon tax;Taxas de Carbono;2000;0,0;;0,0
Colima carbon tax;Taxas de Carbono;2001;0,0;;0,0
Colima carbon tax;Taxas de Carbono;2002;0,0;;0,0
Colima carbon tax;Taxas de Carbono;2003;0,0;;0,0
Colima carbon tax;Taxas de Carbono;2004;0,0;;0,0
Colima carbon tax;Taxas de Carbono;2005;0,0;;0,0
Colima carbon tax;Taxas de Carbono;2006;0,0;;0,0
Colima carbon tax;Taxas de Carbono;2007;0,0;;0,0
Colima carbon tax;Taxas de Carbono;2008;0,0;;0,0
Colima carbon tax;Taxas de Carbono;2009;0,0;;0,0
Colima carbon tax;Taxas de Carbono;2010;0,0;;0,0
Colima carbon tax;Taxas de Carbono;2011;0,0;;0,0
Colima carbon tax;Taxas de Carbono;2012;0,0;;0,0
Colima carbon tax;Taxas de Carbono;2013;0,0;;0,0
Colima carbon tax;Taxas de Carbono;2014;0,0;;0,0
Colima carbon tax;Taxas de Carbono;2015;0,0;;0,0
Colima carbon tax;Taxas de Carbono;2016;0,0;;0,0
Colima carbon tax;Taxas de Carbono;2017;0,0;;0,0
Colima carbon tax;Taxas de Carbono;2018;0,0;;0,0
Colima carbon tax;Taxas de Carbono;2019;0,0;;0,0
Colima carbon tax;Taxas de Carbono;2020;0,0;;0,0
Colima carbon tax;Taxas de Carbono;2021;0,0;;0,0
Colima carbon tax;Taxas de Carbono;2022;0,0;;0,0
Colima carbon tax;Taxas de Carbono;2023;0,0;;0,0
Colima carbon tax;Taxas de Carbono;2024;0,0;;0,0
Colima carbon tax;Taxas de Carbono;2025;27,7866464951102;0,0;0,0
Colima carbon tax;Taxas de Carbono;2026;32,93060179544906;;0,0
Colombia carbon tax;Taxas de Carbono;2017;5,207904197745678;161,5666998861465;0,0007563886138493121
Colombia carbon tax;Taxas de Carbono;2018;5,6704151599028085;99,49338735778302;0,0007747339168485209
Colombia carbon tax;Taxas de Carbono;2019;5,172634561567164;137,44604752177423;0,0007912417000210786
Colombia carbon tax;Taxas de Carbono;2020;4,244865787112099;29,6660755774402;0,0008155069219977038
Colombia carbon tax;Taxas de Carbono;2021;4,60567688277213;89,20358425699195;0,0008310475560982358
Colombia carbon tax;Taxas de Carbono;2022;5,013271991970245;99,59695996012103;0,0008106961198701066
Colombia carbon tax;Taxas de Carbono;2023;5,0353416213237825;132,9819658318221;0,0008202233847250832
Colombia carbon tax;Taxas de Carbono;2024;6,6785467441529365;135,47040580890499;0,0008178900283127256
Colombia carbon tax;Taxas de Carbono;2025;6,536619116808505;85,25176905206942;0,0008178900283127256
Colombia carbon tax;Taxas de Carbono;2026;7,910337414965987;;0,0008178900283127256
Colorado GHG crediting trading system;ETS;2017;0,0;;0,0
Colorado GHG crediting trading system;ETS;2018;0,0;;0,0
Colorado GHG crediting trading system;ETS;2019;0,0;;0,0
Colorado GHG crediting trading system;ETS;2020;0,0;;0,0
Colorado GHG crediting trading system;ETS;2021;0,0;;0,0
Colorado GHG crediting trading system;ETS;2022;0,0;;0,0
Colorado GHG crediting trading system;ETS;2023;0,0;;0,0
Colorado GHG crediting trading system;ETS;2026;24,91;;7,214537397999132e-08
Denmark carbon tax;Taxas de Carbono;1992;15,549681231534754;231,7708908572818;0,001095955259991389
Denmark carbon tax;Taxas de Carbono;1993;16,10305958132045;489,97992089942284;0,0011317986590716977
Denmark carbon tax;Taxas de Carbono;1994;15,153811183512653;521,652865016164;0,0011746441990443575
Denmark carbon tax;Taxas de Carbono;1995;18,248175182481752;572,9721367755301;0,001102664491135505
Denmark carbon tax;Taxas de Carbono;1996;17,488632388947185;636,8699958007631;0,0012711080293893514
Denmark carbon tax;Taxas de Carbono;1997;15,736879376819578;549,6286536709862;0,0011190219403067294
Denmark carbon tax;Taxas de Carbono;1998;14,186409419775853;617,834217469686;0,0010597016879436297
Denmark carbon tax;Taxas de Carbono;1999;14,431472154474479;647,3401144456049;0,0010105395177712076
Denmark carbon tax;Taxas de Carbono;2000;12,837794466910584;596,1789002691099;0,0009323112170599296
Denmark carbon tax;Taxas de Carbono;2001;11,803727617181506;587,3011152773691;0,0009453862140876923
Denmark carbon tax;Taxas de Carbono;2002;11,766090128250381;606,2284078893721;0,0009226211411901963
Denmark carbon tax;Taxas de Carbono;2003;14,665121940488936;738,3486936713117;0,00095544320602645
Denmark carbon tax;Taxas de Carbono;2004;16,546155500769395;815,8827852849562;0,0008441250567361279
Denmark carbon tax;Taxas de Carbono;2005;15,654624202049014;854,6067891630856;0,0007274250812241059
Denmark carbon tax;Taxas de Carbono;2006;14,598066567183547;871,3961929526553;0,0007846300557685763
Denmark carbon tax;Taxas de Carbono;2007;16,228524884681214;944,0268959183869;0,0007147994104904695
Denmark carbon tax;Taxas de Carbono;2008;19,381085350702758;1006,8395982383747;0,0006717591827807522
Denmark carbon tax;Taxas de Carbono;2009;16,74428115402858;946,4887518187369;0,000655484577939709
Denmark carbon tax;Taxas de Carbono;2010;27,937872584014606;1033,5921907158065;0,0006269389875697614
Denmark carbon tax;Taxas de Carbono;2011;29,76006022274357;1111,6261250195853;0,0005573171062533559
Denmark carbon tax;Taxas de Carbono;2012;28,706724463803777;991,8039296436258;0,0005038019808613569
Denmark carbon tax;Taxas de Carbono;2013;27,84365049735211;1058,8799789437833;0,0005107496615956522
Denmark carbon tax;Taxas de Carbono;2014;30,573389621738993;657,9994535973495;0,00046825982588742735
Denmark carbon tax;Taxas de Carbono;2015;24,257766105079288;552,920855368512;0,0004492156764672775
Denmark carbon tax;Taxas de Carbono;2016;26,085013274444144;549,636787905841;0,0004635146348624021
Denmark carbon tax;Taxas de Carbono;2017;24,542328347633894;540,6720581804831;0,00043500730237721165
Denmark carbon tax;Taxas de Carbono;2018;28,596322346396306;571,6893009634291;0,0004253369924409232
Denmark carbon tax;Taxas de Carbono;2019;26,153074493041235;532,1281067034975;0,0003908441559549429
Denmark carbon tax;Taxas de Carbono;2020;25,67350407979577;557,9203733100761;0,0003858815006975654
Denmark carbon tax;Taxas de Carbono;2021;27,919705557066198;547,787188576643;0,00038128426890882605
Denmark carbon tax;Taxas de Carbono;2022;26,367407209304513;476,9541504115116;0,00036231022321802926
Denmark carbon tax;Taxas de Carbono;2023;26,293066547354577;476,3776025323189;0,00033445259786665197
Denmark carbon tax;Taxas de Carbono;2024;28,399509980543343;506,92717679261807;0,000324489844588618
Denmark carbon tax;Taxas de Carbono;2025;1,0843478009426597;2053,814443729456;0,0003164351321342907
Denmark carbon tax;Taxas de Carbono;2026;116,475905017782;;0,0003164351321342907
Durango carbon tax;Taxas de Carbono;2024;6,035986551821963;6,118594198352635;0,00012902202348287413
Durango carbon tax;Taxas de Carbono;2025;4,911904984109988;2,8298883128055876;0,0
Durango carbon tax;Taxas de Carbono;2026;5,614287238163679;;0,0
Estonia carbon tax;Taxas de Carbono;2000;0,30193236714975846;;6,079494647774784e-05
Estonia carbon tax;Taxas de Carbono;2001;0,42783799201369077;;6,165199880891868e-05
Estonia carbon tax;Taxas de Carbono;2002;0,4246885617214043;;5,8924262180322774e-05
Estonia carbon tax;Taxas de Carbono;2003;0,5208333333333334;;6,190519386039613e-05
Estonia carbon tax;Taxas de Carbono;2004;0,5747126436781609;;6,094823281793058e-05
Estonia carbon tax;Taxas de Carbono;2005;0,9346567411083541;;5,296785256024264e-05
Estonia carbon tax;Taxas de Carbono;2006;1,227450980392157;;5,008628128889328e-05
Estonia carbon tax;Taxas de Carbono;2007;1,35146804835924;;5,652935688401265e-05
Estonia carbon tax;Taxas de Carbono;2008;2,366565961732125;;5,1898725918403164e-05
Estonia carbon tax;Taxas de Carbono;2009;2,6413502109704643;;4,5464810209705645e-05
Estonia carbon tax;Taxas de Carbono;2010;2,6843910806174955;;5,3003022084356934e-05
Estonia carbon tax;Taxas de Carbono;2011;2,8282;3,317864539254968;5,1676111774406447e-05
Estonia carbon tax;Taxas de Carbono;2012;2,6712;3,169059739743956;4,905675813214855e-05
Estonia carbon tax;Taxas de Carbono;2013;2,561;3,3343731479352448;5,304188277740103e-05
Estonia carbon tax;Taxas de Carbono;2014;2,758;3,167145869520283;5,122347511991675e-05
Estonia carbon tax;Taxas de Carbono;2015;2,151;2,363817214439339;4,812955370195161e-05
Estonia carbon tax;Taxas de Carbono;2016;2,2864;2,28542285773259;4,6796095135301984e-05
Estonia carbon tax;Taxas de Carbono;2017;2,1382;2,185933077135801;4,871572244749341e-05
Estonia carbon tax;Taxas de Carbono;2018;2,4642;2,2742821952707173;5,0804670881160484e-05
Estonia carbon tax;Taxas de Carbono;2019;2,2472;2,811191445170279;3,519147371647385e-05
Estonia carbon tax;Taxas de Carbono;2020;2,1872;1,6182793413102097;2,9440238375466806e-05
Estonia carbon tax;Taxas de Carbono;2021;2,3492;2,0227672173793545;2,939552476524979e-05
Estonia carbon tax;Taxas de Carbono;2022;2,2104;1,6562985288239072;3,2599360449335904e-05
Estonia carbon tax;Taxas de Carbono;2023;2,175;1,7032373848238842;2,5667354214576876e-05
Estonia carbon tax;Taxas de Carbono;2024;2,1498;2,1636417486424544;2,3899820907217168e-05
Estonia carbon tax;Taxas de Carbono;2025;26,97;2,2544248008872736;2,3899820907217168e-05
Estonia carbon tax;Taxas de Carbono;2026;2,321;;2,3899820907217168e-05
EU ETS;ETS;2005;19,04973;;0,05237261746507244
EU ETS;ETS;2006;32,353992;;0,05147308399956914
EU ETS;ETS;2007;1,251892;;0,05114720064660074
EU ETS;ETS;2008;34,48332;;0,04902030411273444
EU ETS;ETS;2009;15,550804000000001;;0,04418735787871119
EU ETS;ETS;2010;17,265976000000002;315,9129125585525;0,04363219866926935
EU ETS;ETS;2011;23,756880000000002;354,8218309178342;0,04164214963984498
EU ETS;ETS;2012;9,322488;834,0299004466358;0,04192033589584282
EU ETS;ETS;2013;6,043959999999999;4799,8401827197695;0,041492153540732594
EU ETS;ETS;2014;6,7571;4190,999415062508;0,03926824427582732
EU ETS;ETS;2015;7,689824999999999;5452,883481639565;0,039253228876732375
EU ETS;ETS;2016;5,9217759999999995;4193,589186494166;0,038199907958231145
EU ETS;ETS;2017;5,644848;6235,252939086752;0,03771413343120417
EU ETS;ETS;2018;16,26372;16746,014828543328;0,03552147102505964
EU ETS;ETS;2019;24,505716;16390,731273424066;0,03238337835892338
EU ETS;ETS;2020;18,536519999999996;21832,40838931302;0,029115951133685772
EU ETS;ETS;2021;49,779548000000005;36739,27194064807;0,027400436211142316
EU ETS;ETS;2022;86,526108;40760,854985675316;0,02707725066770541
EU ETS;ETS;2023;96,29812499999998;47104,629536227934;0,022659679945107862
EU ETS;ETS;2024;61,301547;41987,047715292734;0,02197032330564441
EU ETS;ETS;2025;73,89779999999999;48751,93631918729;0,02197041826723501
EU ETS;ETS;2026;84,89057500000001;;0,02197032330564441
Finland carbon tax;Taxas de Carbono;1990;1,7478152309612984;170,0010853915452;0,0010191722876002056
Finland carbon tax;Taxas de Carbono;1991;1,730745456793176;160,73277659395026;0,0010221094495674922
Finland carbon tax;Taxas de Carbono;1992;1,5579790785666592;145,1074241423035;0,000977690754616885
Finland carbon tax;Taxas de Carbono;1993;2,393571550692426;171,55986723532968;0,00099587683692763
Finland carbon tax;Taxas de Carbono;1994;4,041844983357109;;0,0010818077746277575
Finland carbon tax;Taxas de Carbono;1995;8,83282212126104;;0,0010103916524085365
Finland carbon tax;Taxas de Carbono;1996;8,263036396194256;;0,00107405543714872
Finland carbon tax;Taxas de Carbono;1997;14,105793450881611;;0,0010360595428454689
Finland carbon tax;Taxas de Carbono;1998;14,605040520081932;;0,0009973052370922126
Finland carbon tax;Taxas de Carbono;1999;20,062942564909523;;0,0009812052533927074
Finland carbon tax;Taxas de Carbono;2000;16,392948;;0,0009389643961147966
Finland carbon tax;Taxas de Carbono;2001;15,155712;;0,001006178649805374
Finland carbon tax;Taxas de Carbono;2002;14,970384;;0,0010218778960557145
Finland carbon tax;Taxas de Carbono;2003;19,658255;;0,001083146755076452
Finland carbon tax;Taxas de Carbono;2004;22,2376;577,170674722271;0,0009985828732439134
Finland carbon tax;Taxas de Carbono;2005;23,390995;556,108351862648;0,0007112614699413323
Finland carbon tax;Taxas de Carbono;2006;21,84772;576,3198599631637;0,0008044031057195454
Finland carbon tax;Taxas de Carbono;2007;24,038990000000005;618,0855956727978;0,0007644647846113501
Finland carbon tax;Taxas de Carbono;2008;31,022459999999995;714,7871578574199;0,0006803852848200168
Finland carbon tax;Taxas de Carbono;2009;27,035086;563,4920984501816;0,0006552041656424052
Finland carbon tax;Taxas de Carbono;2010;27,488188;645,6240167573769;0,0007064656877517511
Finland carbon tax;Taxas de Carbono;2011;70,705;978,5445423293517;0,0006176144264692337
Finland carbon tax;Taxas de Carbono;2012;80,136;1283,5038838904613;0,0005600729995036839
Finland carbon tax;Taxas de Carbono;2013;64,02499999999999;1373,2740520055138;0,0005586065129120789
Finland carbon tax;Taxas de Carbono;2014;79,982;1404,2253288938502;0,0005226177705603067
Finland carbon tax;Taxas de Carbono;2015;62,37899999999999;1235,9973606596684;0,0004935479541990379
Finland carbon tax;Taxas de Carbono;2016;66,3056;1306,8374879694575;0,0005138740774049713
Finland carbon tax;Taxas de Carbono;2017;62,007799999999996;1428,340637934666;0,00048139500073237447
Finland carbon tax;Taxas de Carbono;2018;89,9433;1533,0265732349153;0,000482005525562629
Finland carbon tax;Taxas de Carbono;2019;86,5172;1453,3165650185854;0,00045382668007130954
Finland carbon tax;Taxas de Carbono;2020;84,20719999999999;1479,2440739582057;0,0004295566006254121
Finland carbon tax;Taxas de Carbono;2021;90,44420000000001;1656,0667276790039;0,0004188627670433356
Finland carbon tax;Taxas de Carbono;2022;85,1004;1650,3619749571549;0,0004045240187799672
Finland carbon tax;Taxas de Carbono;2023;83,7375;2085,0329141648826;0,00036735590552387505
Finland carbon tax;Taxas de Carbono;2024;99,98486304394962;1384,7307191311709;0,00035406833205267965
Finland carbon tax;Taxas de Carbono;2025;66,8856;1127,2124004436366;0,00035406833205267965
Finland carbon tax;Taxas de Carbono;2026;59,53365;;0,00035681304780502604
France carbon tax;Taxas de Carbono;2014;9,653;398,5502352584249;0,003755802109194315
France carbon tax;Taxas de Carbono;2015;15,594749999999998;2551,8796494768735;0,0038113961786244445
France carbon tax;Taxas de Carbono;2016;25,150399999999998;4206,23182999169;0,0038060040442162587
France carbon tax;Taxas de Carbono;2017;32,607549999999996;6143,20623951653;0,0037654186224583067
France carbon tax;Taxas de Carbono;2018;54,95166;9735,788980066358;0,0035782438188246145
France carbon tax;Taxas de Carbono;2019;50,11256;9180,314556111623;0,0034932368730871315
France carbon tax;Taxas de Carbono;2020;48,774559999999994;9344,993379396987;0,0032807795205300754
France carbon tax;Taxas de Carbono;2021;52,38716000000001;8990,07652168602;0,003367016147103055
France carbon tax;Taxas de Carbono;2022;49,29192;8097,459474250213;0,0032246930121669097
France carbon tax;Taxas de Carbono;2023;48,5025;8326,938325805657;0,002974767927513648
France carbon tax;Taxas de Carbono;2024;47,94054;7897,292382544958;0,002842656391060616
France carbon tax;Taxas de Carbono;2025;48,11448;7777,765563061093;0,002913722800837131
France carbon tax;Taxas de Carbono;2026;51,758300000000006;;0,002913722800837131
Fujian pilot ETS;ETS;2016;0,0;0,5249471951794293;0,001959497130797372
Fujian pilot ETS;ETS;2017;5,180670439703962;;0,0020668513660587165
Fujian pilot ETS;ETS;2018;3,187047837588042;;0,002206634142861222
Fujian pilot ETS;ETS;2019;1,5196662693682956;;0,0023837705779882314
Fujian pilot ETS;ETS;2020;1,28095043707155;;0,002573407948235446
Fujian pilot ETS;ETS;2021;1,2463097665642024;0,1938292465253371;0,00257325241134206
Fujian pilot ETS;ETS;2022;1,8258161917342894;0,18553817190436334;0,0022458705214119246
Fujian pilot ETS;ETS;2023;4,658950280264977;;0,002294525661981806
Fujian pilot ETS;ETS;2024;3,7469075228394124;;0,0009585620508997806
Fujian pilot ETS;ETS;2025;4,727312751086897;;0,0009585620508997806
Fujian pilot ETS;ETS;2026;3,009464547926086;;0,0009585620508997806
Germany ETS;ETS;2021;29,365000000000002;8497,73166977672;0,005894696727445281
Germany ETS;ETS;2022;33,156;6733,45590755698;0,005715568520406339
Germany ETS;ETS;2023;32,625;11614,577390420429;0,005089491348260872
Germany ETS;ETS;2024;48,3705;14028,099381142185;0,004942991220322351
Germany ETS;ETS;2025;48,546;18227,024515173605;0,004942991220322351
Germany ETS;ETS;2026;63,82750000000001;;0,0053232213141933
Guanajuato carbon tax;Taxas de Carbono;2024;2,716193948319883;1,8402218354598974;0,00019360915052341152
Guanajuato carbon tax;Taxas de Carbono;2025;4,911904984109988;3,037815448206439;0,0
Guanajuato carbon tax;Taxas de Carbono;2026;5,614287238163679;;0,0
Guangdong pilot ETS;ETS;2013;0,0;29,052133725681625;0,006860300582170282
Guangdong pilot ETS;ETS;2014;10,080809066224413;92,94475878852002;0,006914448673596942
Guangdong pilot ETS;ETS;2015;5,4855617410554425;5,780821433874548;0,006891028277327403
Guangdong pilot ETS;ETS;2016;2,2136625208836085;1,6178848475283443;0,006984868471245635
Guangdong pilot ETS;ETS;2017;1,88361631113046;2,330310804106726;0,007225668292826904
Guangdong pilot ETS;ETS;2018;2,3249513975204765;;0,0073895191724927594
Guangdong pilot ETS;ETS;2019;2,9201430274135878;;0,007505592775717663
Guangdong pilot ETS;ETS;2020;4,131417069016484;1,6346008435813069;0,0094971007613451
Guangdong pilot ETS;ETS;2021;5,715677024682717;;0,005176980633204114
Guangdong pilot ETS;ETS;2022;12,510222054475687;121,04510335040665;0,005140264659228806
Guangdong pilot ETS;ETS;2023;12,341850476814441;;0,005652732672232705
Guangdong pilot ETS;ETS;2024;8,939504927231768;;0,0017666981797025882
Guangdong pilot ETS;ETS;2025;5,406967145451543;;0,0017666981797025882
Guangdong pilot ETS;ETS;2026;5,732521117136502;;0,0017666981797025882
Hubei pilot ETS;ETS;2014;3,4144675869469783;6,5110163774795105;0,0024565586342290375
Hubei pilot ETS;ETS;2015;4,18497900185565;;0,0024718741533525925
Hubei pilot ETS;ETS;2016;3,50380545758307;;0,002472198339574857
Hubei pilot ETS;ETS;2017;1,7820345378029312;;0,0025550467130566958
Hubei pilot ETS;ETS;2018;2,326544921439271;;0,002416627272320186
Hubei pilot ETS;ETS;2019;4,126936829558999;17,76681522868125;0,002630902466605813
Hubei pilot ETS;ETS;2020;3,56695429399924;7,148480462222151;0,003390362852437175
Hubei pilot ETS;ETS;2021;4,411540919743129;13,257920462333056;0,0035555112273326366
Hubei pilot ETS;ETS;2022;7,240359816317545;12,867443297911406;0,003478374581433027
Hubei pilot ETS;ETS;2023;6,962218825070976;6,634671154712268;0,0034068658192917653
Hubei pilot ETS;ETS;2024;5,6182881152129145;;0,0014422295173058322
Hubei pilot ETS;ETS;2025;5,272136921468274;;0,0014422295173058322
Hubei pilot ETS;ETS;2026;5,707805707805707;;0,0014422295173058322
Hungary carbon tax;Taxas de Carbono;2024;38,6964;183,6239479237878;0,0
Hungary carbon tax;Taxas de Carbono;2025;38,8368;208,2403579316985;0,0
Hungary carbon tax;Taxas de Carbono;2026;41,778000000000006;;0,0
Iceland carbon tax;Taxas de Carbono;2010;8,843175828244512;21,10570822432317;3,8520764418198666e-05
Iceland carbon tax;Taxas de Carbono;2011;9,904604310819886;27,079694734545487;3,6371972954099694e-05
Iceland carbon tax;Taxas de Carbono;2012;8,965638103305269;24,471792427067303;3,585042788678261e-05
Iceland carbon tax;Taxas de Carbono;2013;17,61518696111692;24,660514562073544;3,5568760594308505e-05
Iceland carbon tax;Taxas de Carbono;2014;20,277996800049454;25,726369019307338;3,347043498141883e-05
Iceland carbon tax;Taxas de Carbono;2015;16,208875535883323;25,015405617886685;3,4951301781514306e-05
Iceland carbon tax;Taxas de Carbono;2016;18,608781511156494;28,67275567174627;3,134633369927521e-05
Iceland carbon tax;Taxas de Carbono;2017;21,190986596202958;34,163371597199465;3,1887747318228156e-05
Iceland carbon tax;Taxas de Carbono;2018;36,67678942325404;49,95375062624904;3,09775754670882e-05
Iceland carbon tax;Taxas de Carbono;2019;35,474283550306936;47,79507549090993;2,98600230647985e-05
Iceland carbon tax;Taxas de Carbono;2020;30,743799892219336;49,15016890515079;3,0221598199755126e-05
Iceland carbon tax;Taxas de Carbono;2021;35,362093850068334;48,66568602982256;2,9130252486660323e-05
Iceland carbon tax;Taxas de Carbono;2022;35,61275839012421;52,11417140092312;2,909472993609868e-05
Iceland carbon tax;Taxas de Carbono;2023;36,10866608490465;55,022745753201185;2,8284941443704206e-05
Iceland carbon tax;Taxas de Carbono;2024;36,508163849899745;54,473090251306395;2,8170260572403833e-05
Iceland carbon tax;Taxas de Carbono;2025;60,06006006006007;85,41632654335724;2,89751251601868e-05
Iceland carbon tax;Taxas de Carbono;2026;82,20502901353966;;2,9779989747969767e-05
Indonesia ETS;ETS;2024;0,6121651813731643;;0,006468789006250698
Indonesia ETS;ETS;2025;0,7243752263672583;;0,005968701856152087
Indonesia ETS;ETS;2026;0,7243752263672583;;0,005321822955527017
Ireland carbon tax;Taxas de Carbono;2010;20,17719644179552;294,30910004135046;0,0004635169285174113
Ireland carbon tax;Taxas de Carbono;2011;21,18545700055171;416,1946204217299;0,00042204047734124145
Ireland carbon tax;Taxas de Carbono;2012;26,69666382297651;456,09997875987364;0,0004253076180804888
Ireland carbon tax;Taxas de Carbono;2013;25,59529651491571;515,3097990117402;0,0004129867233836451
Ireland carbon tax;Taxas de Carbono;2014;27,564165477601538;511,47280191497856;0,00040904954437400354
Ireland carbon tax;Taxas de Carbono;2015;21,497650450442674;464,8859013612217;0,000419718437285293
Ireland carbon tax;Taxas de Carbono;2016;22,85087307758816;481,5028542227329;0,0004365588449175374
Ireland carbon tax;Taxas de Carbono;2017;21,369723939161567;502,70812368239353;0,0004238626766182019
Ireland carbon tax;Taxas de Carbono;2018;24,62785227335232;513,7152118302846;0,00039872084123564243
Ireland carbon tax;Taxas de Carbono;2019;22,459098136789766;492,6022444742822;0,0003852770808482038
Ireland carbon tax;Taxas de Carbono;2020;28,521640299047306;;0,0003854325942891066
Ireland carbon tax;Taxas de Carbono;2021;39,67853261012551;579,6233546876513;0,00038153822687138946
Ireland carbon tax;Taxas de Carbono;2022;45,69004849307136;831,82992780934;0,0003702012555618491
Ireland carbon tax;Taxas de Carbono;2023;53,18511109069554;1011,1282252764012;0,00034463377199295974
Ireland carbon tax;Taxas de Carbono;2024;52,568897389782656;1118,6027840481488;0,00033648737350295725
Ireland carbon tax;Taxas de Carbono;2025;68,5038;1325,6017829217167;0,00033648737350295725
Ireland carbon tax;Taxas de Carbono;2026;73,69175000000001;;0,00034097387181632985
Israel carbon tax;Taxas de Carbono;2001;0,0;;0,0
Israel carbon tax;Taxas de Carbono;2002;0,0;;0,0
Israel carbon tax;Taxas de Carbono;2003;0,0;;0,0
Israel carbon tax;Taxas de Carbono;2004;0,0;;0,0
Israel carbon tax;Taxas de Carbono;2005;0,0;;0,0
Israel carbon tax;Taxas de Carbono;2006;0,0;;0,0
Israel carbon tax;Taxas de Carbono;2007;0,0;;0,0
Israel carbon tax;Taxas de Carbono;2008;0,0;;0,0
Israel carbon tax;Taxas de Carbono;2009;0,0;;0,0
Israel carbon tax;Taxas de Carbono;2010;0,0;;0,0
Israel carbon tax;Taxas de Carbono;2011;0,0;;0,0
Israel carbon tax;Taxas de Carbono;2012;0,0;;0,0
Israel carbon tax;Taxas de Carbono;2013;0,0;;0,0
Israel carbon tax;Taxas de Carbono;2014;0,0;;0,0
Israel carbon tax;Taxas de Carbono;2015;0,0;;0,0
Israel carbon tax;Taxas de Carbono;2016;0,0;;0,0
Israel carbon tax;Taxas de Carbono;2017;0,0;;0,0
Israel carbon tax;Taxas de Carbono;2018;0,0;;0,0
Israel carbon tax;Taxas de Carbono;2019;0,0;;0,0
Israel carbon tax;Taxas de Carbono;2020;0,0;;0,0
Israel carbon tax;Taxas de Carbono;2021;0,0;;0,0
Israel carbon tax;Taxas de Carbono;2022;0,0;;0,0
Israel carbon tax;Taxas de Carbono;2023;0,0;;0,0
Israel carbon tax;Taxas de Carbono;2024;0,0;;0,0
Israel carbon tax;Taxas de Carbono;2025;1,5114709851551955;258,69873282041056;0,0011232473748824263
Israel carbon tax;Taxas de Carbono;2026;1,5114709851551955;;0,0010512443380309886
Japan carbon tax;Taxas de Carbono;2012;1,075378961819086;490,0335484261358;0,023636256021658853
Japan carbon tax;Taxas de Carbono;2013;0,940913640573415;922,1721702411136;0,023534079630032022
Japan carbon tax;Taxas de Carbono;2014;1,710901166136108;1604,6094799648956;0,022520067023932562
Japan carbon tax;Taxas de Carbono;2015;1,472986773046068;1404,4476713273732;0,021867964515859182
Japan carbon tax;Taxas de Carbono;2016;2,393590377975502;2411,002922866134;0,021718773355028403
Japan carbon tax;Taxas de Carbono;2017;2,3967946488964866;2338,495355818161;0,02111113553351763
Japan carbon tax;Taxas de Carbono;2018;2,5290596139829677;2375,407061861927;0,019848649364215775
Japan carbon tax;Taxas de Carbono;2019;2,417724526547095;2406,208640603892;0,01912485327012048
Japan carbon tax;Taxas de Carbono;2020;2,496382602796536;2453,767502045015;0,018807407372256616
Japan carbon tax;Taxas de Carbono;2021;2,424053077072401;2004,4768379411175;0,0183186994756538
Japan carbon tax;Taxas de Carbono;2022;2,1977155516272613;1673,027460750185;0,017659392732148893
Japan carbon tax;Taxas de Carbono;2023;2,011993110644676;1589,659415442691;0,016657849497096002
Japan carbon tax;Taxas de Carbono;2024;1,905075807514832;1545,9188303158696;0,015988029865366314
Japan carbon tax;Taxas de Carbono;2025;1,9292389853137515;1443,291407861005;0,015988029865366314
Japan carbon tax;Taxas de Carbono;2026;1,8194409468647696;;0,015988029865366314
Japan ETS;ETS;1990;0,0;;0,0
Japan ETS;ETS;1991;0,0;;0,0
Japan ETS;ETS;1992;0,0;;0,0
Japan ETS;ETS;1993;0,0;;0,0
Japan ETS;ETS;1994;0,0;;0,0
Japan ETS;ETS;1995;0,0;;0,0
Japan ETS;ETS;1996;0,0;;0,0
Japan ETS;ETS;1997;0,0;;0,0
Japan ETS;ETS;1998;0,0;;0,0
Japan ETS;ETS;1999;0,0;;0,0
Japan ETS;ETS;2000;0,0;;0,0
Japan ETS;ETS;2001;0,0;;0,0
Japan ETS;ETS;2002;0,0;;0,0
Japan ETS;ETS;2003;0,0;;0,0
Japan ETS;ETS;2004;0,0;;0,0
Japan ETS;ETS;2005;0,0;;0,0
Japan ETS;ETS;2006;0,0;;0,0
Japan ETS;ETS;2007;0,0;;0,0
Japan ETS;ETS;2008;0,0;;0,0
Japan ETS;ETS;2009;0,0;;0,0
Japan ETS;ETS;2010;0,0;;0,0
Japan ETS;ETS;2011;0,0;;0,0
Japan ETS;ETS;2012;0,0;;0,0
Japan ETS;ETS;2013;0,0;;0,0
Japan ETS;ETS;2014;0,0;;0,0
Japan ETS;ETS;2015;0,0;;0,0
Japan ETS;ETS;2016;0,0;;0,0
Japan ETS;ETS;2017;0,0;;0,0
Japan ETS;ETS;2018;0,0;;0,0
Japan ETS;ETS;2019;0,0;;0,0
Japan ETS;ETS;2020;0,0;;0,0
Japan ETS;ETS;2021;0,0;;0,0
Japan ETS;ETS;2022;0,0;;0,0
Japan ETS;ETS;2023;0,0;;0,0
Japan ETS;ETS;2024;0,0;;0,0
Japan ETS;ETS;2025;0,0;;0,0
Japan ETS;ETS;2026;0,0;;0,0
Kazakhstan ETS;ETS;2016;0,0;;0,002691298369873239
Kazakhstan ETS;ETS;2020;1,1124513182959728;;0,0028447559415533726
Kazakhstan ETS;ETS;2021;1,1767751653369107;;0,0028981830599376086
Kazakhstan ETS;ETS;2022;1,0808260599172224;;0,002933006521673334
Kazakhstan ETS;ETS;2023;1,1157601115760112;;0,0029239198715418782
Kazakhstan ETS;ETS;2024;1,0592081691150126;;0,002918526613910739
Kazakhstan ETS;ETS;2025;0,9317262707160415;;0,002670141370173655
Kazakhstan ETS;ETS;2026;0,9514538770053476;;0,0027322376811079263
Korea ETS;ETS;2015;9,104020191094284;;0,01312626112787819
Korea ETS;ETS;2016;6,885102664919179;;0,013161259948217563
Korea ETS;ETS;2017;18,233133231789267;;0,013278233097243757
Korea ETS;ETS;2018;20,62822315986873;;0,013280006782284831
Korea ETS;ETS;2019;23,457442126573365;199,44933207191784;0,012765578152266793
Korea ETS;ETS;2020;32,78688524590164;210,3677112392819;0,01263549606387606
Korea ETS;ETS;2021;15,89263641179587;257,6891482845158;0,012506016670187843
Korea ETS;ETS;2022;18,749483769719998;245,51012688612897;0,011950954825740056
Korea ETS;ETS;2023;11,236385948765149;64,47319272782975;0,011351181190089744
Korea ETS;ETS;2024;6,3024274367159085;136,32288621985882;0,011177904855927895
Korea ETS;ETS;2025;6,453148374813002;133,01080478449927;0,009921960490093298
Korea ETS;ETS;2026;10,192747468147664;;0,009771247166193148
Latvia carbon Tax;Taxas de Carbono;2004;0,16216216216216214;0,49527671407125123;6,126927385230577e-06
Latvia carbon Tax;Taxas de Carbono;2005;0,16304347826086954;0,4840262311577923;6,005024677881969e-06
Latvia carbon Tax;Taxas de Carbono;2006;0,058139534883720936;0,1692188613476595;6,121015292281302e-06
Latvia carbon Tax;Taxas de Carbono;2007;0,052910052910052914;0,1895657447476664;6,1401261800504395e-06
Latvia carbon Tax;Taxas de Carbono;2008;0,044444444444444446;0,1941027763914848;5,9164268336043725e-06
Latvia carbon Tax;Taxas de Carbono;2009;0,1595744680851064;0,553819701315399;5,629598131079294e-06
Latvia carbon Tax;Taxas de Carbono;2010;0,20942408376963353;0,7037304302747538;5,823322969425076e-06
Latvia carbon Tax;Taxas de Carbono;2011;0,32338308457711445;1,1727416979269416;5,4054204612318816e-06
Latvia carbon Tax;Taxas de Carbono;2012;0,6084656084656085;1,9932675839999998;5,302680157563687e-06
Latvia carbon Tax;Taxas de Carbono;2013;1,0928961748633879;3,5663749879160838;5,116512935458555e-06
Latvia carbon Tax;Taxas de Carbono;2014;3,9301500000000003;3,6085004000454624;5,029915375786135e-06
Latvia carbon Tax;Taxas de Carbono;2015;3,7642499999999997;3,7365953243109677;5,151847508504717e-06
Latvia carbon Tax;Taxas de Carbono;2016;4,0012;6,579014802123867;5,1239346196460275e-06
Latvia carbon Tax;Taxas de Carbono;2017;4,81095;8,874883209606057;4,9849517080184715e-06
Latvia carbon Tax;Taxas de Carbono;2018;5,544449999999999;9,530762404734068;5,106557760918528e-06
Latvia carbon Tax;Taxas de Carbono;2019;5,0562;9,275121623746061;5,030159920466673e-06
Latvia carbon Tax;Taxas de Carbono;2020;9,8424;4,851419123913776;4,978733161185148e-06
Latvia carbon Tax;Taxas de Carbono;2021;14,095200000000002;7,156574073184266;4,863824063275868e-06
Latvia carbon Tax;Taxas de Carbono;2022;16,578;7,952861983638602;4,569660899572341e-06
Latvia carbon Tax;Taxas de Carbono;2023;16,3125;8,175539447154645;4,4529148229281795e-06
Latvia carbon Tax;Taxas de Carbono;2024;16,1235;8,178565809868477;4,376295146681649e-06
Latvia carbon Tax;Taxas de Carbono;2025;16,182;5,389202486521027;4,376295146681649e-06
Latvia carbon Tax;Taxas de Carbono;2026;17,407500000000002;;4,376295146681649e-06
Liechtenstein carbon tax;Taxas de Carbono;2008;11,918951132300359;0,9232843069366349;4,13507068929695e-06
Liechtenstein carbon tax;Taxas de Carbono;2009;21,037868162692845;0,9189979610890675;4,0459270978039664e-06
Liechtenstein carbon tax;Taxas de Carbono;2010;34,210776394564284;2,8765785402283455;3,5058030489330284e-06
Liechtenstein carbon tax;Taxas de Carbono;2011;39,01593150536469;3,3782184912536595;3,4717326565524247e-06
Liechtenstein carbon tax;Taxas de Carbono;2012;39,86269516111172;4,265827239642529;3,474414344886275e-06
Liechtenstein carbon tax;Taxas de Carbono;2013;37,8111542905157;3,236582713762936;3,4731760503618243e-06
Liechtenstein carbon tax;Taxas de Carbono;2014;40,76548522251161;5,457615329726464;3,2211482008944608e-06
Liechtenstein carbon tax;Taxas de Carbono;2015;37,174721189591075;4,156356616262197;3,2279723086353765e-06
Liechtenstein carbon tax;Taxas de Carbono;2016;87,58210822646231;4,835627265417622;3,0341840629826888e-06
Liechtenstein carbon tax;Taxas de Carbono;2017;83,91608391608392;4,9152441965759195;3,113095326174057e-06
Liechtenstein carbon tax;Taxas de Carbono;2018;100,33444816053512;4,085319607659338;2,954536654970587e-06
Liechtenstein carbon tax;Taxas de Carbono;2019;96,46302250803859;4,196398845738738;3,065475860298964e-06
Liechtenstein carbon tax;Taxas de Carbono;2020;99,44064636420137;6,400664561511877;3,233740284487719e-06
Liechtenstein carbon tax;Taxas de Carbono;2021;101,47455208498495;6,992426694874685;3,0478886884636376e-06
Liechtenstein carbon tax;Taxas de Carbono;2022;129,85607618223136;4,767328301037093;2,952710108965365e-06
Liechtenstein carbon tax;Taxas de Carbono;2023;130,81157682454898;5,064051909314516;3,033100268236859e-06
Liechtenstein carbon tax;Taxas de Carbono;2024;132,12221304706853;9,371441768280855;2,8066479218881344e-06
Liechtenstein carbon tax;Taxas de Carbono;2025;136,0389978460492;9,924820126680538;2,9951548289810206e-06
Liechtenstein carbon tax;Taxas de Carbono;2026;149,812734082397;;2,8066479218881344e-06
Luxembourg carbon tax;Taxas de Carbono;2021;40,124336;257,9915380762791;0,00013106349380146364
Luxembourg carbon tax;Taxas de Carbono;2022;43,345943999999996;272,97902991245064;0,00011398546761724525
Luxembourg carbon tax;Taxas de Carbono;2023;45,00075;293,27044215262805;0,00010760712123602543
Luxembourg carbon tax;Taxas de Carbono;2024;49,907607;305,21628691399644;0,0001089834860740277
Luxembourg carbon tax;Taxas de Carbono;2025;58,546476;318,0204345371632;0,0001089834860740277
Luxembourg carbon tax;Taxas de Carbono;2026;46,42;;0,0001089834860740277
Massachusetts ETS;ETS;2020;8,198567;15,77973875;0,0
Massachusetts ETS;ETS;2021;6,5;44,25823375;0,0
Massachusetts ETS;ETS;2022;0,5;53,76548640000001;0,0
Massachusetts ETS;ETS;2023;12,05;41,42299034999999;0,0
Massachusetts ETS;ETS;2024;2,25;19,246326850000003;0,0
Massachusetts ETS;ETS;2025;9,3;78,4;0,0
Massachusetts ETS;ETS;2026;30,0;;0,0
Mauritania carbon tax;Taxas de Carbono;1990;0,0;;0,0
Mauritania carbon tax;Taxas de Carbono;1991;0,0;;0,0
Mauritania carbon tax;Taxas de Carbono;1992;0,0;;0,0
Mauritania carbon tax;Taxas de Carbono;1993;0,0;;0,0
Mauritania carbon tax;Taxas de Carbono;1994;0,0;;0,0
Mauritania carbon tax;Taxas de Carbono;1995;0,0;;0,0
Mauritania carbon tax;Taxas de Carbono;1996;0,0;;0,0
Mauritania carbon tax;Taxas de Carbono;1997;0,0;;0,0
Mauritania carbon tax;Taxas de Carbono;1998;0,0;;0,0
Mauritania carbon tax;Taxas de Carbono;1999;0,0;;0,0
Mauritania carbon tax;Taxas de Carbono;2000;0,0;;0,0
Mauritania carbon tax;Taxas de Carbono;2001;0,0;;0,0
Mauritania carbon tax;Taxas de Carbono;2002;0,0;;0,0
Mauritania carbon tax;Taxas de Carbono;2003;0,0;;0,0
Mauritania carbon tax;Taxas de Carbono;2004;0,0;;0,0
Mauritania carbon tax;Taxas de Carbono;2005;0,0;;0,0
Mauritania carbon tax;Taxas de Carbono;2006;0,0;;0,0
Mauritania carbon tax;Taxas de Carbono;2007;0,0;;0,0
Mauritania carbon tax;Taxas de Carbono;2008;0,0;;0,0
Mauritania carbon tax;Taxas de Carbono;2009;0,0;;0,0
Mauritania carbon tax;Taxas de Carbono;2010;0,0;;0,0
Mauritania carbon tax;Taxas de Carbono;2011;0,0;;0,0
Mauritania carbon tax;Taxas de Carbono;2012;0,0;;0,0
Mauritania carbon tax;Taxas de Carbono;2013;0,0;;0,0
Mauritania carbon tax;Taxas de Carbono;2014;0,0;;0,0
Mauritania carbon tax;Taxas de Carbono;2015;0,0;;0,0
Mauritania carbon tax;Taxas de Carbono;2016;0,0;;0,0
Mauritania carbon tax;Taxas de Carbono;2017;0,0;;0,0
Mauritania carbon tax;Taxas de Carbono;2018;0,0;;0,0
Mauritania carbon tax;Taxas de Carbono;2019;0,0;;0,0
Mauritania carbon tax;Taxas de Carbono;2020;0,0;;0,0
Mauritania carbon tax;Taxas de Carbono;2021;0,0;;0,0
Mauritania carbon tax;Taxas de Carbono;2022;0,0;;0,0
Mauritania carbon tax;Taxas de Carbono;2023;0,0;;0,0
Mauritania carbon tax;Taxas de Carbono;2024;0,0;;0,0
Mauritania carbon tax;Taxas de Carbono;2025;0,0;27,52152183;0,0
Mauritania carbon tax;Taxas de Carbono;2026;20,0;;1,5334596689272816e-05
Mexico carbon tax;Taxas de Carbono;2015;3,1153619508662573;482,57643317460787;0,0040828960824768
Mexico carbon tax;Taxas de Carbono;2016;2,777923865648282;443,5101869145116;0,004121432469663993
Mexico carbon tax;Taxas de Carbono;2017;2,645352817670878;602,8203687419173;0,004077879009162086
Mexico carbon tax;Taxas de Carbono;2018;2,902568513147586;305,58471845187506;0,0038714276522911254
Mexico carbon tax;Taxas de Carbono;2019;2,8889361275033782;267,50945384134917;0,003948837898587927
Mexico carbon tax;Taxas de Carbono;2020;2,3343446275809567;218,70453594324607;0,0015923982413366467
Mexico carbon tax;Taxas de Carbono;2021;2,8902229368216728;307,85686127573285;0,0015616118757614454
Mexico carbon tax;Taxas de Carbono;2022;3,196554986021443;213,93775136816322;0,0015541143387728807
Mexico carbon tax;Taxas de Carbono;2023;3,78965238521885;444,1480850249143;0,0015894707780399668
Mexico carbon tax;Taxas de Carbono;2024;4,3051447885494225;412,5516768544606;0,0015721683061853686
Mexico carbon tax;Taxas de Carbono;2025;3,942786130745087;592,4311923624908;0,0016134732206335878
Mexico carbon tax;Taxas de Carbono;2026;3,823891037913282;;0,0053696388782685815
Mexico ETS;ETS;2021;0,0;;0,005128446225817556
Mexico ETS;ETS;2022;0,0;;0,00510382377265314
Mexico ETS;ETS;2023;0,0;;0,005219936873694473
Mexico ETS;ETS;2024;0,0;;0,005163114306027484
Mexico ETS;ETS;2025;0,0;;0,004646802875424735
Mexico ETS;ETS;2026;0,0;;0,0025170182241883977
Minneapolis carbon tax;Taxas de Carbono;1990;0,0;;0,0
Minneapolis carbon tax;Taxas de Carbono;1991;0,0;;0,0
Minneapolis carbon tax;Taxas de Carbono;1992;0,0;;0,0
Minneapolis carbon tax;Taxas de Carbono;1993;0,0;;0,0
Minneapolis carbon tax;Taxas de Carbono;1994;0,0;;0,0
Minneapolis carbon tax;Taxas de Carbono;1995;0,0;;0,0
Minneapolis carbon tax;Taxas de Carbono;1996;0,0;;0,0
Minneapolis carbon tax;Taxas de Carbono;1997;0,0;;0,0
Minneapolis carbon tax;Taxas de Carbono;1998;0,0;;0,0
Minneapolis carbon tax;Taxas de Carbono;1999;0,0;;0,0
Minneapolis carbon tax;Taxas de Carbono;2000;0,0;;0,0
Minneapolis carbon tax;Taxas de Carbono;2001;0,0;;0,0
Minneapolis carbon tax;Taxas de Carbono;2002;0,0;;0,0
Minneapolis carbon tax;Taxas de Carbono;2003;0,0;;0,0
Minneapolis carbon tax;Taxas de Carbono;2004;0,0;;0,0
Minneapolis carbon tax;Taxas de Carbono;2005;0,0;;0,0
Minneapolis carbon tax;Taxas de Carbono;2006;0,0;;0,0
Minneapolis carbon tax;Taxas de Carbono;2007;0,0;;0,0
Minneapolis carbon tax;Taxas de Carbono;2008;0,0;;0,0
Minneapolis carbon tax;Taxas de Carbono;2009;0,0;;0,0
Minneapolis carbon tax;Taxas de Carbono;2010;0,0;;0,0
Minneapolis carbon tax;Taxas de Carbono;2011;0,0;;0,0
Minneapolis carbon tax;Taxas de Carbono;2012;0,0;;0,0
Minneapolis carbon tax;Taxas de Carbono;2013;0,0;;0,0
Minneapolis carbon tax;Taxas de Carbono;2014;0,0;;0,0
Minneapolis carbon tax;Taxas de Carbono;2015;0,0;;0,0
Minneapolis carbon tax;Taxas de Carbono;2016;0,0;;0,0
Minneapolis carbon tax;Taxas de Carbono;2017;0,0;;0,0
Minneapolis carbon tax;Taxas de Carbono;2018;0,0;;0,0
Minneapolis carbon tax;Taxas de Carbono;2019;0,0;;0,0
Minneapolis carbon tax;Taxas de Carbono;2020;0,0;;0,0
Minneapolis carbon tax;Taxas de Carbono;2021;0,0;;0,0
Minneapolis carbon tax;Taxas de Carbono;2022;0,0;;0,0
Minneapolis carbon tax;Taxas de Carbono;2023;0,0;;0,0
Minneapolis carbon tax;Taxas de Carbono;2024;0,0;;0,0
Minneapolis carbon tax;Taxas de Carbono;2026;5,0;;4,32277214182548e-07
Mexico City carbon tax;Taxas de Carbono;1990;0,0;;0,0
Mexico City carbon tax;Taxas de Carbono;1991;0,0;;0,0
Mexico City carbon tax;Taxas de Carbono;1992;0,0;;0,0
Mexico City carbon tax;Taxas de Carbono;1993;0,0;;0,0
Mexico City carbon tax;Taxas de Carbono;1994;0,0;;0,0
Mexico City carbon tax;Taxas de Carbono;1995;0,0;;0,0
Mexico City carbon tax;Taxas de Carbono;1996;0,0;;0,0
Mexico City carbon tax;Taxas de Carbono;1997;0,0;;0,0
Mexico City carbon tax;Taxas de Carbono;1998;0,0;;0,0
Mexico City carbon tax;Taxas de Carbono;1999;0,0;;0,0
Mexico City carbon tax;Taxas de Carbono;2000;0,0;;0,0
Mexico City carbon tax;Taxas de Carbono;2001;0,0;;0,0
Mexico City carbon tax;Taxas de Carbono;2002;0,0;;0,0
Mexico City carbon tax;Taxas de Carbono;2003;0,0;;0,0
Mexico City carbon tax;Taxas de Carbono;2004;0,0;;0,0
Mexico City carbon tax;Taxas de Carbono;2005;0,0;;0,0
Mexico City carbon tax;Taxas de Carbono;2006;0,0;;0,0
Mexico City carbon tax;Taxas de Carbono;2007;0,0;;0,0
Mexico City carbon tax;Taxas de Carbono;2008;0,0;;0,0
Mexico City carbon tax;Taxas de Carbono;2009;0,0;;0,0
Mexico City carbon tax;Taxas de Carbono;2010;0,0;;0,0
Mexico City carbon tax;Taxas de Carbono;2011;0,0;;0,0
Mexico City carbon tax;Taxas de Carbono;2012;0,0;;0,0
Mexico City carbon tax;Taxas de Carbono;2013;0,0;;0,0
Mexico City carbon tax;Taxas de Carbono;2014;0,0;;0,0
Mexico City carbon tax;Taxas de Carbono;2015;0,0;;0,0
Mexico City carbon tax;Taxas de Carbono;2016;0,0;;0,0
Mexico City carbon tax;Taxas de Carbono;2017;0,0;;0,0
Mexico City carbon tax;Taxas de Carbono;2018;0,0;;0,0
Mexico City carbon tax;Taxas de Carbono;2019;0,0;;0,0
Mexico City carbon tax;Taxas de Carbono;2020;0,0;;0,0
Mexico City carbon tax;Taxas de Carbono;2021;0,0;;0,0
Mexico City carbon tax;Taxas de Carbono;2022;0,0;;0,0
Mexico City carbon tax;Taxas de Carbono;2023;0,0;;0,0
Mexico City carbon tax;Taxas de Carbono;2024;0,0;;0,0
Mexico City carbon tax;Taxas de Carbono;2025;2,8489048907837926;3,118907031012771;0,0
Mexico City carbon tax;Taxas de Carbono;2026;3,3685723428982075;;0,0
Montenegro ETS;ETS;2024;25,7976;13,898620497659818;3,709670760581013e-05
Montenegro ETS;ETS;2025;25,891199999999998;13,898620497659818;3,745101216497524e-05
Montenegro ETS;ETS;2026;27,852000000000004;;3,714752501348932e-05
Morelos carbon tax;Taxas de Carbono;1990;0,0;;0,0
Morelos carbon tax;Taxas de Carbono;1991;0,0;;0,0
Morelos carbon tax;Taxas de Carbono;1992;0,0;;0,0
Morelos carbon tax;Taxas de Carbono;1993;0,0;;0,0
Morelos carbon tax;Taxas de Carbono;1994;0,0;;0,0
Morelos carbon tax;Taxas de Carbono;1995;0,0;;0,0
Morelos carbon tax;Taxas de Carbono;1996;0,0;;0,0
Morelos carbon tax;Taxas de Carbono;1997;0,0;;0,0
Morelos carbon tax;Taxas de Carbono;1998;0,0;;0,0
Morelos carbon tax;Taxas de Carbono;1999;0,0;;0,0
Morelos carbon tax;Taxas de Carbono;2000;0,0;;0,0
Morelos carbon tax;Taxas de Carbono;2001;0,0;;0,0
Morelos carbon tax;Taxas de Carbono;2002;0,0;;0,0
Morelos carbon tax;Taxas de Carbono;2003;0,0;;0,0
Morelos carbon tax;Taxas de Carbono;2004;0,0;;0,0
Morelos carbon tax;Taxas de Carbono;2005;0,0;;0,0
Morelos carbon tax;Taxas de Carbono;2006;0,0;;0,0
Morelos carbon tax;Taxas de Carbono;2007;0,0;;0,0
Morelos carbon tax;Taxas de Carbono;2008;0,0;;0,0
Morelos carbon tax;Taxas de Carbono;2009;0,0;;0,0
Morelos carbon tax;Taxas de Carbono;2010;0,0;;0,0
Morelos carbon tax;Taxas de Carbono;2011;0,0;;0,0
Morelos carbon tax;Taxas de Carbono;2012;0,0;;0,0
Morelos carbon tax;Taxas de Carbono;2013;0,0;;0,0
Morelos carbon tax;Taxas de Carbono;2014;0,0;;0,0
Morelos carbon tax;Taxas de Carbono;2015;0,0;;0,0
Morelos carbon tax;Taxas de Carbono;2016;0,0;;0,0
Morelos carbon tax;Taxas de Carbono;2017;0,0;;0,0
Morelos carbon tax;Taxas de Carbono;2018;0,0;;0,0
Morelos carbon tax;Taxas de Carbono;2019;0,0;;0,0
Morelos carbon tax;Taxas de Carbono;2020;0,0;;0,0
Morelos carbon tax;Taxas de Carbono;2021;0,0;;0,0
Morelos carbon tax;Taxas de Carbono;2022;0,0;;0,0
Morelos carbon tax;Taxas de Carbono;2023;0,0;;0,0
Morelos carbon tax;Taxas de Carbono;2024;0,0;;0,0
Morelos carbon tax;Taxas de Carbono;2025;12,27976246027497;0,05198178385021285;0,0
Morelos carbon tax;Taxas de Carbono;2026;5,798435859575449;;0,0
Netherlands carbon tax;Taxas de Carbono;2021;35,23800000000001;;3,3912073291002285e-05
Netherlands carbon tax;Taxas de Carbono;2022;46,1421;;3,0973680480953164e-05
Netherlands carbon tax;Taxas de Carbono;2023;60,83474999999999;;2,845177979749578e-05
Netherlands carbon tax;Taxas de Carbono;2024;71,48084999999999;;2,725351360928534e-05
Netherlands carbon tax;Taxas de Carbono;2025;94,82652;0,0;2,7253513609285434e-05
Netherlands carbon tax;Taxas de Carbono;2026;102,00795000000002;;2,7253513609285434e-05
New Brunswick carbon tax;Taxas de Carbono;2020;21,101498206372653;92,68146915342386;0,00017973007892438037
New Brunswick carbon tax;Taxas de Carbono;2021;31,834460803820136;98,69389873128598;0,0001875434493538094
New Brunswick carbon tax;Taxas de Carbono;2022;39,9616368286445;122,92990130325123;0,00018551331100976145
New Brunswick carbon tax;Taxas de Carbono;2023;48,030739673390975;;0,0001827145914257036
New Brunswick OBPS;ETS;2022;39,9616368286445;;0,00012058365215634494
New Brunswick OBPS;ETS;2023;48,030739673390975;;0,00011876448442670734
New Brunswick OBPS;ETS;2024;58,94488653109343;;0,00011727868767387388
New Brunswick OBPS;ETS;2025;66,21131865068301;15,020324011803524;0,00012178940643056135
New Brunswick OBPS;ETS;2026;68,40437788018433;;0,00012178940643056135
New Zealand ETS;ETS;2008;0,0;;0,000952817824749868
New Zealand ETS;ETS;2009;0,0;;0,0009377482606144738
New Zealand ETS;ETS;2010;12,437249999999999;;0,000895840092390634
New Zealand ETS;ETS;2011;15,37018;1,28050347827012;0,0008635003793591993
New Zealand ETS;ETS;2012;5,7211;1,490236861299285;0,0008793192595281886
New Zealand ETS;ETS;2013;1,6738;4,100350421533384e-05;0,0008553236516945457
New Zealand ETS;ETS;2014;2,68894;0,0004355280258828096;0,0008628777132107522
New Zealand ETS;ETS;2015;4,931519999999999;0,0003138130023187294;0,0008537620343479787
New Zealand ETS;ETS;2016;0,0;0,0002784497311219784;0,0008452686827579412
New Zealand ETS;ETS;2017;12,51389;0,0682104814404729;0,0008425963865817646
New Zealand ETS;ETS;2018;15,090285;0,7895993219205351;0,0008147528337893952
New Zealand ETS;ETS;2019;17,53254;276,699151774685;0,0008227416326349896
New Zealand ETS;ETS;2020;14,304;149,7616289915538;0,0008212410774887706
New Zealand ETS;ETS;2021;25,75989;1684,8210397510256;0,0007827946535805947
New Zealand ETS;ETS;2022;52,622400000000006;1303,479872346274;0,0007428329753155258
New Zealand ETS;ETS;2023;34,19875;21,320857470370335;0,0007144881596126794
New Zealand ETS;ETS;2024;35,105;291,03606469736843;0,0007022048188000136
New Zealand ETS;ETS;2025;32,007124000000005;3,3137447738272363;0,0003803609435166741
New Zealand ETS;ETS;2026;24,04127;;0,0006436877505666792
Newfoundland and Labrador carbon tax;Taxas de Carbono;2019;14,995876134063131;43,65694887398839;0,00010171196678339783
Newfoundland and Labrador carbon tax;Taxas de Carbono;2020;14,067665470915102;43,50735096622915;8,447313709445877e-05
Newfoundland and Labrador carbon tax;Taxas de Carbono;2021;23,875845602865102;78,34899887968918;7,620906207595943e-05
Newfoundland and Labrador carbon tax;Taxas de Carbono;2022;39,9616368286445;84,02508455439244;7,538410690094577e-05
Newfoundland and Labrador carbon tax;Taxas de Carbono;2023;48,030739673390975;25,927680542452126;7,424683553663227e-05
Newfoundland and Labrador carbon tax;Taxas de Carbono;2025;0,0;;0,0
Newfoundland and Labrador PSS;ETS;2021;23,875845602865102;0,042875022188233816;6,161583742311613e-05
Newfoundland and Labrador PSS;ETS;2022;39,9616368286445;0,12895346646711053;6,0948852387998706e-05
Newfoundland and Labrador PSS;ETS;2023;48,030739673390975;0,13763894413678873;6,0029356391319706e-05
Newfoundland and Labrador PSS;ETS;2024;58,94488653109343;0,43755484486908724;5,927836232746767e-05
Newfoundland and Labrador PSS;ETS;2025;66,21131865068301;0,3576267621857982;5,615844852075884e-05
Newfoundland and Labrador PSS;ETS;2026;68,40437788018433;;6,083831923082208e-05
Northwest Territories carbon tax;Taxas de Carbono;2020;14,067665470915102;14,137092961777286;1,862657181579942e-05
Northwest Territories carbon tax;Taxas de Carbono;2021;23,875845602865102;25,839857122373058;1,9301346662662884e-05
Northwest Territories carbon tax;Taxas de Carbono;2022;31,9693094629156;33,775950772922215;1,909241159142128e-05
Northwest Territories carbon tax;Taxas de Carbono;2023;48,030739673390975;42,965870613206384;1,880437670089533e-05
Northwest Territories carbon tax;Taxas de Carbono;2024;58,94488653109343;54,55104045883609;1,8569125548363367e-05
Norway carbon tax;Taxas de Carbono;1991;85,71863580998783;124,94326457468965;0,0010421023530298363
Norway carbon tax;Taxas de Carbono;1992;112,93428857561051;308,15025234662875;0,0010372753227483819
Norway carbon tax;Taxas de Carbono;1993;104,22269060251472;319,9828966557444;0,0010880278151943789
Norway carbon tax;Taxas de Carbono;1994;99,30826655708512;362,305278919215;0,001124665815709361
Norway carbon tax;Taxas de Carbono;1995;115,81075616659928;403,936340432518;0,001087580168068917
Norway carbon tax;Taxas de Carbono;1996;112,63223397635346;432,1058636109344;0,0010763292170954547
Norway carbon tax;Taxas de Carbono;1997;109,59527057753523;430,2032461754314;0,001114232589486178
Norway carbon tax;Taxas de Carbono;1998;94,70168314886371;427,82747340243117;0,0011388356495513207
Norway carbon tax;Taxas de Carbono;1999;93,79296167336922;885,222212700794;0,001162712738771852
Norway carbon tax;Taxas de Carbono;2000;85,39033896303295;745,9802446647062;0,0010472371480299515
Norway carbon tax;Taxas de Carbono;2001;58,97506166072896;715,2187885339976;0,001054749081560982
Norway carbon tax;Taxas de Carbono;2002;61,07510311381045;822,4175715622385;0,00102365904170637
Norway carbon tax;Taxas de Carbono;2003;74,20946308079212;984,4331505862589;0,001047489414670169
Norway carbon tax;Taxas de Carbono;2004;79,23584658777006;1074,1995302262337;0,0010177397817126542
Norway carbon tax;Taxas de Carbono;2005;86,97302254973275;1149,0880869227785;0,0006709737932666435
Norway carbon tax;Taxas de Carbono;2006;82,79529054310673;1239,6049896049901;0,000661982059363454
Norway carbon tax;Taxas de Carbono;2007;89,89058937388252;1370,4293431902204;0,0006565209712466951
Norway carbon tax;Taxas de Carbono;2008;104,95683383451355;1434,3971631205675;0,0006698836710183567
Norway carbon tax;Taxas de Carbono;2009;80,95174202781878;1094,2486085343232;0,0006441831131431572
Norway carbon tax;Taxas de Carbono;2010;90,59606191288069;1161,946780642494;0,0006438770362593342
Norway carbon tax;Taxas de Carbono;2011;99,27895938258632;1292,8648883671106;0,0006097723268900979
Norway carbon tax;Taxas de Carbono;2012;96,60478105843711;1207,563386334336;0,0005970161913210751
Norway carbon tax;Taxas de Carbono;2013;94,58253227135403;1413,9574468085107;0,0005953045826998516
Norway carbon tax;Taxas de Carbono;2014;92,52585527749375;1599,1007669928608;0,0005889250325435329
Norway carbon tax;Taxas de Carbono;2015;68,31598618828976;1369,8873617856786;0,000599055818825086
Norway carbon tax;Taxas de Carbono;2016;65,87870567719435;1517,9761904761904;0,0005900957044644896
Norway carbon tax;Taxas de Carbono;2017;66,81670300966685;1553,616764054001;0,0005782077605798942
Norway carbon tax;Taxas de Carbono;2018;79,9763414038291;1733,6612357823547;0,0005578050544488886
Norway carbon tax;Taxas de Carbono;2019;72,16302548438993;1609,0909090909108;0,0005406702574534904
Norway carbon tax;Taxas de Carbono;2020;63,27639751552795;1591,9992919727415;0,0005451035672484335
Norway carbon tax;Taxas de Carbono;2021;80,3528487137679;1746,4493597206053;0,0005293071922414579
Norway carbon tax;Taxas de Carbono;2022;96,30561592130847;1962,0005200658763;0,000514145219298793
Norway carbon tax;Taxas de Carbono;2023;94,4908945138014;1495,645313979178;0,0004872008732133822
Norway carbon tax;Taxas de Carbono;2024;107,78355153228915;1589,4532764637506;0,0004662969085137778
Norway carbon tax;Taxas de Carbono;2025;133,92048649833671;1869,9799599198457;0,00041426160886381117
Norway carbon tax;Taxas de Carbono;2026;169,70562958821276;;0,00041426160886381117
Nova Scotia OBPS;ETS;2021;19,657779546358935;35,742619028630955;0,0002549418764653347
Nova Scotia OBPS;ETS;2022;23,09782608695652;39,96720000527798;0,00025218215715389444
Nova Scotia OBPS;ETS;2023;20,87489839651223;25,25204264190235;0,00024837764771931583
Nova Scotia OBPS;ETS;2024;58,94488653109343;13,000000000000094;0,00024527033239488046
Nova Scotia OBPS;ETS;2025;66,21131865068301;23,603366304262682;0,00010149117202546779
Nova Scotia OBPS;ETS;2026;68,40437788018433;;9,867197280253813e-05
Ontario CaT;ETS;2017;14,064613072877535;1148,92692681993;0,0025853529630019303
Ontario CaT;ETS;2018;11,710873274391188;549,2129572643489;0,0
Ontario EPS;ETS;2022;31,9693094629156;;0,0007586721448170036
Ontario EPS;ETS;2023;48,030739673390975;;0,0007472265478513671
Ontario EPS;ETS;2024;58,94488653109343;;0,0007378784099481232
Ontario EPS;ETS;2025;66,21131865068301;186,32354309880085;0,0006811185322598061
Ontario EPS;ETS;2026;68,40437788018433;;0,0006811185322598061
Oregon ETS;ETS;2017;0,0;;0,0
Oregon ETS;ETS;2018;0,0;;0,0
Oregon ETS;ETS;2019;0,0;;0,0
Oregon ETS;ETS;2020;0,0;;0,0
Oregon ETS;ETS;2021;0,0;;0,0004320149313279287
Oregon ETS;ETS;2022;0,0;;0,0004273384146044068
Oregon ETS;ETS;2023;0,0;;0,00042089143576788196
Oregon ETS;ETS;2025;0,0;;0,00046395448843784506
Oregon ETS;ETS;2026;0,0;;0,0004832859254560886
Poland carbon tax;Taxas de Carbono;1990;0,10526315789473684;2,0657901560210523;0,003821064908083004
Poland carbon tax;Taxas de Carbono;1991;0,09433962264150944;1,821442595270613;0,0037316151747604494
Poland carbon tax;Taxas de Carbono;1992;0,07352941176470588;1,3665933153429761;0,0036337435740634205
Poland carbon tax;Taxas de Carbono;1993;0,0552486187845304;1,0438987930624621;0,003595337405197195
Poland carbon tax;Taxas de Carbono;1994;0,04609994468006639;0,8154759277523447;0,003503655124315597
Poland carbon tax;Taxas de Carbono;1995;0,05531914893617021;0,7654061910638571;0,0034209440912939754
Poland carbon tax;Taxas de Carbono;1996;0,05807200929152148;0,9204484120896852;0,0034512727976778405
Poland carbon tax;Taxas de Carbono;1997;0,0488122356003905;0,8560464713721223;0,0033379355933519576
Poland carbon tax;Taxas de Carbono;1998;0,043465662126919734;0,7499103828595269;0,0030608132881662325
Poland carbon tax;Taxas de Carbono;1999;0,0418702023726448;0,6395378822975598;0,002942781580404594
Poland carbon tax;Taxas de Carbono;2000;0,0418702023726448;0,5588278658410174;0,002762869584013037
Poland carbon tax;Taxas de Carbono;2001;0,03658536585365854;0,5865225092295856;0,0027027229148882483
Poland carbon tax;Taxas de Carbono;2002;0,03630115437670917;0,8069720756636798;0,002617954132574241
Poland carbon tax;Taxas de Carbono;2003;0,05144158930014942;0,8674879634494063;0,0025867331109803494
Poland carbon tax;Taxas de Carbono;2004;0,05702732127119084;0,9257810466698729;0,0024833644176616406
Poland carbon tax;Taxas de Carbono;2005;0,0698900819620052;1,0496029593718619;0,002404425209456346
Poland carbon tax;Taxas de Carbono;2006;0,06771105844695455;1,1843522346622135;0,002413975024631908
Poland carbon tax;Taxas de Carbono;2007;0,07915204074609401;1,3264976720663304;0,002327519128330657
Poland carbon tax;Taxas de Carbono;2008;0,10311589329746694;1,6444305692427468;0,0022637041862885897
Poland carbon tax;Taxas de Carbono;2009;0,07097836579410595;1,2328612741912919;0,002196734436948494
Poland carbon tax;Taxas de Carbono;2010;0,08770083491194836;1,3453946614187642;0,0021878587025555307
Poland carbon tax;Taxas de Carbono;2011;0,09137234229485153;1,4801698846740203;0,0021058577141271607
Poland carbon tax;Taxas de Carbono;2012;0,0865634317591613;1,3879143475567413;0,002049809742794408
Poland carbon tax;Taxas de Carbono;2013;0,0859159251304081;1,459152413300361;0,0019877486104997624
Poland carbon tax;Taxas de Carbono;2014;0,0924763854944184;1,4688562650143073;0,0019053145117442717
Poland carbon tax;Taxas de Carbono;2015;0,07653734494589601;1,2388700756068445;0,0019215361513451922
Poland carbon tax;Taxas de Carbono;2016;0,07797166133412199;1,1427739544989546;0,00197032030923807
Poland carbon tax;Taxas de Carbono;2017;0,07350145735648207;1,1921970633884027;0,002002363270407569
Poland carbon tax;Taxas de Carbono;2018;0,08494683499809601;1,2475259045511804;0,001953867224344786
Poland carbon tax;Taxas de Carbono;2019;0,07839652964695429;1,2140203588899232;0,0018539786212242687
Poland carbon tax;Taxas de Carbono;2020;0,07194072084602288;6,347243770420702;0,0018412089686945393
Poland carbon tax;Taxas de Carbono;2021;0,07862432788880998;1,245495544095119;0,0018901633007018031
Poland carbon tax;Taxas de Carbono;2022;0,07623040640335414;6,236862505209449;0,0017852674673981502
Poland carbon tax;Taxas de Carbono;2023;0,079191316905017;1,284592815795736;0,0016184444418265397
Poland carbon tax;Taxas de Carbono;2024;0,08498087930215703;6,883067402981831;0,001570609902327413
Poland carbon tax;Taxas de Carbono;2025;0,09830298013245031;7,28618439276258;0,001570609902327413
Poland carbon tax;Taxas de Carbono;2026;0,10618974430627358;;0,001570609902327413
Portugal carbon tax;Taxas de Carbono;2015;5,474294999999999;93,19908285045973;0,0005684937828343834
Portugal carbon tax;Taxas de Carbono;2016;7,625144;137,79747694520907;0,0005569285046078796
Portugal carbon tax;Taxas de Carbono;2017;7,323334999999999;155,7157800499798;0,0005886946777041839
Portugal carbon tax;Taxas de Carbono;2018;8,439884999999999;162,97172237374545;0,0005448464644407991
Portugal carbon tax;Taxas de Carbono;2019;14,169747113117415;287,3436821682565;0,0005080517888564096
Portugal carbon tax;Taxas de Carbono;2020;13,791416378520118;267,8138346534502;0,00047940978395385564
Portugal carbon tax;Taxas de Carbono;2021;27,81387334925465;354,3982797233068;0,0004451013727345637
Portugal carbon tax;Taxas de Carbono;2022;26,170520028602276;471,3352384881747;0,00044305883486787066
Portugal carbon tax;Taxas de Carbono;2023;25,751393893507938;;0,0004185511183206309
Portugal carbon tax;Taxas de Carbono;2024;25,453032915983158;1278,8862891061551;0,00039972180865574443
Portugal carbon tax;Taxas de Carbono;2025;72,700332;1332,5454113084497;0,00039972180865574443
Portugal carbon tax;Taxas de Carbono;2026;78,206095;;0,00039972180865574443
Prince Edward Island carbon tax;Taxas de Carbono;2019;14,995876134063131;7,084562121379785;1,5424019721118744e-05
Prince Edward Island carbon tax;Taxas de Carbono;2020;21,101498206372653;9,693154456914804;1,601231612235389e-05
Prince Edward Island carbon tax;Taxas de Carbono;2021;23,875845602865102;24,404309504463445;1,5316048363894436e-05
Prince Edward Island carbon tax;Taxas de Carbono;2022;23,9769820971867;23,105059105887644;1,5150253732463851e-05
Prince Edward Island carbon tax;Taxas de Carbono;2023;36,94672282568536;10,371072216980851;1,4921691633099129e-05
Prince Edward Island carbon tax;Taxas de Carbono;2025;0,0;;0,0
Quebec CaT;ETS;2013;0,0;28,520225587794698;0,0005000392295983212
Quebec CaT;ETS;2014;11,69;101,71457615647776;0,0004840541542483174
Quebec CaT;ETS;2015;12,49;649,2045702372162;0,001279936888606302
Quebec CaT;ETS;2016;12,45;344,03618216050506;0,0012422931991793913
Quebec CaT;ETS;2017;15,08;476,5004949871951;0,0012533666666710813
Quebec CaT;ETS;2018;15,1;641,6343862802055;0,0012574505387931757
Quebec CaT;ETS;2019;15,77;729,5831633715902;0,001266382843684201
Quebec CaT;ETS;2020;21,752011628177943;514,4039242908805;0,0011864227596269609
Quebec CaT;ETS;2021;17,94;897,9299677666057;0,0011808399787698969
Quebec CaT;ETS;2022;38,58;1028,0214461920252;0,0011680575087484406
Quebec CaT;ETS;2023;29,84;1051,4378468940415;0,0011504357790340265
Quebec CaT;ETS;2024;38,59;1054,3778936812034;0,0011360433135332224
Quebec CaT;ETS;2025;41,54;793,931412052472;0,00109552202336898
Quebec CaT;ETS;2026;29,046658986175117;;0,0011432792582054085
Queretaro carbon tax;Taxas de Carbono;2023;32,200205082725944;15,715099533280897;6,694151002258124e-05
Queretaro carbon tax;Taxas de Carbono;2024;36,69819463642235;15,407712797558782;6,621280609856299e-05
Queretaro carbon tax;Taxas de Carbono;2025;32,78794814993099;12,492782112721654;0,0
Queretaro carbon tax;Taxas de Carbono;2026;38,85816626150228;;0,0
RGGI;ETS;2009;3,87;349,35643505;0,002340750668643925
RGGI;ETS;2010;2,3;283,08407134000004;0,0022569246416821952
RGGI;ETS;2011;2,08;174,63698847;0,0021175086957727417
RGGI;ETS;2012;2,13;167,64559;0,0019811387957142353
RGGI;ETS;2013;3,85;447,96987677;0,0019964522785557636
RGGI;ETS;2014;3,93;367,28730909;0,0020317355656891724
RGGI;ETS;2015;5,9;435,97709008;0,0020275343724435037
RGGI;ETS;2016;5,82;266,46600491;0,0019858017225404894
RGGI;ETS;2017;3,94;198,37625205;0,0018764836195825187
RGGI;ETS;2018;4,3;239,36325108000003;0,0019201998469250453
RGGI;ETS;2019;4,94;283,98904882;0,0018582170387694884
RGGI;ETS;2020;5,13;416,2655057;0,0017276717227586904
RGGI;ETS;2021;8,69;926,17253793;0,0017278362360345681
RGGI;ETS;2022;13,89;1193,61912252;0,0017091325883886739
RGGI;ETS;2023;15,3882476;1264,94111527;0,0016833480081834122
RGGI;ETS;2024;17,64;1456,17030204;0,001662288572641543
RGGI;ETS;2025;23,32;1500,0;0,001662288572641543
RGGI;ETS;2026;26,43341766012445;;0,001662288572641543
Saitama ETS;ETS;2011;119,81787682722263;;0,0001602947493266172
Saitama ETS;ETS;2012;116,8594035301278;;0,0
Saitama ETS;ETS;2013;86,27116838853978;;0,0
Saitama ETS;ETS;2014;67,78348019754043;;0,0
Saitama ETS;ETS;2015;37,51563151313047;;0,0
Saitama ETS;ETS;2016;13,368983957219251;;0,0
Saitama ETS;ETS;2017;13,386880856760374;;0,0
Saitama ETS;ETS;2018;5,650249552688577;;0,0
Saitama ETS;ETS;2019;5,851638458768456;;0,0
Saitama ETS;ETS;2020;5,577244841048522;;0,0
Saitama ETS;ETS;2021;5,415651232060655;;0,0
Saitama ETS;ETS;2022;3,8379705400981994;;0,0
Saitama ETS;ETS;2023;1,0788133053640996;;0,0
Saitama ETS;ETS;2024;0,949241924851681;;0,0
Saitama ETS;ETS;2025;0,9612817089452603;;0,0
Saitama ETS;ETS;2026;0,9612817089452603;;0,0
San Luis Potosí carbon tax;Taxas de Carbono;1990;0,0;;0,0
San Luis Potosí carbon tax;Taxas de Carbono;1991;0,0;;0,0
San Luis Potosí carbon tax;Taxas de Carbono;1992;0,0;;0,0
San Luis Potosí carbon tax;Taxas de Carbono;1993;0,0;;0,0
San Luis Potosí carbon tax;Taxas de Carbono;1994;0,0;;0,0
San Luis Potosí carbon tax;Taxas de Carbono;1995;0,0;;0,0
San Luis Potosí carbon tax;Taxas de Carbono;1996;0,0;;0,0
San Luis Potosí carbon tax;Taxas de Carbono;1997;0,0;;0,0
San Luis Potosí carbon tax;Taxas de Carbono;1998;0,0;;0,0
San Luis Potosí carbon tax;Taxas de Carbono;1999;0,0;;0,0
San Luis Potosí carbon tax;Taxas de Carbono;2000;0,0;;0,0
San Luis Potosí carbon tax;Taxas de Carbono;2001;0,0;;0,0
San Luis Potosí carbon tax;Taxas de Carbono;2002;0,0;;0,0
San Luis Potosí carbon tax;Taxas de Carbono;2003;0,0;;0,0
San Luis Potosí carbon tax;Taxas de Carbono;2004;0,0;;0,0
San Luis Potosí carbon tax;Taxas de Carbono;2005;0,0;;0,0
San Luis Potosí carbon tax;Taxas de Carbono;2006;0,0;;0,0
San Luis Potosí carbon tax;Taxas de Carbono;2007;0,0;;0,0
San Luis Potosí carbon tax;Taxas de Carbono;2008;0,0;;0,0
San Luis Potosí carbon tax;Taxas de Carbono;2009;0,0;;0,0
San Luis Potosí carbon tax;Taxas de Carbono;2010;0,0;;0,0
San Luis Potosí carbon tax;Taxas de Carbono;2011;0,0;;0,0
San Luis Potosí carbon tax;Taxas de Carbono;2012;0,0;;0,0
San Luis Potosí carbon tax;Taxas de Carbono;2013;0,0;;0,0
San Luis Potosí carbon tax;Taxas de Carbono;2014;0,0;;0,0
San Luis Potosí carbon tax;Taxas de Carbono;2015;0,0;;0,0
San Luis Potosí carbon tax;Taxas de Carbono;2016;0,0;;0,0
San Luis Potosí carbon tax;Taxas de Carbono;2017;0,0;;0,0
San Luis Potosí carbon tax;Taxas de Carbono;2018;0,0;;0,0
San Luis Potosí carbon tax;Taxas de Carbono;2019;0,0;;0,0
San Luis Potosí carbon tax;Taxas de Carbono;2020;0,0;;0,0
San Luis Potosí carbon tax;Taxas de Carbono;2021;0,0;;0,0
San Luis Potosí carbon tax;Taxas de Carbono;2022;0,0;;0,0
San Luis Potosí carbon tax;Taxas de Carbono;2023;0,0;;0,0
San Luis Potosí carbon tax;Taxas de Carbono;2024;0,0;1,067476166391165;0,0
San Luis Potosí carbon tax;Taxas de Carbono;2025;16,67198789706612;2,1218964167656886;0,0
San Luis Potosí carbon tax;Taxas de Carbono;2026;19,758361077269438;;0,0
Saskatchewan OBPS;ETS;2021;31,834460803820136;;0,0005628257058211718
Saskatchewan OBPS;ETS;2022;39,9616368286445;22,478154256523332;0,0005567331760615862
Saskatchewan OBPS;ETS;2023;48,030739673390975;336,2554241908699;0,0005483341019765126
Saskatchewan OBPS;ETS;2024;58,94488653109343;266,300000000002;0,0005414741974173569
Shanghai pilot ETS;ETS;2013;0,0;;0,001623206724765709
Shanghai pilot ETS;ETS;2014;6,42245093735265;;0,0013876731754451463
Shanghai pilot ETS;ETS;2015;4,733535175961194;;0,0014357697164175346
Shanghai pilot ETS;ETS;2016;0,9281603861147206;;0,0013994900849388975
Shanghai pilot ETS;ETS;2017;4,57117979973879;;0,0013618678051444415
Shanghai pilot ETS;ETS;2018;6,214743283296682;;0,0012890807798692804
Shanghai pilot ETS;ETS;2019;6,090584028605483;;0,0013503907940744277
Shanghai pilot ETS;ETS;2020;5,068903872411706;;0,0021445066235295383
Shanghai pilot ETS;ETS;2021;6,315244848890647;;0,0021293995812047112
Shanghai pilot ETS;ETS;2022;9,276907592627541;;0,0019324303230183484
Shanghai pilot ETS;ETS;2023;8,720972555871006;;0,0019984408437186334
Shanghai pilot ETS;ETS;2024;10,06178043757688;13,289841309164997;0,0010399957676856203
Shanghai pilot ETS;ETS;2025;10,797424467558198;13,289841309164997;0,0010399957676856203
Shanghai pilot ETS;ETS;2026;9,050201357893664;;0,0010399957676856203
Shenzhen pilot ETS;ETS;2013;4,635095893033794;;0,0
Shenzhen pilot ETS;ETS;2014;12,991236199860172;0,3255508188739755;0,0
Shenzhen pilot ETS;ETS;2015;5,983657258195787;;0,0002988532110120823
Shenzhen pilot ETS;ETS;2016;5,6664191572303695;;0,0003512335894684696
Shenzhen pilot ETS;ETS;2017;5,364968799883906;;0,00035201332619609946
Shenzhen pilot ETS;ETS;2018;6,735506899958568;;0,00035962891174176257
Shenzhen pilot ETS;ETS;2019;0,5527413587604291;;0,00036588831225343814
Shenzhen pilot ETS;ETS;2020;2,3845385059331936;0,3854643833267976;0,00044932519731095093
Shenzhen pilot ETS;ETS;2021;1,1200048695863896;;0,0004883943993588787
Shenzhen pilot ETS;ETS;2022;0,6416304963200604;3,749355377843375;0,0005024318839847706
Shenzhen pilot ETS;ETS;2023;8,769017980636237;;0,0005329175583249689
Shenzhen pilot ETS;ETS;2024;8,9560902796014;;0,0003495939257091179
Shenzhen pilot ETS;ETS;2025;6,533762588740301;;0,0003495939257091179
Shenzhen pilot ETS;ETS;2026;6,687698995391303;;0,0003495939257091179
Singapore carbon tax;Taxas de Carbono;2019;3,693853427895981;;0,0010815335430171451
Singapore carbon tax;Taxas de Carbono;2020;3,510249929795001;140,17116730789044;0,0010982600582882425
Singapore carbon tax;Taxas de Carbono;2021;3,7136066547831255;154,47084072498146;0,001090286669962089
Singapore carbon tax;Taxas de Carbono;2022;3,685684800235884;143,55464216634496;0,001097761401826623
Singapore carbon tax;Taxas de Carbono;2023;3,7678975131876413;160,2884591515039;0,001088492211773885
Singapore carbon tax;Taxas de Carbono;2024;18,47882326853426;152,4284680819222;0,0011298087312371404
Singapore carbon tax;Taxas de Carbono;2025;18,61920011916288;491,032161841753;0,0010153977204789488
Singapore carbon tax;Taxas de Carbono;2026;34,98950314905528;;0,0010010963441341749
Slovenia carbon tax;Taxas de Carbono;1996;7,479811987445884;;0,00031500284315876085
Slovenia carbon tax;Taxas de Carbono;1997;6,530535477787036;;0,000322911673990682
Slovenia carbon tax;Taxas de Carbono;1998;17,258359949559566;;0,000319522056904105
Slovenia carbon tax;Taxas de Carbono;1999;16,918756133049097;;0,00030821073344471415
Slovenia carbon tax;Taxas de Carbono;2000;14,174364527802307;;0,0002975690769591211
Slovenia carbon tax;Taxas de Carbono;2001;12,288620368879807;;0,0003214826041701851
Slovenia carbon tax;Taxas de Carbono;2002;11,6618619795311;;0,00032664596550353837
Slovenia carbon tax;Taxas de Carbono;2003;14,085379939038477;;0,00031147204518028646
Slovenia carbon tax;Taxas de Carbono;2004;15,457312313449563;;0,0003061997430623428
Slovenia carbon tax;Taxas de Carbono;2005;16,533589640714073;;0,00029832804539553693
Slovenia carbon tax;Taxas de Carbono;2006;15,144730618152375;;0,0002910989892513182
Slovenia carbon tax;Taxas de Carbono;2007;16,6475;39,74386313638833;0,00028169030595259585
Slovenia carbon tax;Taxas de Carbono;2008;19,575;47,06417500295769;0,00028717197759710924
Slovenia carbon tax;Taxas de Carbono;2009;16,5575;44,63303750100449;0,0002629661756756078
Slovenia carbon tax;Taxas de Carbono;2010;16,835;43,74865000614669;0,00025150351542179057
Slovenia carbon tax;Taxas de Carbono;2011;17,67625;43,15061281964424;0,00023323785383729675
Slovenia carbon tax;Taxas de Carbono;2012;19,23264;73,23295433609239;0,00022298461899638187
Slovenia carbon tax;Taxas de Carbono;2013;18,4392;143,43674817852562;0,00021899637573382616
Slovenia carbon tax;Taxas de Carbono;2014;19,8576;143,47808469303294;0,0001997909254556998
Slovenia carbon tax;Taxas de Carbono;2015;18,58464;139,7986242756896;0,00020243990497102732
Slovenia carbon tax;Taxas de Carbono;2016;19,777359999999998;81,85398186633242;0,00021123766686658425
Slovenia carbon tax;Taxas de Carbono;2017;18,49543;83,53838873763537;0,0002109449202235629
Slovenia carbon tax;Taxas de Carbono;2018;21,31533;87,32998208597112;0,00020573363174903258
Slovenia carbon tax;Taxas de Carbono;2019;19,438280000000002;82,78924305956548;0,00019773545226423953
Slovenia carbon tax;Taxas de Carbono;2020;18,91928;142,91002070443685;0,00019116215742159945
Slovenia carbon tax;Taxas de Carbono;2021;20,320580000000003;155,395223376455;0,00018454130746252585
Slovenia carbon tax;Taxas de Carbono;2022;19,11996;80,99247225043229;0,0
Slovenia carbon tax;Taxas de Carbono;2023;0,0;90,10071694690258;0,00014505720489785178
Slovenia carbon tax;Taxas de Carbono;2024;18,595769999999998;174,17316076571757;0,00014890940678442209
Slovenia carbon tax;Taxas de Carbono;2025;33,28098;181,4811964714255;0,00014988693024252551
Slovenia carbon tax;Taxas de Carbono;2026;35,801425;;0,00014988693024252551
South Africa carbon tax;Taxas de Carbono;2020;7,059869920506976;38,53587330284152;0,009663334696555075
South Africa carbon tax;Taxas de Carbono;2021;9,150942751975306;93,52345182659649;0,009217993968098396
South Africa carbon tax;Taxas de Carbono;2022;9,835192230198139;103,26578200674857;0,008811603068626916
South Africa carbon tax;Taxas de Carbono;2023;8,925614267510202;122,92520239154906;0,008668763146313404
South Africa carbon tax;Taxas de Carbono;2024;10,08578223203669;92,15077511227766;0,008781690552251201
South Africa carbon tax;Taxas de Carbono;2025;12,848921725022185;108,59669520186155;0,008781690552251201
South Africa carbon tax;Taxas de Carbono;2026;18,284791565249396;;0,008781690552251201
Spain carbon tax;Taxas de Carbono;2014;27,58;41,183524310037235;0,00013022384211773186
Spain carbon tax;Taxas de Carbono;2015;21,509999999999998;109,84177621661325;0,0001349580139448932
Spain carbon tax;Taxas de Carbono;2016;22,863999999999997;;0,00013126895301238055
Spain carbon tax;Taxas de Carbono;2017;21,381999999999998;197,69420594251432;0,00013452266574547528
Spain carbon tax;Taxas de Carbono;2018;24,642;129,89200559540498;0,0001287482780828879
Spain carbon tax;Taxas de Carbono;2019;16,854;123,15056111857055;0,00012119734069369901
Spain carbon tax;Taxas de Carbono;2020;16,404;125,35966728459371;0,00011009517178104457
Spain carbon tax;Taxas de Carbono;2021;17,619000000000003;82,8033363839502;0,00011234694238330572
Spain carbon tax;Taxas de Carbono;2022;16,578;99,90372078620392;0,00011257797321486233
Spain carbon tax;Taxas de Carbono;2023;16,3125;102,73495337032952;0,00010373691997426086
Spain carbon tax;Taxas de Carbono;2024;16,1235;119,000296175335;0,00010200103590828163
Spain carbon tax;Taxas de Carbono;2025;16,182;116,10287724569459;0,00010736951148240172
Spain carbon tax;Taxas de Carbono;2026;17,407500000000002;;0,00010200103590828163
State of Mexico carbon tax;Taxas de Carbono;2023;2,3833938419754457;4,786832381844427;0,0
State of Mexico carbon tax;Taxas de Carbono;2024;3,5008722000567385;13,776670401255066;0,0
State of Mexico carbon tax;Taxas de Carbono;2025;2,8489048907837926;15,121500922026916;0,0
State of Mexico carbon tax;Taxas de Carbono;2026;2,4141435124103823;;0,0
Sweden carbon tax;Taxas de Carbono;1991;41,30797574395664;1398,6021695034851;0,0009338991834677053
Sweden carbon tax;Taxas de Carbono;1992;42,91256136496275;1578,6852874681633;0,0009696025340322744
Sweden carbon tax;Taxas de Carbono;1993;41,048796757145055;1368,4204215110067;0,0009726609790502665
Sweden carbon tax;Taxas de Carbono;1994;43,43382728666326;1454,126960058165;0,0009978566232538035
Sweden carbon tax;Taxas de Carbono;1995;46,11732790776534;1599,9678501743365;0,0009661511672634556
Sweden carbon tax;Taxas de Carbono;1996;55,64830272676683;2037,7408291410618;0,0010120630987613037
Sweden carbon tax;Taxas de Carbono;1997;49,120477928974445;1635,9100371725315;0,0009302484861326928
Sweden carbon tax;Taxas de Carbono;1998;46,276030267025206;1628,2031008103313;0,0009382898959257456
Sweden carbon tax;Taxas de Carbono;1999;44,61863129333735;1541,072368353372;0,000913957140690598
Sweden carbon tax;Taxas de Carbono;2000;42,67589388696655;1317,035409719945;0,000851530179291161
Sweden carbon tax;Taxas de Carbono;2001;51,022864019253916;1642,2477420868513;0,000839261838623668
Sweden carbon tax;Taxas de Carbono;2002;60,94316807738815;2046,1895487955555;0,0008438207010712109
Sweden carbon tax;Taxas de Carbono;2003;89,64907107048069;2944,8558339125907;0,0008116463667404808
Sweden carbon tax;Taxas de Carbono;2004;120,52980132450331;3596,463137726988;0,0007639820846019618
Sweden carbon tax;Taxas de Carbono;2005;128,80396319886765;3416,9273613564064;0,000703074298332159
Sweden carbon tax;Taxas de Carbono;2006;118,78631375080697;3353,6411472504965;0,0006861061526118817
Sweden carbon tax;Taxas de Carbono;2007;132,85714285714286;3717,688277600806;0,0006436999695970393
Sweden carbon tax;Taxas de Carbono;2008;168,8257417467614;3889,9429900349237;0,0006240498225086981
Sweden carbon tax;Taxas de Carbono;2009;126,58227848101266;3405,489394564786;0,0005843243297660297
Sweden carbon tax;Taxas de Carbono;2010;145,47973675095255;3792,425716227802;0,0006091266988970316
Sweden carbon tax;Taxas de Carbono;2011;166,07354685646501;3906,803835399576;0,0005523214244241282
Sweden carbon tax;Taxas de Carbono;2012;163,11981754746333;3725,8953515360804;0,0005207476958411781
Sweden carbon tax;Taxas de Carbono;2013;165,74076915993984;3689,147148577817;0,000495592881719556
Sweden carbon tax;Taxas de Carbono;2014;167,4210950579773;3400,9227807022085;0,00048084161021851187
Sweden carbon tax;Taxas de Carbono;2015;129,81142572352485;2916,9489366969888;0,0004820551640163074
Sweden carbon tax;Taxas de Carbono;2016;137,82919025350728;2666,879376780521;0,0004769605452217886
Sweden carbon tax;Taxas de Carbono;2017;126,4915933463183;2767,2974752094174;0,0004635218332424846
Sweden carbon tax;Taxas de Carbono;2018;141,1550791903919;2737,9867476072823;0,00043385809474533155
Sweden carbon tax;Taxas de Carbono;2019;127,53447754096234;2438,0249231300863;0,0004321945598361001
Sweden carbon tax;Taxas de Carbono;2020;119,43234508922298;2168,222579543995;0,00043874862979765
Sweden carbon tax;Taxas de Carbono;2021;136,09954709730545;2482,752213688954;0,00043617673172964317
Sweden carbon tax;Taxas de Carbono;2022;129,8881045918639;2175,1486487983398;0,0004083666013397549
Sweden carbon tax;Taxas de Carbono;2023;125,55655356918649;2120,608666647573;0,0003913235225484505
Sweden carbon tax;Taxas de Carbono;2024;123,69607595125072;2308,9363597325932;0,00039518258019077357
Sweden carbon tax;Taxas de Carbono;2025;144,62469890633807;2484,546500070207;0,00039518258019077357
Sweden carbon tax;Taxas de Carbono;2026;154,54863272423407;;0,00039518258019077357
Switzerland carbon tax;Taxas de Carbono;2008;11,918951132300359;202,19926321912305;0,0004396527838504459
Switzerland carbon tax;Taxas de Carbono;2009;21,037868162692845;199,42255755632763;0,00043234160476923186
Switzerland carbon tax;Taxas de Carbono;2010;34,210776394564284;564,7682533981651;0,00042474753606343014
Switzerland carbon tax;Taxas de Carbono;2011;39,01593150536469;560,7842695481074;0,0003822815750092181
Switzerland carbon tax;Taxas de Carbono;2012;39,86269516111172;592,9499863103115;0,0003873209293874812
Switzerland carbon tax;Taxas de Carbono;2013;37,8111542905157;700,1807270773818;0,0003903250169158701
Switzerland carbon tax;Taxas de Carbono;2014;67,94247537085268;826,2829609205866;0,0003611125242917316
Switzerland carbon tax;Taxas de Carbono;2015;61,95786864931846;883,225780955717;0,00035719995831594726
Switzerland carbon tax;Taxas de Carbono;2016;87,58210822646231;1017,8665576524394;0,0003593025145808057
Switzerland carbon tax;Taxas de Carbono;2017;83,91608391608392;1078,510193546204;0,00034691442240531296
Switzerland carbon tax;Taxas de Carbono;2018;100,33444816053512;1198,496766001688;0,00033052185319773974
Switzerland carbon tax;Taxas de Carbono;2019;96,46302250803859;1199,5461448730396;0,00032745326193149376
Switzerland carbon tax;Taxas de Carbono;2020;99,44064636420137;1248,1828396159601;0,0003229092816476752
Switzerland carbon tax;Taxas de Carbono;2021;101,47455208498495;1275,9263734309675;0,0003208159135490353
Switzerland carbon tax;Taxas de Carbono;2022;129,85607618223136;1564,7247030238289;0,00029546901694564034
Switzerland carbon tax;Taxas de Carbono;2023;130,81157682454898;1190,8869325201172;0,00028560975100456494
Switzerland carbon tax;Taxas de Carbono;2024;132,12221304706853;1459,4961425573747;0,0002828099294967232
Switzerland carbon tax;Taxas de Carbono;2025;136,0389978460492;1377,2777899708178;0,0002828099294967232
Switzerland carbon tax;Taxas de Carbono;2026;149,812734082397;;0,00030705078059644237
Switzerland ETS;ETS;2008;0,0;;0,00015073809732015286
Switzerland ETS;ETS;2009;0,0;;0,00014823140734945093
Switzerland ETS;ETS;2010;0,0;;0,00014562772665031892
Switzerland ETS;ETS;2011;25,4538;;0,00013106796857458903
Switzerland ETS;ETS;2012;24,040799999999997;;0,000132795747218565
Switzerland ETS;ETS;2013;0,0;;0,00013382572008544116
Switzerland ETS;ETS;2014;55,50475;9,074605981226808;0,0001238100083285937
Switzerland ETS;ETS;2015;12,905999999999999;4,949894170845337;0,00012246855713689622
Switzerland ETS;ETS;2016;10,2888;4,0707359447939915;0,00012318943357056197
Switzerland ETS;ETS;2017;6,9491499999999995;4,774279475982538;0,0001189420876818216
Switzerland ETS;ETS;2018;9,24075;4,513103078024342;0,00011332177823922508
Switzerland ETS;ETS;2019;8,03374;8,61313671128108;0,00011226968980508357
Switzerland ETS;ETS;2020;19,848839999999996;8,343974871501999;0,00011071175370777435
Switzerland ETS;ETS;2021;46,10305;19,167465996451803;0,0001099940275025264
Switzerland ETS;ETS;2022;65,59362;45,916634751315705;0,00010130366295279099
Switzerland ETS;ETS;2023;93,80775;38,85210536676809;9,792334320156513e-05
Switzerland ETS;ETS;2024;59,173244999999994;51,13551980108202;9,696340439887651e-05
Switzerland ETS;ETS;2025;64,749576;92,62042779716417;0,00010504368809878291
Switzerland ETS;ETS;2026;99,25093632958801;;9,696340439887651e-05
Taiwan, China carbon fee;Taxas de Carbono;2019;0,0;;0,0
Taiwan, China carbon fee;Taxas de Carbono;2024;9,121943803297722;;0,004626228405268952
Taiwan, China carbon fee;Taxas de Carbono;2025;9,080402839689615;;0,0031227041735565424
Taiwan, China carbon fee;Taxas de Carbono;2026;9,39261114589856;;0,004626228405268952
Tamaulipas carbon tax;Taxas de Carbono;2022;13,10272536687631;1,8695953515986954;0,00036159795463270943
Tamaulipas carbon tax;Taxas de Carbono;2023;17,25022863952554;;0,00036982438675749684
Tamaulipas carbon tax;Taxas de Carbono;2024;19,659811797939312;82,57534543424961;0,0003657985964558302
Tamaulipas carbon tax;Taxas de Carbono;2025;16,67198789706612;6,83560457630299;0,0
Tamaulipas carbon tax;Taxas de Carbono;2026;19,758361077269438;;0,0
Tianjin pilot ETS;ETS;2013;0,0;;0,001283369571622629
Tianjin pilot ETS;ETS;2014;5,692405248524462;;0,0012140769899419012
Tianjin pilot ETS;ETS;2015;4,2077676856463855;;0,0011419769955177447
Tianjin pilot ETS;ETS;2016;3,5842460243796794;;0,001097116672299889
Tianjin pilot ETS;ETS;2017;1,9663328979828762;;0,0010937715263911979
Tianjin pilot ETS;ETS;2018;1,3560888548937118;;0,0011205334938643513
Tianjin pilot ETS;ETS;2019;1,725268176400477;;0,0011095747795502402
Tianjin pilot ETS;ETS;2020;2,815275685871539;8,225172329935726;0,001466232070821249
Tianjin pilot ETS;ETS;2021;3,804364366801595;11,732096633685602;0,001465183198076636
Tianjin pilot ETS;ETS;2022;4,4033465433729635;12,682165939665827;0,0014493227422637614
Tianjin pilot ETS;ETS;2023;4,603625245686831;;0,001408424975573132
Tianjin pilot ETS;ETS;2024;4,708857960278081;;0,0006615817364259727
Tianjin pilot ETS;ETS;2025;5,296901656485609;;0,0006615817364259727
Tianjin pilot ETS;ETS;2026;4,361542823081284;;0,0006615817364259727
Tokyo CaT;ETS;2010;0,0;;0,0002757449754581848
Tokyo CaT;ETS;2011;0,0;;0,0002676450089514576
Tokyo CaT;ETS;2012;116,8594035301278;;0,0
Tokyo CaT;ETS;2013;86,27116838853978;;0,0
Tokyo CaT;ETS;2014;67,78348019754043;;0,0
Tokyo CaT;ETS;2015;37,51563151313047;;0,0
Tokyo CaT;ETS;2016;13,368983957219251;;0,0
Tokyo CaT;ETS;2017;13,386880856760374;;0,0
Tokyo CaT;ETS;2018;6,121103682079292;;0,0
Tokyo CaT;ETS;2019;5,851638458768456;;0,0
Tokyo CaT;ETS;2020;5,577244841048522;;0,0
Tokyo CaT;ETS;2021;4,8740861088545895;;0,0
Tokyo CaT;ETS;2022;4,4189852700491;;0,0
Tokyo CaT;ETS;2023;5,244231345519928;;0,0
Tokyo CaT;ETS;2024;36,91496374423204;;0,0
Tokyo CaT;ETS;2025;4,005340453938585;;0,0
Tokyo CaT;ETS;2026;3,682951397632838;;0,0
Ukraine carbon tax;Taxas de Carbono;2016;0,012692307692307694;3,436986875089122;0,0021235226940517996
Ukraine carbon tax;Taxas de Carbono;2017;0,013668267454746951;3,702141502166011;0,0019261599529240827
Ukraine carbon tax;Taxas de Carbono;2018;0,015442561205273068;4,0112950406522705;0,0019693162160992093
Ukraine carbon tax;Taxas de Carbono;2019;0,3683694470176502;47,977238359999795;0,0018989646844977531
Ukraine carbon tax;Taxas de Carbono;2020;0,38461538461538464;31,83749322807349;0,001913159774157841
Ukraine carbon tax;Taxas de Carbono;2021;0,3594200398237404;43,37359033075152;0,0017818905905889366
Ukraine carbon tax;Taxas de Carbono;2022;1,0254692376319865;102,03355471770135;0,0012353299001463588
Ukraine carbon tax;Taxas de Carbono;2023;0,8203759509524564;85,92214379141915;0,0012279169688824846
Ukraine carbon tax;Taxas de Carbono;2024;0,7677562834453832;82,18751746982852;0,0011845989789202478
Ukraine carbon tax;Taxas de Carbono;2025;0,7304103932529558;79,15743474860383;0,0011845989789202478
Ukraine carbon tax;Taxas de Carbono;2026;0,6830989924289862;;0,0011845989789202478
UK Carbon Price Support;Taxas de Carbono;2013;7,470268000000001;1048,9938312338224;0,0015801095537804953
UK Carbon Price Support;Taxas de Carbono;2014;15,894065;1966,3349405869924;0,0014585614269025614
UK Carbon Price Support;Taxas de Carbono;2015;26,711392;2578,888792538738;0,001416397658143157
UK Carbon Price Support;Taxas de Carbono;2016;25,7148;1267,390257509349;0,0013425316833954295
UK Carbon Price Support;Taxas de Carbono;2017;22,4145;1129,5367111774242;0,0012896286372337106
UK Carbon Price Support;Taxas de Carbono;2018;25,3107;1110,7464144141181;0,0012395896907496022
UK Carbon Price Support;Taxas de Carbono;2019;23,589;1132,1788708337206;0,0011885185130818484
UK Carbon Price Support;Taxas de Carbono;2020;22,284;882,051760737207;0,0011192353406244318
UK Carbon Price Support;Taxas de Carbono;2021;24,794999999999998;722,0812993879891;0,0
UK Carbon Price Support;Taxas de Carbono;2022;23,6538;869,8366911254128;0,0
UK Carbon Price Support;Taxas de Carbono;2023;22,2759;998,8329877815816;0,0
UK Carbon Price Support;Taxas de Carbono;2024;22,6188;879,3292158905728;0,0
UK Carbon Price Support;Taxas de Carbono;2025;23,2371;604,3656870190185;0,0
UK Carbon Price Support;Taxas de Carbono;2026;23,9427;;0,0
UK ETS;ETS;2021;0,0;5927,684630724797;0,0023951534020814603
UK ETS;ETS;2022;98,5575;7561,198331425991;0,0022907571300489096
UK ETS;ETS;2023;88,12593549999998;5223,949618620161;0,00213491836084889
UK ETS;ETS;2024;45,061676;3277,1500714721783;0,002034988225683175
UK ETS;ETS;2025;57,2278135;3540,6085673074963;0,0019623100747659192
UK ETS;ETS;2026;54,828782999999994;;0,0018169537729314062
Uruguay CO2 tax;Taxas de Carbono;2022;137,2954108806148;254,59616680801474;3,5749366634374024e-05
Uruguay CO2 tax;Taxas de Carbono;2023;155,86835023804593;273,3624247939956;3,676603958165124e-05
Uruguay CO2 tax;Taxas de Carbono;2024;167,17381039819526;300,35222004940596;3,774384420134603e-05
Uruguay CO2 tax;Taxas de Carbono;2025;158,76474210202247;317,3267609665754;4,1937604668162256e-05
Uruguay CO2 tax;Taxas de Carbono;2026;165,61264822134387;;4,1937604668162256e-05
Viet Nam ETS;ETS;2022;0,0;;0,0
Viet Nam ETS;ETS;2024;0,0;;0,0
Washington CCA;ETS;2023;22,2;1824,52433148;0,0011475580242190715
Washington CCA;ETS;2024;25,75;810,76527846;0,0011332015607165092
Washington CCA;ETS;2025;50,0;1642,0;0,0011493901544410308
Washington CCA;ETS;2026;65,27;;0,0011493901544410308
Yucatan carbon tax;Taxas de Carbono;2022;0,0;;0,0001130229244402654
Yucatan carbon tax;Taxas de Carbono;2023;15,52531663110052;2,987828512383132;0,00011559422055668627
Yucatan carbon tax;Taxas de Carbono;2024;17,693830618145384;6,397208755599048;0,00011433589874582372
Yucatan carbon tax;Taxas de Carbono;2025;15,004887345459192;3,2384651338682606;0,0
Yucatan carbon tax;Taxas de Carbono;2026;17,741147672597226;;0,0
Zacatecas carbon tax;Taxas de Carbono;2017;12,604080764012663;;0,0001116991826685357
Zacatecas carbon tax;Taxas de Carbono;2018;13,682960335834577;;0,00010604417236256907
Zacatecas carbon tax;Taxas de Carbono;2019;13,009382366562766;;0,00010816455436068518
Zacatecas carbon tax;Taxas de Carbono;2020;10,207498019745383;;0,00010385276363175896
Zacatecas carbon tax;Taxas de Carbono;2021;14,141878669275929;27,342582631812;0,00010184494356252894
Zacatecas carbon tax;Taxas de Carbono;2022;12,598774391227222;27,539641333806983;0,00010135597044231237
Zacatecas carbon tax;Taxas de Carbono;2023;13,856940941717706;19,192828310604344;0,00010366184081741603
Zacatecas carbon tax;Taxas de Carbono;2024;15,089966379554907;15,842788549305928;0,00010253341108601134
Zacatecas carbon tax;Taxas de Carbono;2025;12,27976246027497;15,074717316561726;0,0
Zacatecas carbon tax;Taxas de Carbono;2026;14,035718095409198;;0,0
Serbia carbon tax;Taxas de Carbono;2026;4,642;;0,0008345985902929554
Nigeria carbon tax;Taxas de Carbono;1990;0,0;;0,0
Nigeria carbon tax;Taxas de Carbono;1991;0,0;;0,0
Nigeria carbon tax;Taxas de Carbono;1992;0,0;;0,0
Nigeria carbon tax;Taxas de Carbono;1993;0,0;;0,0
Nigeria carbon tax;Taxas de Carbono;1994;0,0;;0,0
Nigeria carbon tax;Taxas de Carbono;1995;0,0;;0,0
Nigeria carbon tax;Taxas de Carbono;1996;0,0;;0,0
Nigeria carbon tax;Taxas de Carbono;1997;0,0;;0,0
Nigeria carbon tax;Taxas de Carbono;1998;0,0;;0,0
Nigeria carbon tax;Taxas de Carbono;1999;0,0;;0,0
Nigeria carbon tax;Taxas de Carbono;2000;0,0;;0,0
Nigeria carbon tax;Taxas de Carbono;2001;0,0;;0,0
Nigeria carbon tax;Taxas de Carbono;2002;0,0;;0,0
Nigeria carbon tax;Taxas de Carbono;2003;0,0;;0,0
Nigeria carbon tax;Taxas de Carbono;2004;0,0;;0,0
Nigeria carbon tax;Taxas de Carbono;2005;0,0;;0,0
Nigeria carbon tax;Taxas de Carbono;2006;0,0;;0,0
Nigeria carbon tax;Taxas de Carbono;2007;0,0;;0,0
Nigeria carbon tax;Taxas de Carbono;2008;0,0;;0,0
Nigeria carbon tax;Taxas de Carbono;2009;0,0;;0,0
Nigeria carbon tax;Taxas de Carbono;2010;0,0;;0,0
Nigeria carbon tax;Taxas de Carbono;2011;0,0;;0,0
Nigeria carbon tax;Taxas de Carbono;2012;0,0;;0,0
Nigeria carbon tax;Taxas de Carbono;2013;0,0;;0,0
Nigeria carbon tax;Taxas de Carbono;2014;0,0;;0,0
Nigeria carbon tax;Taxas de Carbono;2015;0,0;;0,0
Nigeria carbon tax;Taxas de Carbono;2016;0,0;;0,0
Nigeria carbon tax;Taxas de Carbono;2017;0,0;;0,0
Nigeria carbon tax;Taxas de Carbono;2018;0,0;;0,0
Nigeria carbon tax;Taxas de Carbono;2019;0,0;;0,0
Nigeria carbon tax;Taxas de Carbono;2020;0,0;;0,0
Nigeria carbon tax;Taxas de Carbono;2021;0,0;;0,0
Nigeria carbon tax;Taxas de Carbono;2022;0,0;;0,0
Nigeria carbon tax;Taxas de Carbono;2023;0,0;;0,0
Nigeria carbon tax;Taxas de Carbono;2024;0,0;;0,0
Nigeria carbon tax;Taxas de Carbono;2026;6,9;;0,0003426055992662049
BC carbon tax;Taxas de Carbono;2025;;0,0;0,0
Canada federal fuel charge;Taxas de Carbono;2025;;2420,6641446314584;0,0
Canada federal OBPS;ETS;2020;;122,28287161030985;0,00014879020485566684
Colorado GHG crediting trading system;ETS;2025;;0,068739;6,33617859438111e-08
Guanajuato carbon tax;Taxas de Carbono;2023;;1,0135867550489328;0,00019573991277357556
Hungary carbon tax;Taxas de Carbono;2023;;114,84112160633016;0,0
Massachusetts ETS;ETS;2018;;2,92931089;0,0
Massachusetts ETS;ETS;2019;;8,419756660000001;0,0
Mexico carbon tax;Taxas de Carbono;2014;;727,4806375047489;0,004020318485434512
Montenegro ETS;ETS;2023;;10,013954402202648;3,7873595184262886e-05
Northwest Territories carbon tax;Taxas de Carbono;2019;;5,262526864233599;2,0932598192946866e-05
Northwest Territories carbon tax;Taxas de Carbono;2025;;0,0;0,0
Nova Scotia OBPS;ETS;2020;;21,43408887921146;0,00026653153749581405
RGGI;ETS;2008;;145,06567332999998;0,0
Saskatchewan OBPS;ETS;2025;;260,9244856907584;0,0
Albania carbon tax;Taxas de Carbono;1990;;;0,0
Albania carbon tax;Taxas de Carbono;1991;;;0,0
Albania carbon tax;Taxas de Carbono;1992;;;0,0
Albania carbon tax;Taxas de Carbono;1993;;;0,0
Albania carbon tax;Taxas de Carbono;1994;;;0,0
Albania carbon tax;Taxas de Carbono;1995;;;0,0
Albania carbon tax;Taxas de Carbono;1996;;;0,0
Albania carbon tax;Taxas de Carbono;1997;;;0,0
Albania carbon tax;Taxas de Carbono;1998;;;0,0
Albania carbon tax;Taxas de Carbono;1999;;;0,0
Albania carbon tax;Taxas de Carbono;2000;;;0,0
Albania carbon tax;Taxas de Carbono;2001;;;0,0
Albania carbon tax;Taxas de Carbono;2002;;;0,0
Albania carbon tax;Taxas de Carbono;2003;;;0,0
Albania carbon tax;Taxas de Carbono;2004;;;0,0
Albania carbon tax;Taxas de Carbono;2005;;;0,0
Albania carbon tax;Taxas de Carbono;2006;;;0,0
Albania carbon tax;Taxas de Carbono;2007;;;0,0
Albania carbon tax;Taxas de Carbono;2008;;;0,00013013557957087821
Albania carbon tax;Taxas de Carbono;2009;;;0,00013121785547332772
Albania carbon tax;Taxas de Carbono;2010;;;0,00012968875700373572
Albania carbon tax;Taxas de Carbono;2011;;;0,00013263403055019697
Albania carbon tax;Taxas de Carbono;2012;;;0,00012585477004461385
Albania carbon tax;Taxas de Carbono;2013;;;0,00012780805909746963
Albania carbon tax;Taxas de Carbono;2014;;;0,00013410476914915817
Albania carbon tax;Taxas de Carbono;2015;;;0,0001320336072040144
Albania carbon tax;Taxas de Carbono;2016;;;0,00012565840968229518
Albania carbon tax;Taxas de Carbono;2017;;;0,00013565624345753883
Albania carbon tax;Taxas de Carbono;2018;;;0,00013268576585132014
Albania carbon tax;Taxas de Carbono;2019;;;0,00012446158659022689
Albania carbon tax;Taxas de Carbono;2020;;;0,00011923359932633878
Albania carbon tax;Taxas de Carbono;2021;;;0,00012116648005851926
Albania carbon tax;Taxas de Carbono;2022;;;0,00010858831397151555
Albania carbon tax;Taxas de Carbono;2023;;;0,00010088720194051552
Alberta carbon tax;Taxas de Carbono;1990;;;0,0
Alberta carbon tax;Taxas de Carbono;1991;;;0,0
Alberta carbon tax;Taxas de Carbono;1992;;;0,0
Alberta carbon tax;Taxas de Carbono;1993;;;0,0
Alberta carbon tax;Taxas de Carbono;1994;;;0,0
Alberta carbon tax;Taxas de Carbono;1995;;;0,0
Alberta carbon tax;Taxas de Carbono;1996;;;0,0
Alberta carbon tax;Taxas de Carbono;1997;;;0,0
Alberta carbon tax;Taxas de Carbono;1998;;;0,0
Alberta carbon tax;Taxas de Carbono;1999;;;0,0
Alberta carbon tax;Taxas de Carbono;2000;;;0,0
Alberta carbon tax;Taxas de Carbono;2001;;;0,0
Alberta carbon tax;Taxas de Carbono;2002;;;0,0
Alberta carbon tax;Taxas de Carbono;2003;;;0,0
Alberta carbon tax;Taxas de Carbono;2004;;;0,0
Alberta carbon tax;Taxas de Carbono;2005;;;0,0
Alberta carbon tax;Taxas de Carbono;2006;;;0,0
Alberta carbon tax;Taxas de Carbono;2007;;;0,0
Alberta carbon tax;Taxas de Carbono;2008;;;0,0
Alberta carbon tax;Taxas de Carbono;2009;;;0,0
Alberta carbon tax;Taxas de Carbono;2010;;;0,0
Alberta carbon tax;Taxas de Carbono;2011;;;0,0
Alberta carbon tax;Taxas de Carbono;2012;;;0,0
Alberta carbon tax;Taxas de Carbono;2013;;;0,0
Alberta carbon tax;Taxas de Carbono;2014;;;0,0
Alberta carbon tax;Taxas de Carbono;2015;;;0,0
Alberta carbon tax;Taxas de Carbono;2016;;;0,0
Alberta carbon tax;Taxas de Carbono;2020;;;0,0
Alberta carbon tax;Taxas de Carbono;2021;;;0,0
Alberta carbon tax;Taxas de Carbono;2022;;;0,0
Alberta carbon tax;Taxas de Carbono;2023;;;0,0
Alberta carbon tax;Taxas de Carbono;2024;;;0,0
Alberta carbon tax;Taxas de Carbono;2025;;;0,0
Alberta carbon tax;Taxas de Carbono;2026;;;0,0
Alberta TIER;ETS;1990;;;0,0
Alberta TIER;ETS;1991;;;0,0
Alberta TIER;ETS;1992;;;0,0
Alberta TIER;ETS;1993;;;0,0
Alberta TIER;ETS;1994;;;0,0
Alberta TIER;ETS;1995;;;0,0
Alberta TIER;ETS;1996;;;0,0
Alberta TIER;ETS;1997;;;0,0
Alberta TIER;ETS;1998;;;0,0
Alberta TIER;ETS;1999;;;0,0
Alberta TIER;ETS;2000;;;0,0
Alberta TIER;ETS;2001;;;0,0
Alberta TIER;ETS;2002;;;0,0
Alberta TIER;ETS;2003;;;0,0
Alberta TIER;ETS;2004;;;0,0
Alberta TIER;ETS;2005;;;0,0
Alberta TIER;ETS;2006;;;0,0
Andorra carbon tax;Taxas de Carbono;1990;;;0,0
Andorra carbon tax;Taxas de Carbono;1991;;;0,0
Andorra carbon tax;Taxas de Carbono;1992;;;0,0
Andorra carbon tax;Taxas de Carbono;1993;;;0,0
Andorra carbon tax;Taxas de Carbono;1994;;;0,0
Andorra carbon tax;Taxas de Carbono;1995;;;0,0
Andorra carbon tax;Taxas de Carbono;1996;;;0,0
Andorra carbon tax;Taxas de Carbono;1997;;;0,0
Andorra carbon tax;Taxas de Carbono;1998;;;0,0
Argentina carbon tax;Taxas de Carbono;1990;;;0,0
Argentina carbon tax;Taxas de Carbono;1991;;;0,0
Argentina carbon tax;Taxas de Carbono;1992;;;0,0
Argentina carbon tax;Taxas de Carbono;1993;;;0,0
Argentina carbon tax;Taxas de Carbono;1994;;;0,0
Argentina carbon tax;Taxas de Carbono;1995;;;0,0
Argentina carbon tax;Taxas de Carbono;1996;;;0,0
Argentina carbon tax;Taxas de Carbono;1997;;;0,0
Argentina carbon tax;Taxas de Carbono;1998;;;0,0
Argentina carbon tax;Taxas de Carbono;1999;;;0,0
Argentina carbon tax;Taxas de Carbono;2000;;;0,0
Argentina carbon tax;Taxas de Carbono;2001;;;0,0
Argentina carbon tax;Taxas de Carbono;2002;;;0,0
Argentina carbon tax;Taxas de Carbono;2003;;;0,0
Argentina carbon tax;Taxas de Carbono;2004;;;0,0
Argentina carbon tax;Taxas de Carbono;2005;;;0,0
Argentina carbon tax;Taxas de Carbono;2006;;;0,0
Argentina carbon tax;Taxas de Carbono;2007;;;0,0
Argentina carbon tax;Taxas de Carbono;2008;;;0,0
Argentina carbon tax;Taxas de Carbono;2009;;;0,0
Argentina carbon tax;Taxas de Carbono;2010;;;0,0
Argentina carbon tax;Taxas de Carbono;2011;;;0,0
Argentina carbon tax;Taxas de Carbono;2012;;;0,0
Argentina carbon tax;Taxas de Carbono;2013;;;0,0
Argentina carbon tax;Taxas de Carbono;2014;;;0,0
Argentina carbon tax;Taxas de Carbono;2015;;;0,0
Argentina carbon tax;Taxas de Carbono;2016;;;0,0
Argentina carbon tax;Taxas de Carbono;2017;;;0,0
Australia CPM;ETS;1990;;;0,0
Australia CPM;ETS;1991;;;0,0
Australia CPM;ETS;1992;;;0,0
Australia CPM;ETS;1993;;;0,0
Australia CPM;ETS;1994;;;0,0
Australia CPM;ETS;1995;;;0,0
Australia CPM;ETS;1996;;;0,0
Australia CPM;ETS;1997;;;0,0
Australia CPM;ETS;1998;;;0,0
Australia CPM;ETS;1999;;;0,0
Australia CPM;ETS;2000;;;0,0
Australia CPM;ETS;2001;;;0,0
Australia CPM;ETS;2002;;;0,0
Australia CPM;ETS;2003;;;0,0
Australia CPM;ETS;2004;;;0,0
Australia CPM;ETS;2005;;;0,0
Australia CPM;ETS;2006;;;0,0
Australia CPM;ETS;2007;;;0,0
Australia CPM;ETS;2008;;;0,0
Australia CPM;ETS;2009;;;0,0
Australia CPM;ETS;2010;;;0,0
Australia CPM;ETS;2011;;;0,0
Australia CPM;ETS;2015;;;0,0
Australia CPM;ETS;2016;;;0,0
Australia CPM;ETS;2017;;;0,0
Australia CPM;ETS;2018;;;0,0
Australia CPM;ETS;2019;;;0,0
Australia CPM;ETS;2020;;;0,0
Australia CPM;ETS;2021;;;0,0
Australia CPM;ETS;2022;;;0,0
Australia CPM;ETS;2023;;;0,0
Australia CPM;ETS;2024;;;0,0
Australia CPM;ETS;2025;;;0,0
Australia CPM;ETS;2026;;;0,0
Australia Safeguard Mechanism;ETS;1990;;;0,0
Australia Safeguard Mechanism;ETS;1991;;;0,0
Australia Safeguard Mechanism;ETS;1992;;;0,0
Australia Safeguard Mechanism;ETS;1993;;;0,0
Australia Safeguard Mechanism;ETS;1994;;;0,0
Australia Safeguard Mechanism;ETS;1995;;;0,0
Australia Safeguard Mechanism;ETS;1996;;;0,0
Australia Safeguard Mechanism;ETS;1997;;;0,0
Australia Safeguard Mechanism;ETS;1998;;;0,0
Australia Safeguard Mechanism;ETS;1999;;;0,0
Australia Safeguard Mechanism;ETS;2000;;;0,0
Australia Safeguard Mechanism;ETS;2001;;;0,0
Australia Safeguard Mechanism;ETS;2002;;;0,0
Australia Safeguard Mechanism;ETS;2003;;;0,0
Australia Safeguard Mechanism;ETS;2004;;;0,0
Australia Safeguard Mechanism;ETS;2005;;;0,0
Australia Safeguard Mechanism;ETS;2006;;;0,0
Australia Safeguard Mechanism;ETS;2007;;;0,0
Australia Safeguard Mechanism;ETS;2008;;;0,0
Australia Safeguard Mechanism;ETS;2009;;;0,0
Australia Safeguard Mechanism;ETS;2010;;;0,0
Australia Safeguard Mechanism;ETS;2011;;;0,0
Australia Safeguard Mechanism;ETS;2012;;;0,0
Australia Safeguard Mechanism;ETS;2013;;;0,0
Australia Safeguard Mechanism;ETS;2014;;;0,0
Australia Safeguard Mechanism;ETS;2015;;;0,0
Australia Safeguard Mechanism;ETS;2016;;;0,0
Australia Safeguard Mechanism;ETS;2017;;;0,0
Australia Safeguard Mechanism;ETS;2018;;;0,0
Australia Safeguard Mechanism;ETS;2019;;;0,0
Australia Safeguard Mechanism;ETS;2020;;;0,0
Australia Safeguard Mechanism;ETS;2021;;;0,0
Australia Safeguard Mechanism;ETS;2022;;;0,0
Australia Safeguard Mechanism;ETS;2023;;;0,002907320446600891
Austria ETS;ETS;1990;;;0,0
Austria ETS;ETS;1991;;;0,0
Austria ETS;ETS;1992;;;0,0
Austria ETS;ETS;1993;;;0,0
Austria ETS;ETS;1994;;;0,0
Austria ETS;ETS;1995;;;0,0
Austria ETS;ETS;1996;;;0,0
Austria ETS;ETS;1997;;;0,0
Austria ETS;ETS;1998;;;0,0
Austria ETS;ETS;1999;;;0,0
Austria ETS;ETS;2000;;;0,0
Austria ETS;ETS;2001;;;0,0
Austria ETS;ETS;2002;;;0,0
Austria ETS;ETS;2003;;;0,0
Austria ETS;ETS;2004;;;0,0
Austria ETS;ETS;2005;;;0,0
Austria ETS;ETS;2006;;;0,0
Austria ETS;ETS;2007;;;0,0
Austria ETS;ETS;2008;;;0,0
Austria ETS;ETS;2009;;;0,0
Austria ETS;ETS;2010;;;0,0
Austria ETS;ETS;2011;;;0,0
Austria ETS;ETS;2012;;;0,0
Austria ETS;ETS;2013;;;0,0
Austria ETS;ETS;2014;;;0,0
Austria ETS;ETS;2015;;;0,0
Austria ETS;ETS;2016;;;0,0
Austria ETS;ETS;2017;;;0,0
Austria ETS;ETS;2018;;;0,0
Austria ETS;ETS;2019;;;0,0
Austria ETS;ETS;2020;;;0,0
Austria ETS;ETS;2021;;;0,0
Austria ETS;ETS;2022;;;0,0005924817260677622
Baja California carbon tax;Taxas de Carbono;1990;;;0,0
Baja California carbon tax;Taxas de Carbono;1991;;;0,0
Baja California carbon tax;Taxas de Carbono;1992;;;0,0
Baja California carbon tax;Taxas de Carbono;1993;;;0,0
Baja California carbon tax;Taxas de Carbono;1994;;;0,0
Baja California carbon tax;Taxas de Carbono;1995;;;0,0
Baja California carbon tax;Taxas de Carbono;1996;;;0,0
Baja California carbon tax;Taxas de Carbono;1997;;;0,0
Baja California carbon tax;Taxas de Carbono;1998;;;0,0
Baja California carbon tax;Taxas de Carbono;1999;;;0,0
Baja California carbon tax;Taxas de Carbono;2000;;;0,0
Baja California carbon tax;Taxas de Carbono;2001;;;0,0
Baja California carbon tax;Taxas de Carbono;2002;;;0,0
Baja California carbon tax;Taxas de Carbono;2003;;;0,0
Baja California carbon tax;Taxas de Carbono;2004;;;0,0
Baja California carbon tax;Taxas de Carbono;2005;;;0,0
Baja California carbon tax;Taxas de Carbono;2006;;;0,0
Baja California carbon tax;Taxas de Carbono;2007;;;0,0
Baja California carbon tax;Taxas de Carbono;2008;;;0,0
Baja California carbon tax;Taxas de Carbono;2009;;;0,0
Baja California carbon tax;Taxas de Carbono;2010;;;0,0
Baja California carbon tax;Taxas de Carbono;2011;;;0,0
Baja California carbon tax;Taxas de Carbono;2012;;;0,0
Baja California carbon tax;Taxas de Carbono;2013;;;0,0
Baja California carbon tax;Taxas de Carbono;2014;;;0,0
Baja California carbon tax;Taxas de Carbono;2015;;;0,0
Baja California carbon tax;Taxas de Carbono;2016;;;0,0
Baja California carbon tax;Taxas de Carbono;2017;;;0,0
Baja California carbon tax;Taxas de Carbono;2018;;;0,0
Baja California carbon tax;Taxas de Carbono;2019;;;0,0
Baja California carbon tax;Taxas de Carbono;2020;;;0,00016397827871037724
Baja California carbon tax;Taxas de Carbono;2022;;;0,0
Baja California carbon tax;Taxas de Carbono;2023;;;0,0
Baja California carbon tax;Taxas de Carbono;2024;;;0,0
Baja California carbon tax;Taxas de Carbono;2026;;;0,0
Beijing pilot ETS;ETS;1990;;;0,0
Beijing pilot ETS;ETS;1991;;;0,0
Beijing pilot ETS;ETS;1992;;;0,0
Beijing pilot ETS;ETS;1993;;;0,0
Beijing pilot ETS;ETS;1994;;;0,0
Beijing pilot ETS;ETS;1995;;;0,0
Beijing pilot ETS;ETS;1996;;;0,0
Beijing pilot ETS;ETS;1997;;;0,0
Beijing pilot ETS;ETS;1998;;;0,0
Beijing pilot ETS;ETS;1999;;;0,0
Beijing pilot ETS;ETS;2000;;;0,0
Beijing pilot ETS;ETS;2001;;;0,0
Beijing pilot ETS;ETS;2002;;;0,0
Beijing pilot ETS;ETS;2003;;;0,0
Beijing pilot ETS;ETS;2004;;;0,0
Beijing pilot ETS;ETS;2005;;;0,0
Beijing pilot ETS;ETS;2006;;;0,0
Beijing pilot ETS;ETS;2007;;;0,0
Beijing pilot ETS;ETS;2008;;;0,0
Beijing pilot ETS;ETS;2009;;;0,0
Beijing pilot ETS;ETS;2010;;;0,0
Beijing pilot ETS;ETS;2011;;;0,0
Beijing pilot ETS;ETS;2012;;;0,0
BC carbon tax;Taxas de Carbono;1990;;;0,0
BC carbon tax;Taxas de Carbono;1991;;;0,0
BC carbon tax;Taxas de Carbono;1992;;;0,0
BC carbon tax;Taxas de Carbono;1993;;;0,0
BC carbon tax;Taxas de Carbono;1994;;;0,0
BC carbon tax;Taxas de Carbono;1995;;;0,0
BC carbon tax;Taxas de Carbono;1996;;;0,0
BC carbon tax;Taxas de Carbono;1997;;;0,0
BC carbon tax;Taxas de Carbono;1998;;;0,0
BC carbon tax;Taxas de Carbono;1999;;;0,0
BC carbon tax;Taxas de Carbono;2000;;;0,0
BC carbon tax;Taxas de Carbono;2001;;;0,0
BC carbon tax;Taxas de Carbono;2002;;;0,0
BC carbon tax;Taxas de Carbono;2003;;;0,0
BC carbon tax;Taxas de Carbono;2004;;;0,0
BC carbon tax;Taxas de Carbono;2005;;;0,0
BC carbon tax;Taxas de Carbono;2006;;;0,0
BC carbon tax;Taxas de Carbono;2007;;;0,0
BC carbon tax;Taxas de Carbono;2026;;;0,0
BC OBPS;ETS;1990;;;0,0
BC OBPS;ETS;1991;;;0,0
BC OBPS;ETS;1992;;;0,0
BC OBPS;ETS;1993;;;0,0
BC OBPS;ETS;1994;;;0,0
BC OBPS;ETS;1995;;;0,0
BC OBPS;ETS;1996;;;0,0
BC OBPS;ETS;1997;;;0,0
BC OBPS;ETS;1998;;;0,0
BC OBPS;ETS;1999;;;0,0
BC OBPS;ETS;2000;;;0,0
BC OBPS;ETS;2001;;;0,0
BC OBPS;ETS;2002;;;0,0
BC OBPS;ETS;2003;;;0,0
BC OBPS;ETS;2004;;;0,0
BC OBPS;ETS;2005;;;0,0
BC OBPS;ETS;2006;;;0,0
BC OBPS;ETS;2007;;;0,0
BC OBPS;ETS;2008;;;0,0
BC OBPS;ETS;2009;;;0,0
BC OBPS;ETS;2010;;;0,0
BC OBPS;ETS;2011;;;0,0
BC OBPS;ETS;2012;;;0,0
BC OBPS;ETS;2013;;;0,0
BC OBPS;ETS;2014;;;0,0
BC OBPS;ETS;2015;;;0,0
BC OBPS;ETS;2017;;;0,0
BC OBPS;ETS;2018;;;0,0
BC OBPS;ETS;2019;;;0,0
BC OBPS;ETS;2020;;;0,0
California CaT;ETS;1990;;;0,0
California CaT;ETS;1991;;;0,0
California CaT;ETS;1992;;;0,0
California CaT;ETS;1993;;;0,0
California CaT;ETS;1994;;;0,0
California CaT;ETS;1995;;;0,0
California CaT;ETS;1996;;;0,0
California CaT;ETS;1997;;;0,0
California CaT;ETS;1998;;;0,0
California CaT;ETS;1999;;;0,0
California CaT;ETS;2000;;;0,0
California CaT;ETS;2001;;;0,0
California CaT;ETS;2002;;;0,0
California CaT;ETS;2003;;;0,0
California CaT;ETS;2004;;;0,0
California CaT;ETS;2005;;;0,0
California CaT;ETS;2006;;;0,0
California CaT;ETS;2007;;;0,0
California CaT;ETS;2008;;;0,0
California CaT;ETS;2009;;;0,0
California CaT;ETS;2010;;;0,0
California CaT;ETS;2011;;;0,0
Canada federal fuel charge;Taxas de Carbono;1990;;;0,0
Canada federal fuel charge;Taxas de Carbono;1991;;;0,0
Canada federal fuel charge;Taxas de Carbono;1992;;;0,0
Canada federal fuel charge;Taxas de Carbono;1993;;;0,0
Canada federal fuel charge;Taxas de Carbono;1994;;;0,0
Canada federal fuel charge;Taxas de Carbono;1995;;;0,0
Canada federal fuel charge;Taxas de Carbono;1996;;;0,0
Canada federal fuel charge;Taxas de Carbono;1997;;;0,0
Canada federal fuel charge;Taxas de Carbono;1998;;;0,0
Canada federal fuel charge;Taxas de Carbono;1999;;;0,0
Canada federal fuel charge;Taxas de Carbono;2000;;;0,0
Canada federal fuel charge;Taxas de Carbono;2001;;;0,0
Canada federal fuel charge;Taxas de Carbono;2002;;;0,0
Canada federal fuel charge;Taxas de Carbono;2003;;;0,0
Canada federal fuel charge;Taxas de Carbono;2004;;;0,0
Canada federal fuel charge;Taxas de Carbono;2005;;;0,0
Canada federal fuel charge;Taxas de Carbono;2006;;;0,0
Canada federal fuel charge;Taxas de Carbono;2007;;;0,0
Canada federal fuel charge;Taxas de Carbono;2008;;;0,0
Canada federal fuel charge;Taxas de Carbono;2009;;;0,0
Canada federal fuel charge;Taxas de Carbono;2010;;;0,0
Canada federal fuel charge;Taxas de Carbono;2011;;;0,0
Canada federal fuel charge;Taxas de Carbono;2012;;;0,0
Canada federal fuel charge;Taxas de Carbono;2013;;;0,0
Canada federal fuel charge;Taxas de Carbono;2014;;;0,0
Canada federal fuel charge;Taxas de Carbono;2015;;;0,0
Canada federal fuel charge;Taxas de Carbono;2016;;;0,0
Canada federal fuel charge;Taxas de Carbono;2017;;;0,0
Canada federal fuel charge;Taxas de Carbono;2018;;;0,0
Canada federal fuel charge;Taxas de Carbono;2026;;;0,0
Canada federal OBPS;ETS;1990;;;0,0
Canada federal OBPS;ETS;1991;;;0,0
Canada federal OBPS;ETS;1992;;;0,0
Canada federal OBPS;ETS;1993;;;0,0
Canada federal OBPS;ETS;1994;;;0,0
Canada federal OBPS;ETS;1995;;;0,0
Canada federal OBPS;ETS;1996;;;0,0
Canada federal OBPS;ETS;1997;;;0,0
Canada federal OBPS;ETS;1998;;;0,0
Canada federal OBPS;ETS;1999;;;0,0
Canada federal OBPS;ETS;2000;;;0,0
Canada federal OBPS;ETS;2001;;;0,0
Canada federal OBPS;ETS;2002;;;0,0
Canada federal OBPS;ETS;2003;;;0,0
Canada federal OBPS;ETS;2004;;;0,0
Canada federal OBPS;ETS;2005;;;0,0
Canada federal OBPS;ETS;2006;;;0,0
Canada federal OBPS;ETS;2007;;;0,0
Canada federal OBPS;ETS;2008;;;0,0
Canada federal OBPS;ETS;2009;;;0,0
Canada federal OBPS;ETS;2010;;;0,0
Canada federal OBPS;ETS;2011;;;0,0
Canada federal OBPS;ETS;2012;;;0,0
Canada federal OBPS;ETS;2013;;;0,0
Canada federal OBPS;ETS;2014;;;0,0
Canada federal OBPS;ETS;2015;;;0,0
Canada federal OBPS;ETS;2016;;;0,0
Canada federal OBPS;ETS;2017;;;0,0
Canada federal OBPS;ETS;2018;;;0,0
Canada federal OBPS;ETS;2019;;;0,00015846992452996092
Chile carbon tax;Taxas de Carbono;1990;;;0,0
Chile carbon tax;Taxas de Carbono;1991;;;0,0
Chile carbon tax;Taxas de Carbono;1992;;;0,0
Chile carbon tax;Taxas de Carbono;1993;;;0,0
Chile carbon tax;Taxas de Carbono;1994;;;0,0
Chile carbon tax;Taxas de Carbono;1995;;;0,0
Chile carbon tax;Taxas de Carbono;1996;;;0,0
Chile carbon tax;Taxas de Carbono;1997;;;0,0
Chile carbon tax;Taxas de Carbono;1998;;;0,0
Chile carbon tax;Taxas de Carbono;1999;;;0,0
Chile carbon tax;Taxas de Carbono;2000;;;0,0
Chile carbon tax;Taxas de Carbono;2001;;;0,0
Chile carbon tax;Taxas de Carbono;2002;;;0,0
Chile carbon tax;Taxas de Carbono;2003;;;0,0
Chile carbon tax;Taxas de Carbono;2004;;;0,0
Chile carbon tax;Taxas de Carbono;2005;;;0,0
Chile carbon tax;Taxas de Carbono;2006;;;0,0
Chile carbon tax;Taxas de Carbono;2007;;;0,0
Chile carbon tax;Taxas de Carbono;2008;;;0,0
Chile carbon tax;Taxas de Carbono;2009;;;0,0
Chile carbon tax;Taxas de Carbono;2010;;;0,0
Chile carbon tax;Taxas de Carbono;2011;;;0,0
Chile carbon tax;Taxas de Carbono;2012;;;0,0
Chile carbon tax;Taxas de Carbono;2013;;;0,0
Chile carbon tax;Taxas de Carbono;2014;;;0,0
Chile carbon tax;Taxas de Carbono;2015;;;0,0
Chile carbon tax;Taxas de Carbono;2016;;;0,0
China national ETS;ETS;1990;;;0,0
China national ETS;ETS;1991;;;0,0
China national ETS;ETS;1992;;;0,0
China national ETS;ETS;1993;;;0,0
China national ETS;ETS;1994;;;0,0
China national ETS;ETS;1995;;;0,0
China national ETS;ETS;1996;;;0,0
China national ETS;ETS;1997;;;0,0
China national ETS;ETS;1998;;;0,0
China national ETS;ETS;1999;;;0,0
China national ETS;ETS;2000;;;0,0
China national ETS;ETS;2001;;;0,0
China national ETS;ETS;2002;;;0,0
China national ETS;ETS;2003;;;0,0
China national ETS;ETS;2004;;;0,0
China national ETS;ETS;2005;;;0,0
China national ETS;ETS;2006;;;0,0
China national ETS;ETS;2007;;;0,0
China national ETS;ETS;2008;;;0,0
China national ETS;ETS;2009;;;0,0
China national ETS;ETS;2010;;;0,0
China national ETS;ETS;2011;;;0,0
China national ETS;ETS;2012;;;0,0
China national ETS;ETS;2013;;;0,0
China national ETS;ETS;2014;;;0,0
China national ETS;ETS;2015;;;0,0
China national ETS;ETS;2016;;;0,0
China national ETS;ETS;2017;;;0,0
China national ETS;ETS;2018;;;0,0
China national ETS;ETS;2019;;;0,0
China national ETS;ETS;2020;;;0,0
China national ETS;ETS;2021;;;0,09767887987177573
Chongqing pilot ETS;ETS;1990;;;0,0
Chongqing pilot ETS;ETS;1991;;;0,0
Chongqing pilot ETS;ETS;1992;;;0,0
Chongqing pilot ETS;ETS;1993;;;0,0
Chongqing pilot ETS;ETS;1994;;;0,0
Chongqing pilot ETS;ETS;1995;;;0,0
Chongqing pilot ETS;ETS;1996;;;0,0
Chongqing pilot ETS;ETS;1997;;;0,0
Chongqing pilot ETS;ETS;1998;;;0,0
Chongqing pilot ETS;ETS;1999;;;0,0
Chongqing pilot ETS;ETS;2000;;;0,0
Chongqing pilot ETS;ETS;2001;;;0,0
Chongqing pilot ETS;ETS;2002;;;0,0
Chongqing pilot ETS;ETS;2003;;;0,0
Chongqing pilot ETS;ETS;2004;;;0,0
Chongqing pilot ETS;ETS;2005;;;0,0
Chongqing pilot ETS;ETS;2006;;;0,0
Chongqing pilot ETS;ETS;2007;;;0,0
Chongqing pilot ETS;ETS;2008;;;0,0
Chongqing pilot ETS;ETS;2009;;;0,0
Chongqing pilot ETS;ETS;2010;;;0,0
Chongqing pilot ETS;ETS;2011;;;0,0
Chongqing pilot ETS;ETS;2012;;;0,0
Chongqing pilot ETS;ETS;2013;;;0,0
Colombia carbon tax;Taxas de Carbono;1990;;;0,0
Colombia carbon tax;Taxas de Carbono;1991;;;0,0
Colombia carbon tax;Taxas de Carbono;1992;;;0,0
Colombia carbon tax;Taxas de Carbono;1993;;;0,0
Colombia carbon tax;Taxas de Carbono;1994;;;0,0
Colombia carbon tax;Taxas de Carbono;1995;;;0,0
Colombia carbon tax;Taxas de Carbono;1996;;;0,0
Colombia carbon tax;Taxas de Carbono;1997;;;0,0
Colombia carbon tax;Taxas de Carbono;1998;;;0,0
Colombia carbon tax;Taxas de Carbono;1999;;;0,0
Colombia carbon tax;Taxas de Carbono;2000;;;0,0
Colombia carbon tax;Taxas de Carbono;2001;;;0,0
Colombia carbon tax;Taxas de Carbono;2002;;;0,0
Colombia carbon tax;Taxas de Carbono;2003;;;0,0
Colombia carbon tax;Taxas de Carbono;2004;;;0,0
Colombia carbon tax;Taxas de Carbono;2005;;;0,0
Colombia carbon tax;Taxas de Carbono;2006;;;0,0
Colombia carbon tax;Taxas de Carbono;2007;;;0,0
Colombia carbon tax;Taxas de Carbono;2008;;;0,0
Colombia carbon tax;Taxas de Carbono;2009;;;0,0
Colombia carbon tax;Taxas de Carbono;2010;;;0,0
Colombia carbon tax;Taxas de Carbono;2011;;;0,0
Colombia carbon tax;Taxas de Carbono;2012;;;0,0
Colombia carbon tax;Taxas de Carbono;2013;;;0,0
Colombia carbon tax;Taxas de Carbono;2014;;;0,0
Colombia carbon tax;Taxas de Carbono;2015;;;0,0
Colombia carbon tax;Taxas de Carbono;2016;;;0,0
Colorado GHG crediting trading system;ETS;1990;;;0,0
Colorado GHG crediting trading system;ETS;1991;;;0,0
Colorado GHG crediting trading system;ETS;1992;;;0,0
Colorado GHG crediting trading system;ETS;1993;;;0,0
Colorado GHG crediting trading system;ETS;1994;;;0,0
Colorado GHG crediting trading system;ETS;1995;;;0,0
Colorado GHG crediting trading system;ETS;1996;;;0,0
Colorado GHG crediting trading system;ETS;1997;;;0,0
Colorado GHG crediting trading system;ETS;1998;;;0,0
Colorado GHG crediting trading system;ETS;1999;;;0,0
Colorado GHG crediting trading system;ETS;2000;;;0,0
Colorado GHG crediting trading system;ETS;2001;;;0,0
Colorado GHG crediting trading system;ETS;2002;;;0,0
Colorado GHG crediting trading system;ETS;2003;;;0,0
Colorado GHG crediting trading system;ETS;2004;;;0,0
Colorado GHG crediting trading system;ETS;2005;;;0,0
Colorado GHG crediting trading system;ETS;2006;;;0,0
Colorado GHG crediting trading system;ETS;2007;;;0,0
Colorado GHG crediting trading system;ETS;2008;;;0,0
Colorado GHG crediting trading system;ETS;2009;;;0,0
Colorado GHG crediting trading system;ETS;2010;;;0,0
Colorado GHG crediting trading system;ETS;2011;;;0,0
Colorado GHG crediting trading system;ETS;2012;;;0,0
Colorado GHG crediting trading system;ETS;2013;;;0,0
Colorado GHG crediting trading system;ETS;2014;;;0,0
Colorado GHG crediting trading system;ETS;2015;;;0,0
Colorado GHG crediting trading system;ETS;2016;;;0,0
Colorado GHG crediting trading system;ETS;2024;;;0,0
Denmark carbon tax;Taxas de Carbono;1990;;;0,0
Denmark carbon tax;Taxas de Carbono;1991;;;0,0
Durango carbon tax;Taxas de Carbono;1990;;;0,0
Durango carbon tax;Taxas de Carbono;1991;;;0,0
Durango carbon tax;Taxas de Carbono;1992;;;0,0
Durango carbon tax;Taxas de Carbono;1993;;;0,0
Durango carbon tax;Taxas de Carbono;1994;;;0,0
Durango carbon tax;Taxas de Carbono;1995;;;0,0
Durango carbon tax;Taxas de Carbono;1996;;;0,0
Durango carbon tax;Taxas de Carbono;1997;;;0,0
Durango carbon tax;Taxas de Carbono;1998;;;0,0
Durango carbon tax;Taxas de Carbono;1999;;;0,0
Durango carbon tax;Taxas de Carbono;2000;;;0,0
Durango carbon tax;Taxas de Carbono;2001;;;0,0
Durango carbon tax;Taxas de Carbono;2002;;;0,0
Durango carbon tax;Taxas de Carbono;2003;;;0,0
Durango carbon tax;Taxas de Carbono;2004;;;0,0
Durango carbon tax;Taxas de Carbono;2005;;;0,0
Durango carbon tax;Taxas de Carbono;2006;;;0,0
Durango carbon tax;Taxas de Carbono;2007;;;0,0
Durango carbon tax;Taxas de Carbono;2008;;;0,0
Durango carbon tax;Taxas de Carbono;2009;;;0,0
Durango carbon tax;Taxas de Carbono;2010;;;0,0
Durango carbon tax;Taxas de Carbono;2011;;;0,0
Durango carbon tax;Taxas de Carbono;2012;;;0,0
Durango carbon tax;Taxas de Carbono;2013;;;0,0
Durango carbon tax;Taxas de Carbono;2014;;;0,0
Durango carbon tax;Taxas de Carbono;2015;;;0,0
Durango carbon tax;Taxas de Carbono;2016;;;0,0
Durango carbon tax;Taxas de Carbono;2017;;;0,0
Durango carbon tax;Taxas de Carbono;2018;;;0,0
Durango carbon tax;Taxas de Carbono;2019;;;0,0
Durango carbon tax;Taxas de Carbono;2020;;;0,0
Durango carbon tax;Taxas de Carbono;2021;;;0,0
Durango carbon tax;Taxas de Carbono;2022;;;0,0
Durango carbon tax;Taxas de Carbono;2023;;;0,0
Estonia carbon tax;Taxas de Carbono;1990;;;0,0
Estonia carbon tax;Taxas de Carbono;1991;;;0,0
Estonia carbon tax;Taxas de Carbono;1992;;;0,0
Estonia carbon tax;Taxas de Carbono;1993;;;0,0
Estonia carbon tax;Taxas de Carbono;1994;;;0,0
Estonia carbon tax;Taxas de Carbono;1995;;;0,0
Estonia carbon tax;Taxas de Carbono;1996;;;0,0
Estonia carbon tax;Taxas de Carbono;1997;;;0,0
Estonia carbon tax;Taxas de Carbono;1998;;;0,0
Estonia carbon tax;Taxas de Carbono;1999;;;0,0
EU ETS;ETS;1990;;;0,0
EU ETS;ETS;1991;;;0,0
EU ETS;ETS;1992;;;0,0
EU ETS;ETS;1993;;;0,0
EU ETS;ETS;1994;;;0,0
EU ETS;ETS;1995;;;0,0
EU ETS;ETS;1996;;;0,0
EU ETS;ETS;1997;;;0,0
EU ETS;ETS;1998;;;0,0
EU ETS;ETS;1999;;;0,0
EU ETS;ETS;2000;;;0,0
EU ETS;ETS;2001;;;0,0
EU ETS;ETS;2002;;;0,0
EU ETS;ETS;2003;;;0,0
EU ETS;ETS;2004;;;0,0
France carbon tax;Taxas de Carbono;1990;;;0,0
France carbon tax;Taxas de Carbono;1991;;;0,0
France carbon tax;Taxas de Carbono;1992;;;0,0
France carbon tax;Taxas de Carbono;1993;;;0,0
France carbon tax;Taxas de Carbono;1994;;;0,0
France carbon tax;Taxas de Carbono;1995;;;0,0
France carbon tax;Taxas de Carbono;1996;;;0,0
France carbon tax;Taxas de Carbono;1997;;;0,0
France carbon tax;Taxas de Carbono;1998;;;0,0
France carbon tax;Taxas de Carbono;1999;;;0,0
France carbon tax;Taxas de Carbono;2000;;;0,0
France carbon tax;Taxas de Carbono;2001;;;0,0
France carbon tax;Taxas de Carbono;2002;;;0,0
France carbon tax;Taxas de Carbono;2003;;;0,0
France carbon tax;Taxas de Carbono;2004;;;0,0
France carbon tax;Taxas de Carbono;2005;;;0,0
France carbon tax;Taxas de Carbono;2006;;;0,0
France carbon tax;Taxas de Carbono;2007;;;0,0
France carbon tax;Taxas de Carbono;2008;;;0,0
France carbon tax;Taxas de Carbono;2009;;;0,0
France carbon tax;Taxas de Carbono;2010;;;0,0
France carbon tax;Taxas de Carbono;2011;;;0,0
France carbon tax;Taxas de Carbono;2012;;;0,0
France carbon tax;Taxas de Carbono;2013;;;0,0
Fujian pilot ETS;ETS;1990;;;0,0
Fujian pilot ETS;ETS;1991;;;0,0
Fujian pilot ETS;ETS;1992;;;0,0
Fujian pilot ETS;ETS;1993;;;0,0
Fujian pilot ETS;ETS;1994;;;0,0
Fujian pilot ETS;ETS;1995;;;0,0
Fujian pilot ETS;ETS;1996;;;0,0
Fujian pilot ETS;ETS;1997;;;0,0
Fujian pilot ETS;ETS;1998;;;0,0
Fujian pilot ETS;ETS;1999;;;0,0
Fujian pilot ETS;ETS;2000;;;0,0
Fujian pilot ETS;ETS;2001;;;0,0
Fujian pilot ETS;ETS;2002;;;0,0
Fujian pilot ETS;ETS;2003;;;0,0
Fujian pilot ETS;ETS;2004;;;0,0
Fujian pilot ETS;ETS;2005;;;0,0
Fujian pilot ETS;ETS;2006;;;0,0
Fujian pilot ETS;ETS;2007;;;0,0
Fujian pilot ETS;ETS;2008;;;0,0
Fujian pilot ETS;ETS;2009;;;0,0
Fujian pilot ETS;ETS;2010;;;0,0
Fujian pilot ETS;ETS;2011;;;0,0
Fujian pilot ETS;ETS;2012;;;0,0
Fujian pilot ETS;ETS;2013;;;0,0
Fujian pilot ETS;ETS;2014;;;0,0
Fujian pilot ETS;ETS;2015;;;0,0
Germany ETS;ETS;1990;;;0,0
Germany ETS;ETS;1991;;;0,0
Germany ETS;ETS;1992;;;0,0
Germany ETS;ETS;1993;;;0,0
Germany ETS;ETS;1994;;;0,0
Germany ETS;ETS;1995;;;0,0
Germany ETS;ETS;1996;;;0,0
Germany ETS;ETS;1997;;;0,0
Germany ETS;ETS;1998;;;0,0
Germany ETS;ETS;1999;;;0,0
Germany ETS;ETS;2000;;;0,0
Germany ETS;ETS;2001;;;0,0
Germany ETS;ETS;2002;;;0,0
Germany ETS;ETS;2003;;;0,0
Germany ETS;ETS;2004;;;0,0
Germany ETS;ETS;2005;;;0,0
Germany ETS;ETS;2006;;;0,0
Germany ETS;ETS;2007;;;0,0
Germany ETS;ETS;2008;;;0,0
Germany ETS;ETS;2009;;;0,0
Germany ETS;ETS;2010;;;0,0
Germany ETS;ETS;2011;;;0,0
Germany ETS;ETS;2012;;;0,0
Germany ETS;ETS;2013;;;0,0
Germany ETS;ETS;2014;;;0,0
Germany ETS;ETS;2015;;;0,0
Germany ETS;ETS;2016;;;0,0
Germany ETS;ETS;2017;;;0,0
Germany ETS;ETS;2018;;;0,0
Germany ETS;ETS;2019;;;0,0
Germany ETS;ETS;2020;;;0,0
Guanajuato carbon tax;Taxas de Carbono;1990;;;0,0
Guanajuato carbon tax;Taxas de Carbono;1991;;;0,0
Guanajuato carbon tax;Taxas de Carbono;1992;;;0,0
Guanajuato carbon tax;Taxas de Carbono;1993;;;0,0
Guanajuato carbon tax;Taxas de Carbono;1994;;;0,0
Guanajuato carbon tax;Taxas de Carbono;1995;;;0,0
Guanajuato carbon tax;Taxas de Carbono;1996;;;0,0
Guanajuato carbon tax;Taxas de Carbono;1997;;;0,0
Guanajuato carbon tax;Taxas de Carbono;1998;;;0,0
Guanajuato carbon tax;Taxas de Carbono;1999;;;0,0
Guanajuato carbon tax;Taxas de Carbono;2000;;;0,0
Guanajuato carbon tax;Taxas de Carbono;2001;;;0,0
Guanajuato carbon tax;Taxas de Carbono;2002;;;0,0
Guanajuato carbon tax;Taxas de Carbono;2003;;;0,0
Guanajuato carbon tax;Taxas de Carbono;2004;;;0,0
Guanajuato carbon tax;Taxas de Carbono;2005;;;0,0
Guanajuato carbon tax;Taxas de Carbono;2006;;;0,0
Guanajuato carbon tax;Taxas de Carbono;2007;;;0,0
Guanajuato carbon tax;Taxas de Carbono;2008;;;0,0
Guanajuato carbon tax;Taxas de Carbono;2009;;;0,0
Guanajuato carbon tax;Taxas de Carbono;2010;;;0,0
Guanajuato carbon tax;Taxas de Carbono;2011;;;0,0
Guanajuato carbon tax;Taxas de Carbono;2012;;;0,0
Guanajuato carbon tax;Taxas de Carbono;2013;;;0,0
Guanajuato carbon tax;Taxas de Carbono;2014;;;0,0
Guanajuato carbon tax;Taxas de Carbono;2015;;;0,0
Guanajuato carbon tax;Taxas de Carbono;2016;;;0,0
Guanajuato carbon tax;Taxas de Carbono;2017;;;0,0
Guanajuato carbon tax;Taxas de Carbono;2018;;;0,0
Guanajuato carbon tax;Taxas de Carbono;2019;;;0,0
Guanajuato carbon tax;Taxas de Carbono;2020;;;0,0
Guanajuato carbon tax;Taxas de Carbono;2021;;;0,0
Guanajuato carbon tax;Taxas de Carbono;2022;;;0,0
Guangdong pilot ETS;ETS;1990;;;0,0
Guangdong pilot ETS;ETS;1991;;;0,0
Guangdong pilot ETS;ETS;1992;;;0,0
Guangdong pilot ETS;ETS;1993;;;0,0
Guangdong pilot ETS;ETS;1994;;;0,0
Guangdong pilot ETS;ETS;1995;;;0,0
Guangdong pilot ETS;ETS;1996;;;0,0
Guangdong pilot ETS;ETS;1997;;;0,0
Guangdong pilot ETS;ETS;1998;;;0,0
Guangdong pilot ETS;ETS;1999;;;0,0
Guangdong pilot ETS;ETS;2000;;;0,0
Guangdong pilot ETS;ETS;2001;;;0,0
Guangdong pilot ETS;ETS;2002;;;0,0
Guangdong pilot ETS;ETS;2003;;;0,0
Guangdong pilot ETS;ETS;2004;;;0,0
Guangdong pilot ETS;ETS;2005;;;0,0
Guangdong pilot ETS;ETS;2006;;;0,0
Guangdong pilot ETS;ETS;2007;;;0,0
Guangdong pilot ETS;ETS;2008;;;0,0
Guangdong pilot ETS;ETS;2009;;;0,0
Guangdong pilot ETS;ETS;2010;;;0,0
Guangdong pilot ETS;ETS;2011;;;0,0
Guangdong pilot ETS;ETS;2012;;;0,0
Hubei pilot ETS;ETS;1990;;;0,0
Hubei pilot ETS;ETS;1991;;;0,0
Hubei pilot ETS;ETS;1992;;;0,0
Hubei pilot ETS;ETS;1993;;;0,0
Hubei pilot ETS;ETS;1994;;;0,0
Hubei pilot ETS;ETS;1995;;;0,0
Hubei pilot ETS;ETS;1996;;;0,0
Hubei pilot ETS;ETS;1997;;;0,0
Hubei pilot ETS;ETS;1998;;;0,0
Hubei pilot ETS;ETS;1999;;;0,0
Hubei pilot ETS;ETS;2000;;;0,0
Hubei pilot ETS;ETS;2001;;;0,0
Hubei pilot ETS;ETS;2002;;;0,0
Hubei pilot ETS;ETS;2003;;;0,0
Hubei pilot ETS;ETS;2004;;;0,0
Hubei pilot ETS;ETS;2005;;;0,0
Hubei pilot ETS;ETS;2006;;;0,0
Hubei pilot ETS;ETS;2007;;;0,0
Hubei pilot ETS;ETS;2008;;;0,0
Hubei pilot ETS;ETS;2009;;;0,0
Hubei pilot ETS;ETS;2010;;;0,0
Hubei pilot ETS;ETS;2011;;;0,0
Hubei pilot ETS;ETS;2012;;;0,0
Hubei pilot ETS;ETS;2013;;;0,0
Hungary carbon tax;Taxas de Carbono;1990;;;0,0
Hungary carbon tax;Taxas de Carbono;1991;;;0,0
Hungary carbon tax;Taxas de Carbono;1992;;;0,0
Hungary carbon tax;Taxas de Carbono;1993;;;0,0
Hungary carbon tax;Taxas de Carbono;1994;;;0,0
Hungary carbon tax;Taxas de Carbono;1995;;;0,0
Hungary carbon tax;Taxas de Carbono;1996;;;0,0
Hungary carbon tax;Taxas de Carbono;1997;;;0,0
Hungary carbon tax;Taxas de Carbono;1998;;;0,0
Hungary carbon tax;Taxas de Carbono;1999;;;0,0
Hungary carbon tax;Taxas de Carbono;2000;;;0,0
Hungary carbon tax;Taxas de Carbono;2001;;;0,0
Hungary carbon tax;Taxas de Carbono;2002;;;0,0
Hungary carbon tax;Taxas de Carbono;2003;;;0,0
Hungary carbon tax;Taxas de Carbono;2004;;;0,0
Hungary carbon tax;Taxas de Carbono;2005;;;0,0
Hungary carbon tax;Taxas de Carbono;2006;;;0,0
Hungary carbon tax;Taxas de Carbono;2007;;;0,0
Hungary carbon tax;Taxas de Carbono;2008;;;0,0
Hungary carbon tax;Taxas de Carbono;2009;;;0,0
Hungary carbon tax;Taxas de Carbono;2010;;;0,0
Hungary carbon tax;Taxas de Carbono;2011;;;0,0
Hungary carbon tax;Taxas de Carbono;2012;;;0,0
Hungary carbon tax;Taxas de Carbono;2013;;;0,0
Hungary carbon tax;Taxas de Carbono;2014;;;0,0
Hungary carbon tax;Taxas de Carbono;2015;;;0,0
Hungary carbon tax;Taxas de Carbono;2016;;;0,0
Hungary carbon tax;Taxas de Carbono;2017;;;0,0
Hungary carbon tax;Taxas de Carbono;2018;;;0,0
Hungary carbon tax;Taxas de Carbono;2019;;;0,0
Hungary carbon tax;Taxas de Carbono;2020;;;0,0
Hungary carbon tax;Taxas de Carbono;2021;;;0,0
Hungary carbon tax;Taxas de Carbono;2022;;;0,0
Iceland carbon tax;Taxas de Carbono;1990;;;0,0
Iceland carbon tax;Taxas de Carbono;1991;;;0,0
Iceland carbon tax;Taxas de Carbono;1992;;;0,0
Iceland carbon tax;Taxas de Carbono;1993;;;0,0
Iceland carbon tax;Taxas de Carbono;1994;;;0,0
Iceland carbon tax;Taxas de Carbono;1995;;;0,0
Iceland carbon tax;Taxas de Carbono;1996;;;0,0
Iceland carbon tax;Taxas de Carbono;1997;;;0,0
Iceland carbon tax;Taxas de Carbono;1998;;;0,0
Iceland carbon tax;Taxas de Carbono;1999;;;0,0
Iceland carbon tax;Taxas de Carbono;2000;;;0,0
Iceland carbon tax;Taxas de Carbono;2001;;;0,0
Iceland carbon tax;Taxas de Carbono;2002;;;0,0
Iceland carbon tax;Taxas de Carbono;2003;;;0,0
Iceland carbon tax;Taxas de Carbono;2004;;;0,0
Iceland carbon tax;Taxas de Carbono;2005;;;0,0
Iceland carbon tax;Taxas de Carbono;2006;;;0,0
Iceland carbon tax;Taxas de Carbono;2007;;;0,0
Iceland carbon tax;Taxas de Carbono;2008;;;0,0
Iceland carbon tax;Taxas de Carbono;2009;;;0,0
India ETS;ETS;1990;;;0,0
India ETS;ETS;1991;;;0,0
India ETS;ETS;1992;;;0,0
India ETS;ETS;1993;;;0,0
India ETS;ETS;1994;;;0,0
India ETS;ETS;1995;;;0,0
India ETS;ETS;1996;;;0,0
India ETS;ETS;1997;;;0,0
India ETS;ETS;1998;;;0,0
India ETS;ETS;1999;;;0,0
India ETS;ETS;2000;;;0,0
India ETS;ETS;2001;;;0,0
India ETS;ETS;2002;;;0,0
India ETS;ETS;2003;;;0,0
India ETS;ETS;2004;;;0,0
India ETS;ETS;2005;;;0,0
India ETS;ETS;2006;;;0,0
India ETS;ETS;2007;;;0,0
India ETS;ETS;2008;;;0,0
India ETS;ETS;2009;;;0,0
India ETS;ETS;2010;;;0,0
India ETS;ETS;2011;;;0,0
India ETS;ETS;2012;;;0,0
India ETS;ETS;2013;;;0,0
India ETS;ETS;2014;;;0,0
India ETS;ETS;2015;;;0,0
India ETS;ETS;2016;;;0,0
India ETS;ETS;2017;;;0,0
India ETS;ETS;2018;;;0,0
India ETS;ETS;2019;;;0,0
India ETS;ETS;2020;;;0,0
India ETS;ETS;2021;;;0,0
India ETS;ETS;2022;;;0,0
India ETS;ETS;2023;;;0,0
India ETS;ETS;2024;;;0,0
India ETS;ETS;2025;;;0,0
India ETS;ETS;2026;;;0,009030834838448083
Indonesia ETS;ETS;1990;;;0,0
Indonesia ETS;ETS;1991;;;0,0
Indonesia ETS;ETS;1992;;;0,0
Indonesia ETS;ETS;1993;;;0,0
Indonesia ETS;ETS;1994;;;0,0
Indonesia ETS;ETS;1995;;;0,0
Indonesia ETS;ETS;1996;;;0,0
Indonesia ETS;ETS;1997;;;0,0
Indonesia ETS;ETS;1998;;;0,0
Indonesia ETS;ETS;1999;;;0,0
Indonesia ETS;ETS;2000;;;0,0
Indonesia ETS;ETS;2001;;;0,0
Indonesia ETS;ETS;2002;;;0,0
Indonesia ETS;ETS;2003;;;0,0
Indonesia ETS;ETS;2004;;;0,0
Indonesia ETS;ETS;2005;;;0,0
Indonesia ETS;ETS;2006;;;0,0
Indonesia ETS;ETS;2007;;;0,0
Indonesia ETS;ETS;2008;;;0,0
Indonesia ETS;ETS;2009;;;0,0
Indonesia ETS;ETS;2010;;;0,0
Indonesia ETS;ETS;2011;;;0,0
Indonesia ETS;ETS;2012;;;0,0
Indonesia ETS;ETS;2013;;;0,0
Indonesia ETS;ETS;2014;;;0,0
Indonesia ETS;ETS;2015;;;0,0
Indonesia ETS;ETS;2016;;;0,0
Indonesia ETS;ETS;2017;;;0,0
Indonesia ETS;ETS;2018;;;0,0
Indonesia ETS;ETS;2019;;;0,0
Indonesia ETS;ETS;2020;;;0,0
Indonesia ETS;ETS;2021;;;0,0
Indonesia ETS;ETS;2022;;;0,0
Indonesia ETS;ETS;2023;;;0,00624167909918495
Ireland carbon tax;Taxas de Carbono;1990;;;0,0
Ireland carbon tax;Taxas de Carbono;1991;;;0,0
Ireland carbon tax;Taxas de Carbono;1992;;;0,0
Ireland carbon tax;Taxas de Carbono;1993;;;0,0
Ireland carbon tax;Taxas de Carbono;1994;;;0,0
Ireland carbon tax;Taxas de Carbono;1995;;;0,0
Ireland carbon tax;Taxas de Carbono;1996;;;0,0
Ireland carbon tax;Taxas de Carbono;1997;;;0,0
Ireland carbon tax;Taxas de Carbono;1998;;;0,0
Ireland carbon tax;Taxas de Carbono;1999;;;0,0
Ireland carbon tax;Taxas de Carbono;2000;;;0,0
Ireland carbon tax;Taxas de Carbono;2001;;;0,0
Ireland carbon tax;Taxas de Carbono;2002;;;0,0
Ireland carbon tax;Taxas de Carbono;2003;;;0,0
Ireland carbon tax;Taxas de Carbono;2004;;;0,0
Ireland carbon tax;Taxas de Carbono;2005;;;0,0
Ireland carbon tax;Taxas de Carbono;2006;;;0,0
Ireland carbon tax;Taxas de Carbono;2007;;;0,0
Ireland carbon tax;Taxas de Carbono;2008;;;0,0
Ireland carbon tax;Taxas de Carbono;2009;;;0,0
Israel carbon tax;Taxas de Carbono;1990;;;0,0
Israel carbon tax;Taxas de Carbono;1991;;;0,0
Israel carbon tax;Taxas de Carbono;1992;;;0,0
Israel carbon tax;Taxas de Carbono;1993;;;0,0
Israel carbon tax;Taxas de Carbono;1994;;;0,0
Israel carbon tax;Taxas de Carbono;1995;;;0,0
Israel carbon tax;Taxas de Carbono;1996;;;0,0
Israel carbon tax;Taxas de Carbono;1997;;;0,0
Israel carbon tax;Taxas de Carbono;1998;;;0,0
Israel carbon tax;Taxas de Carbono;1999;;;0,0
Israel carbon tax;Taxas de Carbono;2000;;;0,0
Japan carbon tax;Taxas de Carbono;1990;;;0,0
Japan carbon tax;Taxas de Carbono;1991;;;0,0
Japan carbon tax;Taxas de Carbono;1992;;;0,0
Japan carbon tax;Taxas de Carbono;1993;;;0,0
Japan carbon tax;Taxas de Carbono;1994;;;0,0
Japan carbon tax;Taxas de Carbono;1995;;;0,0
Japan carbon tax;Taxas de Carbono;1996;;;0,0
Japan carbon tax;Taxas de Carbono;1997;;;0,0
Japan carbon tax;Taxas de Carbono;1998;;;0,0
Japan carbon tax;Taxas de Carbono;1999;;;0,0
Japan carbon tax;Taxas de Carbono;2000;;;0,0
Japan carbon tax;Taxas de Carbono;2001;;;0,0
Japan carbon tax;Taxas de Carbono;2002;;;0,0
Japan carbon tax;Taxas de Carbono;2003;;;0,0
Japan carbon tax;Taxas de Carbono;2004;;;0,0
Japan carbon tax;Taxas de Carbono;2005;;;0,0
Japan carbon tax;Taxas de Carbono;2006;;;0,0
Japan carbon tax;Taxas de Carbono;2007;;;0,0
Japan carbon tax;Taxas de Carbono;2008;;;0,0
Japan carbon tax;Taxas de Carbono;2009;;;0,0
Japan carbon tax;Taxas de Carbono;2010;;;0,0
Japan carbon tax;Taxas de Carbono;2011;;;0,0
Kazakhstan ETS;ETS;1990;;;0,0
Kazakhstan ETS;ETS;1991;;;0,0
Kazakhstan ETS;ETS;1992;;;0,0
Kazakhstan ETS;ETS;1993;;;0,0
Kazakhstan ETS;ETS;1994;;;0,0
Kazakhstan ETS;ETS;1995;;;0,0
Kazakhstan ETS;ETS;1996;;;0,0
Kazakhstan ETS;ETS;1997;;;0,0
Kazakhstan ETS;ETS;1998;;;0,0
Kazakhstan ETS;ETS;1999;;;0,0
Kazakhstan ETS;ETS;2000;;;0,0
Kazakhstan ETS;ETS;2001;;;0,0
Kazakhstan ETS;ETS;2002;;;0,0
Kazakhstan ETS;ETS;2003;;;0,0
Kazakhstan ETS;ETS;2004;;;0,0
Kazakhstan ETS;ETS;2005;;;0,0
Kazakhstan ETS;ETS;2006;;;0,0
Kazakhstan ETS;ETS;2007;;;0,0
Kazakhstan ETS;ETS;2008;;;0,0
Kazakhstan ETS;ETS;2009;;;0,0
Kazakhstan ETS;ETS;2010;;;0,0
Kazakhstan ETS;ETS;2011;;;0,0
Kazakhstan ETS;ETS;2012;;;0,0
Kazakhstan ETS;ETS;2013;;;0,003319324989591053
Kazakhstan ETS;ETS;2014;;;0,002887021790256926
Kazakhstan ETS;ETS;2015;;;0,002550949466847415
Kazakhstan ETS;ETS;2017;;;0,0027862484742709605
Kazakhstan ETS;ETS;2018;;;0,0027761279309963037
Kazakhstan ETS;ETS;2019;;;0,0026642409162679647
Korea ETS;ETS;1990;;;0,0
Korea ETS;ETS;1991;;;0,0
Korea ETS;ETS;1992;;;0,0
Korea ETS;ETS;1993;;;0,0
Korea ETS;ETS;1994;;;0,0
Korea ETS;ETS;1995;;;0,0
Korea ETS;ETS;1996;;;0,0
Korea ETS;ETS;1997;;;0,0
Korea ETS;ETS;1998;;;0,0
Korea ETS;ETS;1999;;;0,0
Korea ETS;ETS;2000;;;0,0
Korea ETS;ETS;2001;;;0,0
Korea ETS;ETS;2002;;;0,0
Korea ETS;ETS;2003;;;0,0
Korea ETS;ETS;2004;;;0,0
Korea ETS;ETS;2005;;;0,0
Korea ETS;ETS;2006;;;0,0
Korea ETS;ETS;2007;;;0,0
Korea ETS;ETS;2008;;;0,0
Korea ETS;ETS;2009;;;0,0
Korea ETS;ETS;2010;;;0,0
Korea ETS;ETS;2011;;;0,0
Korea ETS;ETS;2012;;;0,0
Korea ETS;ETS;2013;;;0,0
Korea ETS;ETS;2014;;;0,0
Latvia carbon Tax;Taxas de Carbono;1990;;;0,0
Latvia carbon Tax;Taxas de Carbono;1991;;;0,0
Latvia carbon Tax;Taxas de Carbono;1992;;;0,0
Latvia carbon Tax;Taxas de Carbono;1993;;;0,0
Latvia carbon Tax;Taxas de Carbono;1994;;;0,0
Latvia carbon Tax;Taxas de Carbono;1995;;;0,0
Latvia carbon Tax;Taxas de Carbono;1996;;;0,0
Latvia carbon Tax;Taxas de Carbono;1997;;;0,0
Latvia carbon Tax;Taxas de Carbono;1998;;;0,0
Latvia carbon Tax;Taxas de Carbono;1999;;;0,0
Latvia carbon Tax;Taxas de Carbono;2000;;;0,0
Latvia carbon Tax;Taxas de Carbono;2001;;;0,0
Latvia carbon Tax;Taxas de Carbono;2002;;;0,0
Latvia carbon Tax;Taxas de Carbono;2003;;;0,0
Liechtenstein carbon tax;Taxas de Carbono;1990;;;0,0
Liechtenstein carbon tax;Taxas de Carbono;1991;;;0,0
Liechtenstein carbon tax;Taxas de Carbono;1992;;;0,0
Liechtenstein carbon tax;Taxas de Carbono;1993;;;0,0
Liechtenstein carbon tax;Taxas de Carbono;1994;;;0,0
Liechtenstein carbon tax;Taxas de Carbono;1995;;;0,0
Liechtenstein carbon tax;Taxas de Carbono;1996;;;0,0
Liechtenstein carbon tax;Taxas de Carbono;1997;;;0,0
Liechtenstein carbon tax;Taxas de Carbono;1998;;;0,0
Liechtenstein carbon tax;Taxas de Carbono;1999;;;0,0
Liechtenstein carbon tax;Taxas de Carbono;2000;;;0,0
Liechtenstein carbon tax;Taxas de Carbono;2001;;;0,0
Liechtenstein carbon tax;Taxas de Carbono;2002;;;0,0
Liechtenstein carbon tax;Taxas de Carbono;2003;;;0,0
Liechtenstein carbon tax;Taxas de Carbono;2004;;;0,0
Liechtenstein carbon tax;Taxas de Carbono;2005;;;0,0
Liechtenstein carbon tax;Taxas de Carbono;2006;;;0,0
Liechtenstein carbon tax;Taxas de Carbono;2007;;;0,0
Luxembourg carbon tax;Taxas de Carbono;1990;;;0,0
Luxembourg carbon tax;Taxas de Carbono;1991;;;0,0
Luxembourg carbon tax;Taxas de Carbono;1992;;;0,0
Luxembourg carbon tax;Taxas de Carbono;1993;;;0,0
Luxembourg carbon tax;Taxas de Carbono;1994;;;0,0
Luxembourg carbon tax;Taxas de Carbono;1995;;;0,0
Luxembourg carbon tax;Taxas de Carbono;1996;;;0,0
Luxembourg carbon tax;Taxas de Carbono;1997;;;0,0
Luxembourg carbon tax;Taxas de Carbono;1998;;;0,0
Luxembourg carbon tax;Taxas de Carbono;1999;;;0,0
Luxembourg carbon tax;Taxas de Carbono;2000;;;0,0
Luxembourg carbon tax;Taxas de Carbono;2001;;;0,0
Luxembourg carbon tax;Taxas de Carbono;2002;;;0,0
Luxembourg carbon tax;Taxas de Carbono;2003;;;0,0
Luxembourg carbon tax;Taxas de Carbono;2004;;;0,0
Luxembourg carbon tax;Taxas de Carbono;2005;;;0,0
Luxembourg carbon tax;Taxas de Carbono;2006;;;0,0
Luxembourg carbon tax;Taxas de Carbono;2007;;;0,0
Luxembourg carbon tax;Taxas de Carbono;2008;;;0,0
Luxembourg carbon tax;Taxas de Carbono;2009;;;0,0
Luxembourg carbon tax;Taxas de Carbono;2010;;;0,0
Luxembourg carbon tax;Taxas de Carbono;2011;;;0,0
Luxembourg carbon tax;Taxas de Carbono;2012;;;0,0
Luxembourg carbon tax;Taxas de Carbono;2013;;;0,0
Luxembourg carbon tax;Taxas de Carbono;2014;;;0,0
Luxembourg carbon tax;Taxas de Carbono;2015;;;0,0
Luxembourg carbon tax;Taxas de Carbono;2016;;;0,0
Luxembourg carbon tax;Taxas de Carbono;2017;;;0,0
Luxembourg carbon tax;Taxas de Carbono;2018;;;0,0
Luxembourg carbon tax;Taxas de Carbono;2019;;;0,0
Luxembourg carbon tax;Taxas de Carbono;2020;;;0,0
Massachusetts ETS;ETS;1990;;;0,0
Massachusetts ETS;ETS;1991;;;0,0
Massachusetts ETS;ETS;1992;;;0,0
Massachusetts ETS;ETS;1993;;;0,0
Massachusetts ETS;ETS;1994;;;0,0
Massachusetts ETS;ETS;1995;;;0,0
Massachusetts ETS;ETS;1996;;;0,0
Massachusetts ETS;ETS;1997;;;0,0
Massachusetts ETS;ETS;1998;;;0,0
Massachusetts ETS;ETS;1999;;;0,0
Massachusetts ETS;ETS;2000;;;0,0
Massachusetts ETS;ETS;2001;;;0,0
Massachusetts ETS;ETS;2002;;;0,0
Massachusetts ETS;ETS;2003;;;0,0
Massachusetts ETS;ETS;2004;;;0,0
Massachusetts ETS;ETS;2005;;;0,0
Massachusetts ETS;ETS;2006;;;0,0
Massachusetts ETS;ETS;2007;;;0,0
Massachusetts ETS;ETS;2008;;;0,0
Massachusetts ETS;ETS;2009;;;0,0
Massachusetts ETS;ETS;2010;;;0,0
Massachusetts ETS;ETS;2011;;;0,0
Massachusetts ETS;ETS;2012;;;0,0
Massachusetts ETS;ETS;2013;;;0,0
Massachusetts ETS;ETS;2014;;;0,0
Massachusetts ETS;ETS;2015;;;0,0
Massachusetts ETS;ETS;2016;;;0,0
Massachusetts ETS;ETS;2017;;;0,0
Mexico carbon tax;Taxas de Carbono;1990;;;0,0
Mexico carbon tax;Taxas de Carbono;1991;;;0,0
Mexico carbon tax;Taxas de Carbono;1992;;;0,0
Mexico carbon tax;Taxas de Carbono;1993;;;0,0
Mexico carbon tax;Taxas de Carbono;1994;;;0,0
Mexico carbon tax;Taxas de Carbono;1995;;;0,0
Mexico carbon tax;Taxas de Carbono;1996;;;0,0
Mexico carbon tax;Taxas de Carbono;1997;;;0,0
Mexico carbon tax;Taxas de Carbono;1998;;;0,0
Mexico carbon tax;Taxas de Carbono;1999;;;0,0
Mexico carbon tax;Taxas de Carbono;2000;;;0,0
Mexico carbon tax;Taxas de Carbono;2001;;;0,0
Mexico carbon tax;Taxas de Carbono;2002;;;0,0
Mexico carbon tax;Taxas de Carbono;2003;;;0,0
Mexico carbon tax;Taxas de Carbono;2004;;;0,0
Mexico carbon tax;Taxas de Carbono;2005;;;0,0
Mexico carbon tax;Taxas de Carbono;2006;;;0,0
Mexico carbon tax;Taxas de Carbono;2007;;;0,0
Mexico carbon tax;Taxas de Carbono;2008;;;0,0
Mexico carbon tax;Taxas de Carbono;2009;;;0,0
Mexico carbon tax;Taxas de Carbono;2010;;;0,0
Mexico carbon tax;Taxas de Carbono;2011;;;0,0
Mexico carbon tax;Taxas de Carbono;2012;;;0,0
Mexico carbon tax;Taxas de Carbono;2013;;;0,0
Mexico ETS;ETS;1990;;;0,0
Mexico ETS;ETS;1991;;;0,0
Mexico ETS;ETS;1992;;;0,0
Mexico ETS;ETS;1993;;;0,0
Mexico ETS;ETS;1994;;;0,0
Mexico ETS;ETS;1995;;;0,0
Mexico ETS;ETS;1996;;;0,0
Mexico ETS;ETS;1997;;;0,0
Mexico ETS;ETS;1998;;;0,0
Mexico ETS;ETS;1999;;;0,0
Mexico ETS;ETS;2000;;;0,0
Mexico ETS;ETS;2001;;;0,0
Mexico ETS;ETS;2002;;;0,0
Mexico ETS;ETS;2003;;;0,0
Mexico ETS;ETS;2004;;;0,0
Mexico ETS;ETS;2005;;;0,0
Mexico ETS;ETS;2006;;;0,0
Mexico ETS;ETS;2007;;;0,0
Mexico ETS;ETS;2008;;;0,0
Mexico ETS;ETS;2009;;;0,0
Mexico ETS;ETS;2010;;;0,0
Mexico ETS;ETS;2011;;;0,0
Mexico ETS;ETS;2012;;;0,0
Mexico ETS;ETS;2013;;;0,0
Mexico ETS;ETS;2014;;;0,0
Mexico ETS;ETS;2015;;;0,0
Mexico ETS;ETS;2016;;;0,0
Mexico ETS;ETS;2017;;;0,0
Mexico ETS;ETS;2018;;;0,0
Mexico ETS;ETS;2019;;;0,0
Mexico ETS;ETS;2020;;;0,005229550874668792
Minneapolis carbon tax;Taxas de Carbono;2025;;;0,0
Montenegro ETS;ETS;1990;;;0,0
Montenegro ETS;ETS;1991;;;0,0
Montenegro ETS;ETS;1992;;;0,0
Montenegro ETS;ETS;1993;;;0,0
Montenegro ETS;ETS;1994;;;0,0
Montenegro ETS;ETS;1995;;;0,0
Montenegro ETS;ETS;1996;;;0,0
Montenegro ETS;ETS;1997;;;0,0
Montenegro ETS;ETS;1998;;;0,0
Montenegro ETS;ETS;1999;;;0,0
Montenegro ETS;ETS;2000;;;0,0
Montenegro ETS;ETS;2001;;;0,0
Montenegro ETS;ETS;2002;;;0,0
Montenegro ETS;ETS;2003;;;0,0
Montenegro ETS;ETS;2004;;;0,0
Montenegro ETS;ETS;2005;;;0,0
Montenegro ETS;ETS;2006;;;0,0
Montenegro ETS;ETS;2007;;;0,0
Montenegro ETS;ETS;2008;;;0,0
Montenegro ETS;ETS;2009;;;0,0
Montenegro ETS;ETS;2010;;;0,0
Montenegro ETS;ETS;2011;;;0,0
Montenegro ETS;ETS;2012;;;0,0
Montenegro ETS;ETS;2013;;;0,0
Montenegro ETS;ETS;2014;;;0,0
Montenegro ETS;ETS;2015;;;0,0
Montenegro ETS;ETS;2016;;;0,0
Montenegro ETS;ETS;2017;;;0,0
Montenegro ETS;ETS;2018;;;0,0
Montenegro ETS;ETS;2019;;;0,0
Montenegro ETS;ETS;2020;;;0,0
Montenegro ETS;ETS;2021;;;0,0
Montenegro ETS;ETS;2022;;;3,81900757894026e-05
Netherlands carbon tax;Taxas de Carbono;1990;;;0,0
Netherlands carbon tax;Taxas de Carbono;1991;;;0,0
Netherlands carbon tax;Taxas de Carbono;1992;;;0,0
Netherlands carbon tax;Taxas de Carbono;1993;;;0,0
Netherlands carbon tax;Taxas de Carbono;1994;;;0,0
Netherlands carbon tax;Taxas de Carbono;1995;;;0,0
Netherlands carbon tax;Taxas de Carbono;1996;;;0,0
Netherlands carbon tax;Taxas de Carbono;1997;;;0,0
Netherlands carbon tax;Taxas de Carbono;1998;;;0,0
Netherlands carbon tax;Taxas de Carbono;1999;;;0,0
Netherlands carbon tax;Taxas de Carbono;2000;;;0,0
Netherlands carbon tax;Taxas de Carbono;2001;;;0,0
Netherlands carbon tax;Taxas de Carbono;2002;;;0,0
Netherlands carbon tax;Taxas de Carbono;2003;;;0,0
Netherlands carbon tax;Taxas de Carbono;2004;;;0,0
Netherlands carbon tax;Taxas de Carbono;2005;;;0,0
Netherlands carbon tax;Taxas de Carbono;2006;;;0,0
Netherlands carbon tax;Taxas de Carbono;2007;;;0,0
Netherlands carbon tax;Taxas de Carbono;2008;;;0,0
Netherlands carbon tax;Taxas de Carbono;2009;;;0,0
Netherlands carbon tax;Taxas de Carbono;2010;;;0,0
Netherlands carbon tax;Taxas de Carbono;2011;;;0,0
Netherlands carbon tax;Taxas de Carbono;2012;;;0,0
Netherlands carbon tax;Taxas de Carbono;2013;;;0,0
Netherlands carbon tax;Taxas de Carbono;2014;;;0,0
Netherlands carbon tax;Taxas de Carbono;2015;;;0,0
Netherlands carbon tax;Taxas de Carbono;2016;;;0,0
Netherlands carbon tax;Taxas de Carbono;2017;;;0,0
Netherlands carbon tax;Taxas de Carbono;2018;;;0,0
Netherlands carbon tax;Taxas de Carbono;2019;;;0,0
Netherlands carbon tax;Taxas de Carbono;2020;;;0,0
New Brunswick carbon tax;Taxas de Carbono;1990;;;0,0
New Brunswick carbon tax;Taxas de Carbono;1991;;;0,0
New Brunswick carbon tax;Taxas de Carbono;1992;;;0,0
New Brunswick carbon tax;Taxas de Carbono;1993;;;0,0
New Brunswick carbon tax;Taxas de Carbono;1994;;;0,0
New Brunswick carbon tax;Taxas de Carbono;1995;;;0,0
New Brunswick carbon tax;Taxas de Carbono;1996;;;0,0
New Brunswick carbon tax;Taxas de Carbono;1997;;;0,0
New Brunswick carbon tax;Taxas de Carbono;1998;;;0,0
New Brunswick carbon tax;Taxas de Carbono;1999;;;0,0
New Brunswick carbon tax;Taxas de Carbono;2000;;;0,0
New Brunswick carbon tax;Taxas de Carbono;2001;;;0,0
New Brunswick carbon tax;Taxas de Carbono;2002;;;0,0
New Brunswick carbon tax;Taxas de Carbono;2003;;;0,0
New Brunswick carbon tax;Taxas de Carbono;2004;;;0,0
New Brunswick carbon tax;Taxas de Carbono;2005;;;0,0
New Brunswick carbon tax;Taxas de Carbono;2006;;;0,0
New Brunswick carbon tax;Taxas de Carbono;2007;;;0,0
New Brunswick carbon tax;Taxas de Carbono;2008;;;0,0
New Brunswick carbon tax;Taxas de Carbono;2009;;;0,0
New Brunswick carbon tax;Taxas de Carbono;2010;;;0,0
New Brunswick carbon tax;Taxas de Carbono;2011;;;0,0
New Brunswick carbon tax;Taxas de Carbono;2012;;;0,0
New Brunswick carbon tax;Taxas de Carbono;2013;;;0,0
New Brunswick carbon tax;Taxas de Carbono;2014;;;0,0
New Brunswick carbon tax;Taxas de Carbono;2015;;;0,0
New Brunswick carbon tax;Taxas de Carbono;2016;;;0,0
New Brunswick carbon tax;Taxas de Carbono;2017;;;0,0
New Brunswick carbon tax;Taxas de Carbono;2018;;;0,0
New Brunswick carbon tax;Taxas de Carbono;2019;;;0,0
New Brunswick carbon tax;Taxas de Carbono;2024;;;0,0
New Brunswick carbon tax;Taxas de Carbono;2025;;;0,0
New Brunswick carbon tax;Taxas de Carbono;2026;;;0,0
New Brunswick OBPS;ETS;1990;;;0,0
New Brunswick OBPS;ETS;1991;;;0,0
New Brunswick OBPS;ETS;1992;;;0,0
New Brunswick OBPS;ETS;1993;;;0,0
New Brunswick OBPS;ETS;1994;;;0,0
New Brunswick OBPS;ETS;1995;;;0,0
New Brunswick OBPS;ETS;1996;;;0,0
New Brunswick OBPS;ETS;1997;;;0,0
New Brunswick OBPS;ETS;1998;;;0,0
New Brunswick OBPS;ETS;1999;;;0,0
New Brunswick OBPS;ETS;2000;;;0,0
New Brunswick OBPS;ETS;2001;;;0,0
New Brunswick OBPS;ETS;2002;;;0,0
New Brunswick OBPS;ETS;2003;;;0,0
New Brunswick OBPS;ETS;2004;;;0,0
New Brunswick OBPS;ETS;2005;;;0,0
New Brunswick OBPS;ETS;2006;;;0,0
New Brunswick OBPS;ETS;2007;;;0,0
New Brunswick OBPS;ETS;2008;;;0,0
New Brunswick OBPS;ETS;2009;;;0,0
New Brunswick OBPS;ETS;2010;;;0,0
New Brunswick OBPS;ETS;2011;;;0,0
New Brunswick OBPS;ETS;2012;;;0,0
New Brunswick OBPS;ETS;2013;;;0,0
New Brunswick OBPS;ETS;2014;;;0,0
New Brunswick OBPS;ETS;2015;;;0,0
New Brunswick OBPS;ETS;2016;;;0,0
New Brunswick OBPS;ETS;2017;;;0,0
New Brunswick OBPS;ETS;2018;;;0,0
New Brunswick OBPS;ETS;2019;;;0,0
New Brunswick OBPS;ETS;2020;;;0,0
New Brunswick OBPS;ETS;2021;;;0,00012190324207997612
New Zealand ETS;ETS;1990;;;0,0
New Zealand ETS;ETS;1991;;;0,0
New Zealand ETS;ETS;1992;;;0,0
New Zealand ETS;ETS;1993;;;0,0
New Zealand ETS;ETS;1994;;;0,0
New Zealand ETS;ETS;1995;;;0,0
New Zealand ETS;ETS;1996;;;0,0
New Zealand ETS;ETS;1997;;;0,0
New Zealand ETS;ETS;1998;;;0,0
New Zealand ETS;ETS;1999;;;0,0
New Zealand ETS;ETS;2000;;;0,0
New Zealand ETS;ETS;2001;;;0,0
New Zealand ETS;ETS;2002;;;0,0
New Zealand ETS;ETS;2003;;;0,0
New Zealand ETS;ETS;2004;;;0,0
New Zealand ETS;ETS;2005;;;0,0
New Zealand ETS;ETS;2006;;;0,0
New Zealand ETS;ETS;2007;;;0,0
Newfoundland and Labrador carbon tax;Taxas de Carbono;1990;;;0,0
Newfoundland and Labrador carbon tax;Taxas de Carbono;1991;;;0,0
Newfoundland and Labrador carbon tax;Taxas de Carbono;1992;;;0,0
Newfoundland and Labrador carbon tax;Taxas de Carbono;1993;;;0,0
Newfoundland and Labrador carbon tax;Taxas de Carbono;1994;;;0,0
Newfoundland and Labrador carbon tax;Taxas de Carbono;1995;;;0,0
Newfoundland and Labrador carbon tax;Taxas de Carbono;1996;;;0,0
Newfoundland and Labrador carbon tax;Taxas de Carbono;1997;;;0,0
Newfoundland and Labrador carbon tax;Taxas de Carbono;1998;;;0,0
Newfoundland and Labrador carbon tax;Taxas de Carbono;1999;;;0,0
Newfoundland and Labrador carbon tax;Taxas de Carbono;2000;;;0,0
Newfoundland and Labrador carbon tax;Taxas de Carbono;2001;;;0,0
Newfoundland and Labrador carbon tax;Taxas de Carbono;2002;;;0,0
Newfoundland and Labrador carbon tax;Taxas de Carbono;2003;;;0,0
Newfoundland and Labrador carbon tax;Taxas de Carbono;2004;;;0,0
Newfoundland and Labrador carbon tax;Taxas de Carbono;2005;;;0,0
Newfoundland and Labrador carbon tax;Taxas de Carbono;2006;;;0,0
Newfoundland and Labrador carbon tax;Taxas de Carbono;2007;;;0,0
Newfoundland and Labrador carbon tax;Taxas de Carbono;2008;;;0,0
Newfoundland and Labrador carbon tax;Taxas de Carbono;2009;;;0,0
Newfoundland and Labrador carbon tax;Taxas de Carbono;2010;;;0,0
Newfoundland and Labrador carbon tax;Taxas de Carbono;2011;;;0,0
Newfoundland and Labrador carbon tax;Taxas de Carbono;2012;;;0,0
Newfoundland and Labrador carbon tax;Taxas de Carbono;2013;;;0,0
Newfoundland and Labrador carbon tax;Taxas de Carbono;2014;;;0,0
Newfoundland and Labrador carbon tax;Taxas de Carbono;2015;;;0,0
Newfoundland and Labrador carbon tax;Taxas de Carbono;2016;;;0,0
Newfoundland and Labrador carbon tax;Taxas de Carbono;2017;;;0,0
Newfoundland and Labrador carbon tax;Taxas de Carbono;2018;;;0,0
Newfoundland and Labrador carbon tax;Taxas de Carbono;2024;;;0,0
Newfoundland and Labrador carbon tax;Taxas de Carbono;2026;;;0,0
Newfoundland and Labrador PSS;ETS;1990;;;0,0
Newfoundland and Labrador PSS;ETS;1991;;;0,0
Newfoundland and Labrador PSS;ETS;1992;;;0,0
Newfoundland and Labrador PSS;ETS;1993;;;0,0
Newfoundland and Labrador PSS;ETS;1994;;;0,0
Newfoundland and Labrador PSS;ETS;1995;;;0,0
Newfoundland and Labrador PSS;ETS;1996;;;0,0
Newfoundland and Labrador PSS;ETS;1997;;;0,0
Newfoundland and Labrador PSS;ETS;1998;;;0,0
Newfoundland and Labrador PSS;ETS;1999;;;0,0
Newfoundland and Labrador PSS;ETS;2000;;;0,0
Newfoundland and Labrador PSS;ETS;2001;;;0,0
Newfoundland and Labrador PSS;ETS;2002;;;0,0
Newfoundland and Labrador PSS;ETS;2003;;;0,0
Newfoundland and Labrador PSS;ETS;2004;;;0,0
Newfoundland and Labrador PSS;ETS;2005;;;0,0
Newfoundland and Labrador PSS;ETS;2006;;;0,0
Newfoundland and Labrador PSS;ETS;2007;;;0,0
Newfoundland and Labrador PSS;ETS;2008;;;0,0
Newfoundland and Labrador PSS;ETS;2009;;;0,0
Newfoundland and Labrador PSS;ETS;2010;;;0,0
Newfoundland and Labrador PSS;ETS;2011;;;0,0
Newfoundland and Labrador PSS;ETS;2012;;;0,0
Newfoundland and Labrador PSS;ETS;2013;;;0,0
Newfoundland and Labrador PSS;ETS;2014;;;0,0
Newfoundland and Labrador PSS;ETS;2015;;;0,0
Newfoundland and Labrador PSS;ETS;2016;;;0,0
Newfoundland and Labrador PSS;ETS;2017;;;0,0
Newfoundland and Labrador PSS;ETS;2018;;;0,0
Newfoundland and Labrador PSS;ETS;2019;;;8,223520718657698e-05
Newfoundland and Labrador PSS;ETS;2020;;;6,829742999126455e-05
Northwest Territories carbon tax;Taxas de Carbono;1990;;;0,0
Northwest Territories carbon tax;Taxas de Carbono;1991;;;0,0
Northwest Territories carbon tax;Taxas de Carbono;1992;;;0,0
Northwest Territories carbon tax;Taxas de Carbono;1993;;;0,0
Northwest Territories carbon tax;Taxas de Carbono;1994;;;0,0
Northwest Territories carbon tax;Taxas de Carbono;1995;;;0,0
Northwest Territories carbon tax;Taxas de Carbono;1996;;;0,0
Northwest Territories carbon tax;Taxas de Carbono;1997;;;0,0
Northwest Territories carbon tax;Taxas de Carbono;1998;;;0,0
Northwest Territories carbon tax;Taxas de Carbono;1999;;;0,0
Northwest Territories carbon tax;Taxas de Carbono;2000;;;0,0
Northwest Territories carbon tax;Taxas de Carbono;2001;;;0,0
Northwest Territories carbon tax;Taxas de Carbono;2002;;;0,0
Northwest Territories carbon tax;Taxas de Carbono;2003;;;0,0
Northwest Territories carbon tax;Taxas de Carbono;2004;;;0,0
Northwest Territories carbon tax;Taxas de Carbono;2005;;;0,0
Northwest Territories carbon tax;Taxas de Carbono;2006;;;0,0
Northwest Territories carbon tax;Taxas de Carbono;2007;;;0,0
Northwest Territories carbon tax;Taxas de Carbono;2008;;;0,0
Northwest Territories carbon tax;Taxas de Carbono;2009;;;0,0
Northwest Territories carbon tax;Taxas de Carbono;2010;;;0,0
Northwest Territories carbon tax;Taxas de Carbono;2011;;;0,0
Northwest Territories carbon tax;Taxas de Carbono;2012;;;0,0
Northwest Territories carbon tax;Taxas de Carbono;2013;;;0,0
Northwest Territories carbon tax;Taxas de Carbono;2014;;;0,0
Northwest Territories carbon tax;Taxas de Carbono;2015;;;0,0
Northwest Territories carbon tax;Taxas de Carbono;2016;;;0,0
Northwest Territories carbon tax;Taxas de Carbono;2017;;;0,0
Northwest Territories carbon tax;Taxas de Carbono;2018;;;0,0
Northwest Territories carbon tax;Taxas de Carbono;2026;;;0,0
Norway carbon tax;Taxas de Carbono;1990;;;0,0
Nova Scotia OBPS;ETS;1990;;;0,0
Nova Scotia OBPS;ETS;1991;;;0,0
Nova Scotia OBPS;ETS;1992;;;0,0
Nova Scotia OBPS;ETS;1993;;;0,0
Nova Scotia OBPS;ETS;1994;;;0,0
Nova Scotia OBPS;ETS;1995;;;0,0
Nova Scotia OBPS;ETS;1996;;;0,0
Nova Scotia OBPS;ETS;1997;;;0,0
Nova Scotia OBPS;ETS;1998;;;0,0
Nova Scotia OBPS;ETS;1999;;;0,0
Nova Scotia OBPS;ETS;2000;;;0,0
Nova Scotia OBPS;ETS;2001;;;0,0
Nova Scotia OBPS;ETS;2002;;;0,0
Nova Scotia OBPS;ETS;2003;;;0,0
Nova Scotia OBPS;ETS;2004;;;0,0
Nova Scotia OBPS;ETS;2005;;;0,0
Nova Scotia OBPS;ETS;2006;;;0,0
Nova Scotia OBPS;ETS;2007;;;0,0
Nova Scotia OBPS;ETS;2008;;;0,0
Nova Scotia OBPS;ETS;2009;;;0,0
Nova Scotia OBPS;ETS;2010;;;0,0
Nova Scotia OBPS;ETS;2011;;;0,0
Nova Scotia OBPS;ETS;2012;;;0,0
Nova Scotia OBPS;ETS;2013;;;0,0
Nova Scotia OBPS;ETS;2014;;;0,0
Nova Scotia OBPS;ETS;2015;;;0,0
Nova Scotia OBPS;ETS;2016;;;0,0
Nova Scotia OBPS;ETS;2017;;;0,0
Nova Scotia OBPS;ETS;2018;;;0,0
Nova Scotia OBPS;ETS;2019;;;0,00027385504402802665
Ontario CaT;ETS;1990;;;0,0
Ontario CaT;ETS;1991;;;0,0
Ontario CaT;ETS;1992;;;0,0
Ontario CaT;ETS;1993;;;0,0
Ontario CaT;ETS;1994;;;0,0
Ontario CaT;ETS;1995;;;0,0
Ontario CaT;ETS;1996;;;0,0
Ontario CaT;ETS;1997;;;0,0
Ontario CaT;ETS;1998;;;0,0
Ontario CaT;ETS;1999;;;0,0
Ontario CaT;ETS;2000;;;0,0
Ontario CaT;ETS;2001;;;0,0
Ontario CaT;ETS;2002;;;0,0
Ontario CaT;ETS;2003;;;0,0
Ontario CaT;ETS;2004;;;0,0
Ontario CaT;ETS;2005;;;0,0
Ontario CaT;ETS;2006;;;0,0
Ontario CaT;ETS;2007;;;0,0
Ontario CaT;ETS;2008;;;0,0
Ontario CaT;ETS;2009;;;0,0
Ontario CaT;ETS;2010;;;0,0
Ontario CaT;ETS;2011;;;0,0
Ontario CaT;ETS;2012;;;0,0
Ontario CaT;ETS;2013;;;0,0
Ontario CaT;ETS;2014;;;0,0
Ontario CaT;ETS;2015;;;0,0
Ontario CaT;ETS;2016;;;0,0
Ontario CaT;ETS;2019;;;0,0
Ontario CaT;ETS;2020;;;0,0
Ontario CaT;ETS;2021;;;0,0
Ontario CaT;ETS;2022;;;0,0
Ontario CaT;ETS;2023;;;0,0
Ontario CaT;ETS;2024;;;0,0
Ontario CaT;ETS;2025;;;0,0
Ontario CaT;ETS;2026;;;0,0
Ontario EPS;ETS;1990;;;0,0
Ontario EPS;ETS;1991;;;0,0
Ontario EPS;ETS;1992;;;0,0
Ontario EPS;ETS;1993;;;0,0
Ontario EPS;ETS;1994;;;0,0
Ontario EPS;ETS;1995;;;0,0
Ontario EPS;ETS;1996;;;0,0
Ontario EPS;ETS;1997;;;0,0
Ontario EPS;ETS;1998;;;0,0
Ontario EPS;ETS;1999;;;0,0
Ontario EPS;ETS;2000;;;0,0
Ontario EPS;ETS;2001;;;0,0
Ontario EPS;ETS;2002;;;0,0
Ontario EPS;ETS;2003;;;0,0
Ontario EPS;ETS;2004;;;0,0
Ontario EPS;ETS;2005;;;0,0
Ontario EPS;ETS;2006;;;0,0
Ontario EPS;ETS;2007;;;0,0
Ontario EPS;ETS;2008;;;0,0
Ontario EPS;ETS;2009;;;0,0
Ontario EPS;ETS;2010;;;0,0
Ontario EPS;ETS;2011;;;0,0
Ontario EPS;ETS;2012;;;0,0
Ontario EPS;ETS;2013;;;0,0
Ontario EPS;ETS;2014;;;0,0
Ontario EPS;ETS;2015;;;0,0
Ontario EPS;ETS;2016;;;0,0
Ontario EPS;ETS;2017;;;0,0
Ontario EPS;ETS;2018;;;0,0
Ontario EPS;ETS;2019;;;0,0
Ontario EPS;ETS;2020;;;0,0
Ontario EPS;ETS;2021;;;0,0
Oregon ETS;ETS;1990;;;0,0
Oregon ETS;ETS;1991;;;0,0
Oregon ETS;ETS;1992;;;0,0
Oregon ETS;ETS;1993;;;0,0
Oregon ETS;ETS;1994;;;0,0
Oregon ETS;ETS;1995;;;0,0
Oregon ETS;ETS;1996;;;0,0
Oregon ETS;ETS;1997;;;0,0
Oregon ETS;ETS;1998;;;0,0
Oregon ETS;ETS;1999;;;0,0
Oregon ETS;ETS;2000;;;0,0
Oregon ETS;ETS;2001;;;0,0
Oregon ETS;ETS;2002;;;0,0
Oregon ETS;ETS;2003;;;0,0
Oregon ETS;ETS;2004;;;0,0
Oregon ETS;ETS;2005;;;0,0
Oregon ETS;ETS;2006;;;0,0
Oregon ETS;ETS;2007;;;0,0
Oregon ETS;ETS;2008;;;0,0
Oregon ETS;ETS;2009;;;0,0
Oregon ETS;ETS;2010;;;0,0
Oregon ETS;ETS;2011;;;0,0
Oregon ETS;ETS;2012;;;0,0
Oregon ETS;ETS;2013;;;0,0
Oregon ETS;ETS;2014;;;0,0
Oregon ETS;ETS;2015;;;0,0
Oregon ETS;ETS;2016;;;0,0
Oregon ETS;ETS;2024;;;0,00041562589589223624
Portugal carbon tax;Taxas de Carbono;1990;;;0,0
Portugal carbon tax;Taxas de Carbono;1991;;;0,0
Portugal carbon tax;Taxas de Carbono;1992;;;0,0
Portugal carbon tax;Taxas de Carbono;1993;;;0,0
Portugal carbon tax;Taxas de Carbono;1994;;;0,0
Portugal carbon tax;Taxas de Carbono;1995;;;0,0
Portugal carbon tax;Taxas de Carbono;1996;;;0,0
Portugal carbon tax;Taxas de Carbono;1997;;;0,0
Portugal carbon tax;Taxas de Carbono;1998;;;0,0
Portugal carbon tax;Taxas de Carbono;1999;;;0,0
Portugal carbon tax;Taxas de Carbono;2000;;;0,0
Portugal carbon tax;Taxas de Carbono;2001;;;0,0
Portugal carbon tax;Taxas de Carbono;2002;;;0,0
Portugal carbon tax;Taxas de Carbono;2003;;;0,0
Portugal carbon tax;Taxas de Carbono;2004;;;0,0
Portugal carbon tax;Taxas de Carbono;2005;;;0,0
Portugal carbon tax;Taxas de Carbono;2006;;;0,0
Portugal carbon tax;Taxas de Carbono;2007;;;0,0
Portugal carbon tax;Taxas de Carbono;2008;;;0,0
Portugal carbon tax;Taxas de Carbono;2009;;;0,0
Portugal carbon tax;Taxas de Carbono;2010;;;0,0
Portugal carbon tax;Taxas de Carbono;2011;;;0,0
Portugal carbon tax;Taxas de Carbono;2012;;;0,0
Portugal carbon tax;Taxas de Carbono;2013;;;0,0
Portugal carbon tax;Taxas de Carbono;2014;;;0,0
Prince Edward Island carbon tax;Taxas de Carbono;1990;;;0,0
Prince Edward Island carbon tax;Taxas de Carbono;1991;;;0,0
Prince Edward Island carbon tax;Taxas de Carbono;1992;;;0,0
Prince Edward Island carbon tax;Taxas de Carbono;1993;;;0,0
Prince Edward Island carbon tax;Taxas de Carbono;1994;;;0,0
Prince Edward Island carbon tax;Taxas de Carbono;1995;;;0,0
Prince Edward Island carbon tax;Taxas de Carbono;1996;;;0,0
Prince Edward Island carbon tax;Taxas de Carbono;1997;;;0,0
Prince Edward Island carbon tax;Taxas de Carbono;1998;;;0,0
Prince Edward Island carbon tax;Taxas de Carbono;1999;;;0,0
Prince Edward Island carbon tax;Taxas de Carbono;2000;;;0,0
Prince Edward Island carbon tax;Taxas de Carbono;2001;;;0,0
Prince Edward Island carbon tax;Taxas de Carbono;2002;;;0,0
Prince Edward Island carbon tax;Taxas de Carbono;2003;;;0,0
Prince Edward Island carbon tax;Taxas de Carbono;2004;;;0,0
Prince Edward Island carbon tax;Taxas de Carbono;2005;;;0,0
Prince Edward Island carbon tax;Taxas de Carbono;2006;;;0,0
Prince Edward Island carbon tax;Taxas de Carbono;2007;;;0,0
Prince Edward Island carbon tax;Taxas de Carbono;2008;;;0,0
Prince Edward Island carbon tax;Taxas de Carbono;2009;;;0,0
Prince Edward Island carbon tax;Taxas de Carbono;2010;;;0,0
Prince Edward Island carbon tax;Taxas de Carbono;2011;;;0,0
Prince Edward Island carbon tax;Taxas de Carbono;2012;;;0,0
Prince Edward Island carbon tax;Taxas de Carbono;2013;;;0,0
Prince Edward Island carbon tax;Taxas de Carbono;2014;;;0,0
Prince Edward Island carbon tax;Taxas de Carbono;2015;;;0,0
Prince Edward Island carbon tax;Taxas de Carbono;2016;;;0,0
Prince Edward Island carbon tax;Taxas de Carbono;2017;;;0,0
Prince Edward Island carbon tax;Taxas de Carbono;2018;;;0,0
Prince Edward Island carbon tax;Taxas de Carbono;2024;;;0,0
Prince Edward Island carbon tax;Taxas de Carbono;2026;;;0,0
Quebec CaT;ETS;1990;;;0,0
Quebec CaT;ETS;1991;;;0,0
Quebec CaT;ETS;1992;;;0,0
Quebec CaT;ETS;1993;;;0,0
Quebec CaT;ETS;1994;;;0,0
Quebec CaT;ETS;1995;;;0,0
Quebec CaT;ETS;1996;;;0,0
Quebec CaT;ETS;1997;;;0,0
Quebec CaT;ETS;1998;;;0,0
Quebec CaT;ETS;1999;;;0,0
Quebec CaT;ETS;2000;;;0,0
Quebec CaT;ETS;2001;;;0,0
Quebec CaT;ETS;2002;;;0,0
Quebec CaT;ETS;2003;;;0,0
Quebec CaT;ETS;2004;;;0,0
Quebec CaT;ETS;2005;;;0,0
Quebec CaT;ETS;2006;;;0,0
Quebec CaT;ETS;2007;;;0,0
Quebec CaT;ETS;2008;;;0,0
Quebec CaT;ETS;2009;;;0,0
Quebec CaT;ETS;2010;;;0,0
Quebec CaT;ETS;2011;;;0,0
Quebec CaT;ETS;2012;;;0,0
Queretaro carbon tax;Taxas de Carbono;1990;;;0,0
Queretaro carbon tax;Taxas de Carbono;1991;;;0,0
Queretaro carbon tax;Taxas de Carbono;1992;;;0,0
Queretaro carbon tax;Taxas de Carbono;1993;;;0,0
Queretaro carbon tax;Taxas de Carbono;1994;;;0,0
Queretaro carbon tax;Taxas de Carbono;1995;;;0,0
Queretaro carbon tax;Taxas de Carbono;1996;;;0,0
Queretaro carbon tax;Taxas de Carbono;1997;;;0,0
Queretaro carbon tax;Taxas de Carbono;1998;;;0,0
Queretaro carbon tax;Taxas de Carbono;1999;;;0,0
Queretaro carbon tax;Taxas de Carbono;2000;;;0,0
Queretaro carbon tax;Taxas de Carbono;2001;;;0,0
Queretaro carbon tax;Taxas de Carbono;2002;;;0,0
Queretaro carbon tax;Taxas de Carbono;2003;;;0,0
Queretaro carbon tax;Taxas de Carbono;2004;;;0,0
Queretaro carbon tax;Taxas de Carbono;2005;;;0,0
Queretaro carbon tax;Taxas de Carbono;2006;;;0,0
Queretaro carbon tax;Taxas de Carbono;2007;;;0,0
Queretaro carbon tax;Taxas de Carbono;2008;;;0,0
Queretaro carbon tax;Taxas de Carbono;2009;;;0,0
Queretaro carbon tax;Taxas de Carbono;2010;;;0,0
Queretaro carbon tax;Taxas de Carbono;2011;;;0,0
Queretaro carbon tax;Taxas de Carbono;2012;;;0,0
Queretaro carbon tax;Taxas de Carbono;2013;;;0,0
Queretaro carbon tax;Taxas de Carbono;2014;;;0,0
Queretaro carbon tax;Taxas de Carbono;2015;;;0,0
Queretaro carbon tax;Taxas de Carbono;2016;;;0,0
Queretaro carbon tax;Taxas de Carbono;2017;;;0,0
Queretaro carbon tax;Taxas de Carbono;2018;;;0,0
Queretaro carbon tax;Taxas de Carbono;2019;;;0,0
Queretaro carbon tax;Taxas de Carbono;2020;;;0,0
Queretaro carbon tax;Taxas de Carbono;2021;;;0,0
Queretaro carbon tax;Taxas de Carbono;2022;;;6,545245249081646e-05
RGGI;ETS;1990;;;0,0
RGGI;ETS;1991;;;0,0
RGGI;ETS;1992;;;0,0
RGGI;ETS;1993;;;0,0
RGGI;ETS;1994;;;0,0
RGGI;ETS;1995;;;0,0
RGGI;ETS;1996;;;0,0
RGGI;ETS;1997;;;0,0
RGGI;ETS;1998;;;0,0
RGGI;ETS;1999;;;0,0
RGGI;ETS;2000;;;0,0
RGGI;ETS;2001;;;0,0
RGGI;ETS;2002;;;0,0
RGGI;ETS;2003;;;0,0
RGGI;ETS;2004;;;0,0
RGGI;ETS;2005;;;0,0
RGGI;ETS;2006;;;0,0
RGGI;ETS;2007;;;0,0
Saitama ETS;ETS;1990;;;0,0
Saitama ETS;ETS;1991;;;0,0
Saitama ETS;ETS;1992;;;0,0
Saitama ETS;ETS;1993;;;0,0
Saitama ETS;ETS;1994;;;0,0
Saitama ETS;ETS;1995;;;0,0
Saitama ETS;ETS;1996;;;0,0
Saitama ETS;ETS;1997;;;0,0
Saitama ETS;ETS;1998;;;0,0
Saitama ETS;ETS;1999;;;0,0
Saitama ETS;ETS;2000;;;0,0
Saitama ETS;ETS;2001;;;0,0
Saitama ETS;ETS;2002;;;0,0
Saitama ETS;ETS;2003;;;0,0
Saitama ETS;ETS;2004;;;0,0
Saitama ETS;ETS;2005;;;0,0
Saitama ETS;ETS;2006;;;0,0
Saitama ETS;ETS;2007;;;0,0
Saitama ETS;ETS;2008;;;0,0
Saitama ETS;ETS;2009;;;0,0
Saitama ETS;ETS;2010;;;0,0
Saskatchewan OBPS;ETS;1990;;;0,0
Saskatchewan OBPS;ETS;1991;;;0,0
Saskatchewan OBPS;ETS;1992;;;0,0
Saskatchewan OBPS;ETS;1993;;;0,0
Saskatchewan OBPS;ETS;1994;;;0,0
Saskatchewan OBPS;ETS;1995;;;0,0
Saskatchewan OBPS;ETS;1996;;;0,0
Saskatchewan OBPS;ETS;1997;;;0,0
Saskatchewan OBPS;ETS;1998;;;0,0
Saskatchewan OBPS;ETS;1999;;;0,0
Saskatchewan OBPS;ETS;2000;;;0,0
Saskatchewan OBPS;ETS;2001;;;0,0
Saskatchewan OBPS;ETS;2002;;;0,0
Saskatchewan OBPS;ETS;2003;;;0,0
Saskatchewan OBPS;ETS;2004;;;0,0
Saskatchewan OBPS;ETS;2005;;;0,0
Saskatchewan OBPS;ETS;2006;;;0,0
Saskatchewan OBPS;ETS;2007;;;0,0
Saskatchewan OBPS;ETS;2008;;;0,0
Saskatchewan OBPS;ETS;2009;;;0,0
Saskatchewan OBPS;ETS;2010;;;0,0
Saskatchewan OBPS;ETS;2011;;;0,0
Saskatchewan OBPS;ETS;2012;;;0,0
Saskatchewan OBPS;ETS;2013;;;0,0
Saskatchewan OBPS;ETS;2014;;;0,0
Saskatchewan OBPS;ETS;2015;;;0,0
Saskatchewan OBPS;ETS;2016;;;0,0
Saskatchewan OBPS;ETS;2017;;;0,0
Saskatchewan OBPS;ETS;2018;;;0,0
Saskatchewan OBPS;ETS;2019;;;0,0006344701989873463
Saskatchewan OBPS;ETS;2020;;;0,0005708472393109581
Saskatchewan OBPS;ETS;2026;;;0,0
Shanghai pilot ETS;ETS;1990;;;0,0
Shanghai pilot ETS;ETS;1991;;;0,0
Shanghai pilot ETS;ETS;1992;;;0,0
Shanghai pilot ETS;ETS;1993;;;0,0
Shanghai pilot ETS;ETS;1994;;;0,0
Shanghai pilot ETS;ETS;1995;;;0,0
Shanghai pilot ETS;ETS;1996;;;0,0
Shanghai pilot ETS;ETS;1997;;;0,0
Shanghai pilot ETS;ETS;1998;;;0,0
Shanghai pilot ETS;ETS;1999;;;0,0
Shanghai pilot ETS;ETS;2000;;;0,0
Shanghai pilot ETS;ETS;2001;;;0,0
Shanghai pilot ETS;ETS;2002;;;0,0
Shanghai pilot ETS;ETS;2003;;;0,0
Shanghai pilot ETS;ETS;2004;;;0,0
Shanghai pilot ETS;ETS;2005;;;0,0
Shanghai pilot ETS;ETS;2006;;;0,0
Shanghai pilot ETS;ETS;2007;;;0,0
Shanghai pilot ETS;ETS;2008;;;0,0
Shanghai pilot ETS;ETS;2009;;;0,0
Shanghai pilot ETS;ETS;2010;;;0,0
Shanghai pilot ETS;ETS;2011;;;0,0
Shanghai pilot ETS;ETS;2012;;;0,0
Shenzhen pilot ETS;ETS;1990;;;0,0
Shenzhen pilot ETS;ETS;1991;;;0,0
Shenzhen pilot ETS;ETS;1992;;;0,0
Shenzhen pilot ETS;ETS;1993;;;0,0
Shenzhen pilot ETS;ETS;1994;;;0,0
Shenzhen pilot ETS;ETS;1995;;;0,0
Shenzhen pilot ETS;ETS;1996;;;0,0
Shenzhen pilot ETS;ETS;1997;;;0,0
Shenzhen pilot ETS;ETS;1998;;;0,0
Shenzhen pilot ETS;ETS;1999;;;0,0
Shenzhen pilot ETS;ETS;2000;;;0,0
Shenzhen pilot ETS;ETS;2001;;;0,0
Shenzhen pilot ETS;ETS;2002;;;0,0
Shenzhen pilot ETS;ETS;2003;;;0,0
Shenzhen pilot ETS;ETS;2004;;;0,0
Shenzhen pilot ETS;ETS;2005;;;0,0
Shenzhen pilot ETS;ETS;2006;;;0,0
Shenzhen pilot ETS;ETS;2007;;;0,0
Shenzhen pilot ETS;ETS;2008;;;0,0
Shenzhen pilot ETS;ETS;2009;;;0,0
Shenzhen pilot ETS;ETS;2010;;;0,0
Shenzhen pilot ETS;ETS;2011;;;0,0
Shenzhen pilot ETS;ETS;2012;;;0,0
Singapore carbon tax;Taxas de Carbono;1990;;;0,0
Singapore carbon tax;Taxas de Carbono;1991;;;0,0
Singapore carbon tax;Taxas de Carbono;1992;;;0,0
Singapore carbon tax;Taxas de Carbono;1993;;;0,0
Singapore carbon tax;Taxas de Carbono;1994;;;0,0
Singapore carbon tax;Taxas de Carbono;1995;;;0,0
Singapore carbon tax;Taxas de Carbono;1996;;;0,0
Singapore carbon tax;Taxas de Carbono;1997;;;0,0
Singapore carbon tax;Taxas de Carbono;1998;;;0,0
Singapore carbon tax;Taxas de Carbono;1999;;;0,0
Singapore carbon tax;Taxas de Carbono;2000;;;0,0
Singapore carbon tax;Taxas de Carbono;2001;;;0,0
Singapore carbon tax;Taxas de Carbono;2002;;;0,0
Singapore carbon tax;Taxas de Carbono;2003;;;0,0
Singapore carbon tax;Taxas de Carbono;2004;;;0,0
Singapore carbon tax;Taxas de Carbono;2005;;;0,0
Singapore carbon tax;Taxas de Carbono;2006;;;0,0
Singapore carbon tax;Taxas de Carbono;2007;;;0,0
Singapore carbon tax;Taxas de Carbono;2008;;;0,0
Singapore carbon tax;Taxas de Carbono;2009;;;0,0
Singapore carbon tax;Taxas de Carbono;2010;;;0,0
Singapore carbon tax;Taxas de Carbono;2011;;;0,0
Singapore carbon tax;Taxas de Carbono;2012;;;0,0
Singapore carbon tax;Taxas de Carbono;2013;;;0,0
Singapore carbon tax;Taxas de Carbono;2014;;;0,0
Singapore carbon tax;Taxas de Carbono;2015;;;0,0
Singapore carbon tax;Taxas de Carbono;2016;;;0,0
Singapore carbon tax;Taxas de Carbono;2017;;;0,0
Singapore carbon tax;Taxas de Carbono;2018;;;0,0
Slovenia carbon tax;Taxas de Carbono;1990;;;0,0
Slovenia carbon tax;Taxas de Carbono;1991;;;0,0
Slovenia carbon tax;Taxas de Carbono;1992;;;0,0
Slovenia carbon tax;Taxas de Carbono;1993;;;0,0
Slovenia carbon tax;Taxas de Carbono;1994;;;0,0
Slovenia carbon tax;Taxas de Carbono;1995;;;0,0
South Africa carbon tax;Taxas de Carbono;1990;;;0,0
South Africa carbon tax;Taxas de Carbono;1991;;;0,0
South Africa carbon tax;Taxas de Carbono;1992;;;0,0
South Africa carbon tax;Taxas de Carbono;1993;;;0,0
South Africa carbon tax;Taxas de Carbono;1994;;;0,0
South Africa carbon tax;Taxas de Carbono;1995;;;0,0
South Africa carbon tax;Taxas de Carbono;1996;;;0,0
South Africa carbon tax;Taxas de Carbono;1997;;;0,0
South Africa carbon tax;Taxas de Carbono;1998;;;0,0
South Africa carbon tax;Taxas de Carbono;1999;;;0,0
South Africa carbon tax;Taxas de Carbono;2000;;;0,0
South Africa carbon tax;Taxas de Carbono;2001;;;0,0
South Africa carbon tax;Taxas de Carbono;2002;;;0,0
South Africa carbon tax;Taxas de Carbono;2003;;;0,0
South Africa carbon tax;Taxas de Carbono;2004;;;0,0
South Africa carbon tax;Taxas de Carbono;2005;;;0,0
South Africa carbon tax;Taxas de Carbono;2006;;;0,0
South Africa carbon tax;Taxas de Carbono;2007;;;0,0
South Africa carbon tax;Taxas de Carbono;2008;;;0,0
South Africa carbon tax;Taxas de Carbono;2009;;;0,0
South Africa carbon tax;Taxas de Carbono;2010;;;0,0
South Africa carbon tax;Taxas de Carbono;2011;;;0,0
South Africa carbon tax;Taxas de Carbono;2012;;;0,0
South Africa carbon tax;Taxas de Carbono;2013;;;0,0
South Africa carbon tax;Taxas de Carbono;2014;;;0,0
South Africa carbon tax;Taxas de Carbono;2015;;;0,0
South Africa carbon tax;Taxas de Carbono;2016;;;0,0
South Africa carbon tax;Taxas de Carbono;2017;;;0,0
South Africa carbon tax;Taxas de Carbono;2018;;;0,0
South Africa carbon tax;Taxas de Carbono;2019;;;0,009755211952276951
Spain carbon tax;Taxas de Carbono;1990;;;0,0
Spain carbon tax;Taxas de Carbono;1991;;;0,0
Spain carbon tax;Taxas de Carbono;1992;;;0,0
Spain carbon tax;Taxas de Carbono;1993;;;0,0
Spain carbon tax;Taxas de Carbono;1994;;;0,0
Spain carbon tax;Taxas de Carbono;1995;;;0,0
Spain carbon tax;Taxas de Carbono;1996;;;0,0
Spain carbon tax;Taxas de Carbono;1997;;;0,0
Spain carbon tax;Taxas de Carbono;1998;;;0,0
Spain carbon tax;Taxas de Carbono;1999;;;0,0
Spain carbon tax;Taxas de Carbono;2000;;;0,0
Spain carbon tax;Taxas de Carbono;2001;;;0,0
Spain carbon tax;Taxas de Carbono;2002;;;0,0
Spain carbon tax;Taxas de Carbono;2003;;;0,0
Spain carbon tax;Taxas de Carbono;2004;;;0,0
Spain carbon tax;Taxas de Carbono;2005;;;0,0
Spain carbon tax;Taxas de Carbono;2006;;;0,0
Spain carbon tax;Taxas de Carbono;2007;;;0,0
Spain carbon tax;Taxas de Carbono;2008;;;0,0
Spain carbon tax;Taxas de Carbono;2009;;;0,0
Spain carbon tax;Taxas de Carbono;2010;;;0,0
Spain carbon tax;Taxas de Carbono;2011;;;0,0
Spain carbon tax;Taxas de Carbono;2012;;;0,0
Spain carbon tax;Taxas de Carbono;2013;;;0,0
State of Mexico carbon tax;Taxas de Carbono;1990;;;0,0
State of Mexico carbon tax;Taxas de Carbono;1991;;;0,0
State of Mexico carbon tax;Taxas de Carbono;1992;;;0,0
State of Mexico carbon tax;Taxas de Carbono;1993;;;0,0
State of Mexico carbon tax;Taxas de Carbono;1994;;;0,0
State of Mexico carbon tax;Taxas de Carbono;1995;;;0,0
State of Mexico carbon tax;Taxas de Carbono;1996;;;0,0
State of Mexico carbon tax;Taxas de Carbono;1997;;;0,0
State of Mexico carbon tax;Taxas de Carbono;1998;;;0,0
State of Mexico carbon tax;Taxas de Carbono;1999;;;0,0
State of Mexico carbon tax;Taxas de Carbono;2000;;;0,0
State of Mexico carbon tax;Taxas de Carbono;2001;;;0,0
State of Mexico carbon tax;Taxas de Carbono;2002;;;0,0
State of Mexico carbon tax;Taxas de Carbono;2003;;;0,0
State of Mexico carbon tax;Taxas de Carbono;2004;;;0,0
State of Mexico carbon tax;Taxas de Carbono;2005;;;0,0
State of Mexico carbon tax;Taxas de Carbono;2006;;;0,0
State of Mexico carbon tax;Taxas de Carbono;2007;;;0,0
State of Mexico carbon tax;Taxas de Carbono;2008;;;0,0
State of Mexico carbon tax;Taxas de Carbono;2009;;;0,0
State of Mexico carbon tax;Taxas de Carbono;2010;;;0,0
State of Mexico carbon tax;Taxas de Carbono;2011;;;0,0
State of Mexico carbon tax;Taxas de Carbono;2012;;;0,0
State of Mexico carbon tax;Taxas de Carbono;2013;;;0,0
State of Mexico carbon tax;Taxas de Carbono;2014;;;0,0
State of Mexico carbon tax;Taxas de Carbono;2015;;;0,0
State of Mexico carbon tax;Taxas de Carbono;2016;;;0,0
State of Mexico carbon tax;Taxas de Carbono;2017;;;0,0
State of Mexico carbon tax;Taxas de Carbono;2018;;;0,0
State of Mexico carbon tax;Taxas de Carbono;2019;;;0,0
State of Mexico carbon tax;Taxas de Carbono;2020;;;0,0
State of Mexico carbon tax;Taxas de Carbono;2021;;;0,0
State of Mexico carbon tax;Taxas de Carbono;2022;;;0,0
Sweden carbon tax;Taxas de Carbono;1990;;;0,0
Switzerland carbon tax;Taxas de Carbono;1990;;;0,0
Switzerland carbon tax;Taxas de Carbono;1991;;;0,0
Switzerland carbon tax;Taxas de Carbono;1992;;;0,0
Switzerland carbon tax;Taxas de Carbono;1993;;;0,0
Switzerland carbon tax;Taxas de Carbono;1994;;;0,0
Switzerland carbon tax;Taxas de Carbono;1995;;;0,0
Switzerland carbon tax;Taxas de Carbono;1996;;;0,0
Switzerland carbon tax;Taxas de Carbono;1997;;;0,0
Switzerland carbon tax;Taxas de Carbono;1998;;;0,0
Switzerland carbon tax;Taxas de Carbono;1999;;;0,0
Switzerland carbon tax;Taxas de Carbono;2000;;;0,0
Switzerland carbon tax;Taxas de Carbono;2001;;;0,0
Switzerland carbon tax;Taxas de Carbono;2002;;;0,0
Switzerland carbon tax;Taxas de Carbono;2003;;;0,0
Switzerland carbon tax;Taxas de Carbono;2004;;;0,0
Switzerland carbon tax;Taxas de Carbono;2005;;;0,0
Switzerland carbon tax;Taxas de Carbono;2006;;;0,0
Switzerland carbon tax;Taxas de Carbono;2007;;;0,0
Switzerland ETS;ETS;1990;;;0,0
Switzerland ETS;ETS;1991;;;0,0
Switzerland ETS;ETS;1992;;;0,0
Switzerland ETS;ETS;1993;;;0,0
Switzerland ETS;ETS;1994;;;0,0
Switzerland ETS;ETS;1995;;;0,0
Switzerland ETS;ETS;1996;;;0,0
Switzerland ETS;ETS;1997;;;0,0
Switzerland ETS;ETS;1998;;;0,0
Switzerland ETS;ETS;1999;;;0,0
Switzerland ETS;ETS;2000;;;0,0
Switzerland ETS;ETS;2001;;;0,0
Switzerland ETS;ETS;2002;;;0,0
Switzerland ETS;ETS;2003;;;0,0
Switzerland ETS;ETS;2004;;;0,0
Switzerland ETS;ETS;2005;;;0,0
Switzerland ETS;ETS;2006;;;0,0
Switzerland ETS;ETS;2007;;;0,0
Taiwan, China carbon fee;Taxas de Carbono;1990;;;0,0
Taiwan, China carbon fee;Taxas de Carbono;1991;;;0,0
Taiwan, China carbon fee;Taxas de Carbono;1992;;;0,0
Taiwan, China carbon fee;Taxas de Carbono;1993;;;0,0
Taiwan, China carbon fee;Taxas de Carbono;1994;;;0,0
Taiwan, China carbon fee;Taxas de Carbono;1995;;;0,0
Taiwan, China carbon fee;Taxas de Carbono;1996;;;0,0
Taiwan, China carbon fee;Taxas de Carbono;1997;;;0,0
Taiwan, China carbon fee;Taxas de Carbono;1998;;;0,0
Taiwan, China carbon fee;Taxas de Carbono;1999;;;0,0
Taiwan, China carbon fee;Taxas de Carbono;2000;;;0,0
Taiwan, China carbon fee;Taxas de Carbono;2001;;;0,0
Taiwan, China carbon fee;Taxas de Carbono;2002;;;0,0
Taiwan, China carbon fee;Taxas de Carbono;2003;;;0,0
Taiwan, China carbon fee;Taxas de Carbono;2004;;;0,0
Taiwan, China carbon fee;Taxas de Carbono;2005;;;0,0
Taiwan, China carbon fee;Taxas de Carbono;2006;;;0,0
Taiwan, China carbon fee;Taxas de Carbono;2007;;;0,0
Taiwan, China carbon fee;Taxas de Carbono;2008;;;0,0
Taiwan, China carbon fee;Taxas de Carbono;2009;;;0,0
Taiwan, China carbon fee;Taxas de Carbono;2010;;;0,0
Taiwan, China carbon fee;Taxas de Carbono;2011;;;0,0
Taiwan, China carbon fee;Taxas de Carbono;2012;;;0,0
Taiwan, China carbon fee;Taxas de Carbono;2013;;;0,0
Taiwan, China carbon fee;Taxas de Carbono;2014;;;0,0
Taiwan, China carbon fee;Taxas de Carbono;2015;;;0,0
Taiwan, China carbon fee;Taxas de Carbono;2016;;;0,0
Taiwan, China carbon fee;Taxas de Carbono;2017;;;0,0
Taiwan, China carbon fee;Taxas de Carbono;2018;;;0,0
Taiwan, China carbon fee;Taxas de Carbono;2020;;;0,0
Taiwan, China carbon fee;Taxas de Carbono;2021;;;0,0
Taiwan, China carbon fee;Taxas de Carbono;2022;;;0,0
Taiwan, China carbon fee;Taxas de Carbono;2023;;;0,0
Tamaulipas carbon tax;Taxas de Carbono;1990;;;0,0
Tamaulipas carbon tax;Taxas de Carbono;1991;;;0,0
Tamaulipas carbon tax;Taxas de Carbono;1992;;;0,0
Tamaulipas carbon tax;Taxas de Carbono;1993;;;0,0
Tamaulipas carbon tax;Taxas de Carbono;1994;;;0,0
Tamaulipas carbon tax;Taxas de Carbono;1995;;;0,0
Tamaulipas carbon tax;Taxas de Carbono;1996;;;0,0
Tamaulipas carbon tax;Taxas de Carbono;1997;;;0,0
Tamaulipas carbon tax;Taxas de Carbono;1998;;;0,0
Tamaulipas carbon tax;Taxas de Carbono;1999;;;0,0
Tamaulipas carbon tax;Taxas de Carbono;2000;;;0,0
Tamaulipas carbon tax;Taxas de Carbono;2001;;;0,0
Tamaulipas carbon tax;Taxas de Carbono;2002;;;0,0
Tamaulipas carbon tax;Taxas de Carbono;2003;;;0,0
Tamaulipas carbon tax;Taxas de Carbono;2004;;;0,0
Tamaulipas carbon tax;Taxas de Carbono;2005;;;0,0
Tamaulipas carbon tax;Taxas de Carbono;2006;;;0,0
Tamaulipas carbon tax;Taxas de Carbono;2007;;;0,0
Tamaulipas carbon tax;Taxas de Carbono;2008;;;0,0
Tamaulipas carbon tax;Taxas de Carbono;2009;;;0,0
Tamaulipas carbon tax;Taxas de Carbono;2010;;;0,0
Tamaulipas carbon tax;Taxas de Carbono;2011;;;0,0
Tamaulipas carbon tax;Taxas de Carbono;2012;;;0,0
Tamaulipas carbon tax;Taxas de Carbono;2013;;;0,0
Tamaulipas carbon tax;Taxas de Carbono;2014;;;0,0
Tamaulipas carbon tax;Taxas de Carbono;2015;;;0,0
Tamaulipas carbon tax;Taxas de Carbono;2016;;;0,0
Tamaulipas carbon tax;Taxas de Carbono;2017;;;0,0
Tamaulipas carbon tax;Taxas de Carbono;2018;;;0,0
Tamaulipas carbon tax;Taxas de Carbono;2019;;;0,0
Tamaulipas carbon tax;Taxas de Carbono;2020;;;0,0
Tamaulipas carbon tax;Taxas de Carbono;2021;;;0,0
Tianjin pilot ETS;ETS;1990;;;0,0
Tianjin pilot ETS;ETS;1991;;;0,0
Tianjin pilot ETS;ETS;1992;;;0,0
Tianjin pilot ETS;ETS;1993;;;0,0
Tianjin pilot ETS;ETS;1994;;;0,0
Tianjin pilot ETS;ETS;1995;;;0,0
Tianjin pilot ETS;ETS;1996;;;0,0
Tianjin pilot ETS;ETS;1997;;;0,0
Tianjin pilot ETS;ETS;1998;;;0,0
Tianjin pilot ETS;ETS;1999;;;0,0
Tianjin pilot ETS;ETS;2000;;;0,0
Tianjin pilot ETS;ETS;2001;;;0,0
Tianjin pilot ETS;ETS;2002;;;0,0
Tianjin pilot ETS;ETS;2003;;;0,0
Tianjin pilot ETS;ETS;2004;;;0,0
Tianjin pilot ETS;ETS;2005;;;0,0
Tianjin pilot ETS;ETS;2006;;;0,0
Tianjin pilot ETS;ETS;2007;;;0,0
Tianjin pilot ETS;ETS;2008;;;0,0
Tianjin pilot ETS;ETS;2009;;;0,0
Tianjin pilot ETS;ETS;2010;;;0,0
Tianjin pilot ETS;ETS;2011;;;0,0
Tianjin pilot ETS;ETS;2012;;;0,0
Tokyo CaT;ETS;1990;;;0,0
Tokyo CaT;ETS;1991;;;0,0
Tokyo CaT;ETS;1992;;;0,0
Tokyo CaT;ETS;1993;;;0,0
Tokyo CaT;ETS;1994;;;0,0
Tokyo CaT;ETS;1995;;;0,0
Tokyo CaT;ETS;1996;;;0,0
Tokyo CaT;ETS;1997;;;0,0
Tokyo CaT;ETS;1998;;;0,0
Tokyo CaT;ETS;1999;;;0,0
Tokyo CaT;ETS;2000;;;0,0
Tokyo CaT;ETS;2001;;;0,0
Tokyo CaT;ETS;2002;;;0,0
Tokyo CaT;ETS;2003;;;0,0
Tokyo CaT;ETS;2004;;;0,0
Tokyo CaT;ETS;2005;;;0,0
Tokyo CaT;ETS;2006;;;0,0
Tokyo CaT;ETS;2007;;;0,0
Tokyo CaT;ETS;2008;;;0,0
Tokyo CaT;ETS;2009;;;0,0
Ukraine carbon tax;Taxas de Carbono;1990;;;0,0
Ukraine carbon tax;Taxas de Carbono;1991;;;0,0
Ukraine carbon tax;Taxas de Carbono;1992;;;0,0
Ukraine carbon tax;Taxas de Carbono;1993;;;0,0
Ukraine carbon tax;Taxas de Carbono;1994;;;0,0
Ukraine carbon tax;Taxas de Carbono;1995;;;0,0
Ukraine carbon tax;Taxas de Carbono;1996;;;0,0
Ukraine carbon tax;Taxas de Carbono;1997;;;0,0
Ukraine carbon tax;Taxas de Carbono;1998;;;0,0
Ukraine carbon tax;Taxas de Carbono;1999;;;0,0
Ukraine carbon tax;Taxas de Carbono;2000;;;0,0
Ukraine carbon tax;Taxas de Carbono;2001;;;0,0
Ukraine carbon tax;Taxas de Carbono;2002;;;0,0
Ukraine carbon tax;Taxas de Carbono;2003;;;0,0
Ukraine carbon tax;Taxas de Carbono;2004;;;0,0
Ukraine carbon tax;Taxas de Carbono;2005;;;0,0
Ukraine carbon tax;Taxas de Carbono;2006;;;0,0
Ukraine carbon tax;Taxas de Carbono;2007;;;0,0
Ukraine carbon tax;Taxas de Carbono;2008;;;0,0
Ukraine carbon tax;Taxas de Carbono;2009;;;0,0
Ukraine carbon tax;Taxas de Carbono;2010;;;0,0
Ukraine carbon tax;Taxas de Carbono;2011;;;0,00301577134863011
Ukraine carbon tax;Taxas de Carbono;2012;;;0,002912253240566953
Ukraine carbon tax;Taxas de Carbono;2013;;;0,0028096991777638515
Ukraine carbon tax;Taxas de Carbono;2014;;;0,002452330134030199
Ukraine carbon tax;Taxas de Carbono;2015;;;0,0020927060890140407
UK Carbon Price Support;Taxas de Carbono;1990;;;0,0
UK Carbon Price Support;Taxas de Carbono;1991;;;0,0
UK Carbon Price Support;Taxas de Carbono;1992;;;0,0
UK Carbon Price Support;Taxas de Carbono;1993;;;0,0
UK Carbon Price Support;Taxas de Carbono;1994;;;0,0
UK Carbon Price Support;Taxas de Carbono;1995;;;0,0
UK Carbon Price Support;Taxas de Carbono;1996;;;0,0
UK Carbon Price Support;Taxas de Carbono;1997;;;0,0
UK Carbon Price Support;Taxas de Carbono;1998;;;0,0
UK Carbon Price Support;Taxas de Carbono;1999;;;0,0
UK Carbon Price Support;Taxas de Carbono;2000;;;0,0
UK Carbon Price Support;Taxas de Carbono;2001;;;0,0
UK Carbon Price Support;Taxas de Carbono;2002;;;0,0
UK Carbon Price Support;Taxas de Carbono;2003;;;0,0
UK Carbon Price Support;Taxas de Carbono;2004;;;0,0
UK Carbon Price Support;Taxas de Carbono;2005;;;0,0
UK Carbon Price Support;Taxas de Carbono;2006;;;0,0
UK Carbon Price Support;Taxas de Carbono;2007;;;0,0
UK Carbon Price Support;Taxas de Carbono;2008;;;0,0
UK Carbon Price Support;Taxas de Carbono;2009;;;0,0
UK Carbon Price Support;Taxas de Carbono;2010;;;0,0
UK Carbon Price Support;Taxas de Carbono;2011;;;0,0
UK Carbon Price Support;Taxas de Carbono;2012;;;0,0
UK ETS;ETS;1990;;;0,0
UK ETS;ETS;1991;;;0,0
UK ETS;ETS;1992;;;0,0
UK ETS;ETS;1993;;;0,0
UK ETS;ETS;1994;;;0,0
UK ETS;ETS;1995;;;0,0
UK ETS;ETS;1996;;;0,0
UK ETS;ETS;1997;;;0,0
UK ETS;ETS;1998;;;0,0
UK ETS;ETS;1999;;;0,0
UK ETS;ETS;2000;;;0,0
UK ETS;ETS;2001;;;0,0
UK ETS;ETS;2002;;;0,0
UK ETS;ETS;2003;;;0,0
UK ETS;ETS;2004;;;0,0
UK ETS;ETS;2005;;;0,0
UK ETS;ETS;2006;;;0,0
UK ETS;ETS;2007;;;0,0
UK ETS;ETS;2008;;;0,0
UK ETS;ETS;2009;;;0,0
UK ETS;ETS;2010;;;0,0
UK ETS;ETS;2011;;;0,0
UK ETS;ETS;2012;;;0,0
UK ETS;ETS;2013;;;0,0
UK ETS;ETS;2014;;;0,0
UK ETS;ETS;2015;;;0,0
UK ETS;ETS;2016;;;0,0
UK ETS;ETS;2017;;;0,0
UK ETS;ETS;2018;;;0,0
UK ETS;ETS;2019;;;0,0
UK ETS;ETS;2020;;;0,0
Uruguay CO2 tax;Taxas de Carbono;1990;;;0,0
Uruguay CO2 tax;Taxas de Carbono;1991;;;0,0
Uruguay CO2 tax;Taxas de Carbono;1992;;;0,0
Uruguay CO2 tax;Taxas de Carbono;1993;;;0,0
Uruguay CO2 tax;Taxas de Carbono;1994;;;0,0
Uruguay CO2 tax;Taxas de Carbono;1995;;;0,0
Uruguay CO2 tax;Taxas de Carbono;1996;;;0,0
Uruguay CO2 tax;Taxas de Carbono;1997;;;0,0
Uruguay CO2 tax;Taxas de Carbono;1998;;;0,0
Uruguay CO2 tax;Taxas de Carbono;1999;;;0,0
Uruguay CO2 tax;Taxas de Carbono;2000;;;0,0
Uruguay CO2 tax;Taxas de Carbono;2001;;;0,0
Uruguay CO2 tax;Taxas de Carbono;2002;;;0,0
Uruguay CO2 tax;Taxas de Carbono;2003;;;0,0
Uruguay CO2 tax;Taxas de Carbono;2004;;;0,0
Uruguay CO2 tax;Taxas de Carbono;2005;;;0,0
Uruguay CO2 tax;Taxas de Carbono;2006;;;0,0
Uruguay CO2 tax;Taxas de Carbono;2007;;;0,0
Uruguay CO2 tax;Taxas de Carbono;2008;;;0,0
Uruguay CO2 tax;Taxas de Carbono;2009;;;0,0
Uruguay CO2 tax;Taxas de Carbono;2010;;;0,0
Uruguay CO2 tax;Taxas de Carbono;2011;;;0,0
Uruguay CO2 tax;Taxas de Carbono;2012;;;0,0
Uruguay CO2 tax;Taxas de Carbono;2013;;;0,0
Uruguay CO2 tax;Taxas de Carbono;2014;;;0,0
Uruguay CO2 tax;Taxas de Carbono;2015;;;0,0
Uruguay CO2 tax;Taxas de Carbono;2016;;;0,0
Uruguay CO2 tax;Taxas de Carbono;2017;;;0,0
Uruguay CO2 tax;Taxas de Carbono;2018;;;0,0
Uruguay CO2 tax;Taxas de Carbono;2019;;;0,0
Uruguay CO2 tax;Taxas de Carbono;2020;;;0,0
Uruguay CO2 tax;Taxas de Carbono;2021;;;0,0
Viet Nam ETS;ETS;1990;;;0,0
Viet Nam ETS;ETS;1991;;;0,0
Viet Nam ETS;ETS;1992;;;0,0
Viet Nam ETS;ETS;1993;;;0,0
Viet Nam ETS;ETS;1994;;;0,0
Viet Nam ETS;ETS;1995;;;0,0
Viet Nam ETS;ETS;1996;;;0,0
Viet Nam ETS;ETS;1997;;;0,0
Viet Nam ETS;ETS;1998;;;0,0
Viet Nam ETS;ETS;1999;;;0,0
Viet Nam ETS;ETS;2000;;;0,0
Viet Nam ETS;ETS;2001;;;0,0
Viet Nam ETS;ETS;2002;;;0,0
Viet Nam ETS;ETS;2003;;;0,0
Viet Nam ETS;ETS;2004;;;0,0
Viet Nam ETS;ETS;2005;;;0,0
Viet Nam ETS;ETS;2006;;;0,0
Viet Nam ETS;ETS;2007;;;0,0
Viet Nam ETS;ETS;2008;;;0,0
Viet Nam ETS;ETS;2009;;;0,0
Viet Nam ETS;ETS;2010;;;0,0
Viet Nam ETS;ETS;2011;;;0,0
Viet Nam ETS;ETS;2012;;;0,0
Viet Nam ETS;ETS;2013;;;0,0
Viet Nam ETS;ETS;2014;;;0,0
Viet Nam ETS;ETS;2015;;;0,0
Viet Nam ETS;ETS;2016;;;0,0
Viet Nam ETS;ETS;2017;;;0,0
Viet Nam ETS;ETS;2018;;;0,0
Viet Nam ETS;ETS;2019;;;0,0
Viet Nam ETS;ETS;2020;;;0,0
Viet Nam ETS;ETS;2021;;;0,0
Viet Nam ETS;ETS;2023;;;0,0
Viet Nam ETS;ETS;2025;;;0,00456898220729467
Viet Nam ETS;ETS;2026;;;0,005044487168602639
Washington CCA;ETS;1990;;;0,0
Washington CCA;ETS;1991;;;0,0
Washington CCA;ETS;1992;;;0,0
Washington CCA;ETS;1993;;;0,0
Washington CCA;ETS;1994;;;0,0
Washington CCA;ETS;1995;;;0,0
Washington CCA;ETS;1996;;;0,0
Washington CCA;ETS;1997;;;0,0
Washington CCA;ETS;1998;;;0,0
Washington CCA;ETS;1999;;;0,0
Washington CCA;ETS;2000;;;0,0
Washington CCA;ETS;2001;;;0,0
Washington CCA;ETS;2002;;;0,0
Washington CCA;ETS;2003;;;0,0
Washington CCA;ETS;2004;;;0,0
Washington CCA;ETS;2005;;;0,0
Washington CCA;ETS;2006;;;0,0
Washington CCA;ETS;2007;;;0,0
Washington CCA;ETS;2008;;;0,0
Washington CCA;ETS;2009;;;0,0
Washington CCA;ETS;2010;;;0,0
Washington CCA;ETS;2011;;;0,0
Washington CCA;ETS;2012;;;0,0
Washington CCA;ETS;2013;;;0,0
Washington CCA;ETS;2014;;;0,0
Washington CCA;ETS;2015;;;0,0
Washington CCA;ETS;2016;;;0,0
Washington CCA;ETS;2017;;;0,0
Washington CCA;ETS;2018;;;0,0
Washington CCA;ETS;2019;;;0,0
Washington CCA;ETS;2020;;;0,0
Washington CCA;ETS;2021;;;0,0
Washington CCA;ETS;2022;;;0,0
Yucatan carbon tax;Taxas de Carbono;1990;;;0,0
Yucatan carbon tax;Taxas de Carbono;1991;;;0,0
Yucatan carbon tax;Taxas de Carbono;1992;;;0,0
Yucatan carbon tax;Taxas de Carbono;1993;;;0,0
Yucatan carbon tax;Taxas de Carbono;1994;;;0,0
Yucatan carbon tax;Taxas de Carbono;1995;;;0,0
Yucatan carbon tax;Taxas de Carbono;1996;;;0,0
Yucatan carbon tax;Taxas de Carbono;1997;;;0,0
Yucatan carbon tax;Taxas de Carbono;1998;;;0,0
Yucatan carbon tax;Taxas de Carbono;1999;;;0,0
Yucatan carbon tax;Taxas de Carbono;2000;;;0,0
Yucatan carbon tax;Taxas de Carbono;2001;;;0,0
Yucatan carbon tax;Taxas de Carbono;2002;;;0,0
Yucatan carbon tax;Taxas de Carbono;2003;;;0,0
Yucatan carbon tax;Taxas de Carbono;2004;;;0,0
Yucatan carbon tax;Taxas de Carbono;2005;;;0,0
Yucatan carbon tax;Taxas de Carbono;2006;;;0,0
Yucatan carbon tax;Taxas de Carbono;2007;;;0,0
Yucatan carbon tax;Taxas de Carbono;2008;;;0,0
Yucatan carbon tax;Taxas de Carbono;2009;;;0,0
Yucatan carbon tax;Taxas de Carbono;2010;;;0,0
Yucatan carbon tax;Taxas de Carbono;2011;;;0,0
Yucatan carbon tax;Taxas de Carbono;2012;;;0,0
Yucatan carbon tax;Taxas de Carbono;2013;;;0,0
Yucatan carbon tax;Taxas de Carbono;2014;;;0,0
Yucatan carbon tax;Taxas de Carbono;2015;;;0,0
Yucatan carbon tax;Taxas de Carbono;2016;;;0,0
Yucatan carbon tax;Taxas de Carbono;2017;;;0,0
Yucatan carbon tax;Taxas de Carbono;2018;;;0,0
Yucatan carbon tax;Taxas de Carbono;2019;;;0,0
Yucatan carbon tax;Taxas de Carbono;2020;;;0,0
Yucatan carbon tax;Taxas de Carbono;2021;;;0,0
Zacatecas carbon tax;Taxas de Carbono;1990;;;0,0
Zacatecas carbon tax;Taxas de Carbono;1991;;;0,0
Zacatecas carbon tax;Taxas de Carbono;1992;;;0,0
Zacatecas carbon tax;Taxas de Carbono;1993;;;0,0
Zacatecas carbon tax;Taxas de Carbono;1994;;;0,0
Zacatecas carbon tax;Taxas de Carbono;1995;;;0,0
Zacatecas carbon tax;Taxas de Carbono;1996;;;0,0
Zacatecas carbon tax;Taxas de Carbono;1997;;;0,0
Zacatecas carbon tax;Taxas de Carbono;1998;;;0,0
Zacatecas carbon tax;Taxas de Carbono;1999;;;0,0
Zacatecas carbon tax;Taxas de Carbono;2000;;;0,0
Zacatecas carbon tax;Taxas de Carbono;2001;;;0,0
Zacatecas carbon tax;Taxas de Carbono;2002;;;0,0
Zacatecas carbon tax;Taxas de Carbono;2003;;;0,0
Zacatecas carbon tax;Taxas de Carbono;2004;;;0,0
Zacatecas carbon tax;Taxas de Carbono;2005;;;0,0
Zacatecas carbon tax;Taxas de Carbono;2006;;;0,0
Zacatecas carbon tax;Taxas de Carbono;2007;;;0,0
Zacatecas carbon tax;Taxas de Carbono;2008;;;0,0
Zacatecas carbon tax;Taxas de Carbono;2009;;;0,0
Zacatecas carbon tax;Taxas de Carbono;2010;;;0,0
Zacatecas carbon tax;Taxas de Carbono;2011;;;0,0
Zacatecas carbon tax;Taxas de Carbono;2012;;;0,0
Zacatecas carbon tax;Taxas de Carbono;2013;;;0,0
Zacatecas carbon tax;Taxas de Carbono;2014;;;0,0
Zacatecas carbon tax;Taxas de Carbono;2015;;;0,0
Zacatecas carbon tax;Taxas de Carbono;2016;;;0,0
Serbia carbon tax;Taxas de Carbono;1990;;;0,0
Serbia carbon tax;Taxas de Carbono;1991;;;0,0
Serbia carbon tax;Taxas de Carbono;1992;;;0,0
Serbia carbon tax;Taxas de Carbono;1993;;;0,0
Serbia carbon tax;Taxas de Carbono;1994;;;0,0
Serbia carbon tax;Taxas de Carbono;1995;;;0,0
Serbia carbon tax;Taxas de Carbono;1996;;;0,0
Serbia carbon tax;Taxas de Carbono;1997;;;0,0
Serbia carbon tax;Taxas de Carbono;1998;;;0,0
Serbia carbon tax;Taxas de Carbono;1999;;;0,0
Serbia carbon tax;Taxas de Carbono;2000;;;0,0
Serbia carbon tax;Taxas de Carbono;2001;;;0,0
Serbia carbon tax;Taxas de Carbono;2002;;;0,0
Serbia carbon tax;Taxas de Carbono;2003;;;0,0
Serbia carbon tax;Taxas de Carbono;2004;;;0,0
Serbia carbon tax;Taxas de Carbono;2005;;;0,0
Serbia carbon tax;Taxas de Carbono;2006;;;0,0
Serbia carbon tax;Taxas de Carbono;2007;;;0,0
Serbia carbon tax;Taxas de Carbono;2008;;;0,0
Serbia carbon tax;Taxas de Carbono;2009;;;0,0
Serbia carbon tax;Taxas de Carbono;2010;;;0,0
Serbia carbon tax;Taxas de Carbono;2011;;;0,0
Serbia carbon tax;Taxas de Carbono;2012;;;0,0
Serbia carbon tax;Taxas de Carbono;2013;;;0,0
Serbia carbon tax;Taxas de Carbono;2014;;;0,0
Serbia carbon tax;Taxas de Carbono;2015;;;0,0
Serbia carbon tax;Taxas de Carbono;2016;;;0,0
Serbia carbon tax;Taxas de Carbono;2017;;;0,0
Serbia carbon tax;Taxas de Carbono;2018;;;0,0
Serbia carbon tax;Taxas de Carbono;2019;;;0,0
Serbia carbon tax;Taxas de Carbono;2020;;;0,0
Serbia carbon tax;Taxas de Carbono;2021;;;0,0
Serbia carbon tax;Taxas de Carbono;2022;;;0,0
Serbia carbon tax;Taxas de Carbono;2023;;;0,0
Serbia carbon tax;Taxas de Carbono;2024;;;0,0
Serbia carbon tax;Taxas de Carbono;2025;;;0,0
Nigeria carbon tax;Taxas de Carbono;2025;;;0,0
